name,city,state,location,size_category,type,college_years,college_public_private,acceptance_rate,sat_25th_percentile,sat_50th_percentile,sat_75th_percentile,act_25th_percentile,act_50th_percentile,act_75th_percentile,tuition_in_state,tuition_out_state,room_board,graduation_rate,retention_rate,enrollment,student_faculty_ratio,num_majors,college_board_code,region,popular_majors,median_earnings_10_years,campus_setting,test_optional,gpa_optional,application_deadline_fall,application_fee,average_financial_aid,avg_after_aid,avg_after_aid_costs,percent_receiving_aid,transfer_acceptance_rate,latitude,longitude,housing_available,url,ipeds_id,rating
Abilene Christian University,,,,Small,Private,4,,0.66,1000,1115,1230,19,23,27,,28311,13600,0.6,0.8,3129,13,88,6001,,,,Urban,false,false,February 15,,40885,28,28311,0.84,,,,,,,49
Academy of Art University,,,,Small,Private,4,,1,,1100,,,25,,,36591,37196,0.37,1,3605,14,39,,,,,Urban,false,false,Not available,,10880,37,36591,0.52,,,,,,,21
Adams State University,,,,Small,Public,4,,0.99,935,1020,1105,17,22,26,,13800,10750,0.27,0.54,1307,13,34,,,,,Rural,false,false,Not available,,14054,14,13800,0.76,,,,,,,29
Adelphi University,,,,Medium,Private,4,,0.66,1120,1225,1330,24,27,30,,28671,21385,0.69,0.82,5276,11,108,2003,,,,Suburban,false,false,Not available,,40711,29,28671,0.65,,,,,,,55
Adler School of Professional Psychology,,,,Small,Private,,,0.5,,1200,,,25,,,30000,12000,0.7,0.8,1000,,,,,,,Urban,true,false,2024-01-15,,20000,20000,30000,0.75,,,,,,,52
Adrian College,,,,Small,Private,4,,0.73,,1100,,18,22,26,,22053,15893,0.53,0.65,1604,15,86,1001,,,,Urban,false,false,Not available,,20000,22,22053,0.7,,,,,,,42
Agnes Scott College,,,,Small,Private,4,,0.62,1160,1250,1340,25,28,31,,25609,13905,0.71,0.81,832,10,41,5002,,,,Urban,false,false,May 1,,43834,26,25609,0.84,,,,,,,54
Air Force Institute of Technology,,,,Small,Public,,,0.3,,1300,,,28,,,20000,12000,0.85,0.9,1500,,,,,,,Urban,false,false,2024-01-15,,8000,8000,20000,0.6,,,,,,,64
Alabama Agricultural and Mechanical University,,,,Medium,Public,4,,0.68,,1050,,,21,,,14064,5190,0.29,0.59,6000,19,48,,,,,Suburban,false,false,Not available,,8000,14,14064,0.6,,,,,,,21
Alabama State University,,,,Small,Public,4,,0.99,,1000,,16,18,20,,13504,7382,0.3,0.7,3603,14,47,1006,,,,Urban,false,false,Not available,,8000,14,13504,0.6,,,,,,,30
Alaska Bible College,,,,Small,Private,4,,0.7,,1100,,,25,,,14844,7000,1,0.25,300,3,2,,,,,Suburban,false,false,Not available,,15000,15,14844,0.8,,,,,,,22
Alaska Pacific University,,,,Small,Private,4,,0.99,,1150,,,24,,,23667,8932,0.41,0.82,500,8,22,,,,,Urban,false,false,Not available,,15000,24,23667,0.7,,,,,,,19
Albany College of Pharmacy,,,,Small,Private,,,0.4,,1300,,,28,,,40000,15000,0.85,0.8,1000,,,,,,,Urban,true,false,2024-01-01,,20000,20000,40000,0.7,,,,,,,59
Albany Law School,,,,Small,Private,,,0.4,,1400,,,32,,,60000,15000,0.85,0.9,800,,,,,,,Urban,true,false,2024-04-01,,20000,20000,60000,0.75,,,,,,,63
Albany Medical Center,,,,Small,Private,,,0.3,,1300,,,28,,,50000,15000,0.85,0.9,3000,,,,,,,Urban,true,false,2024-01-15,,20000,20000,50000,0.7,,,,,,,65
Albany State University,,,,Medium,Public,4,,0.6,,1100,,,25,,,13775,11336,0.29,0.7,6000,20,47,5004,,,,Urban,false,false,Not available,,8000,14,13775,0.6,,,,,,,13
Albertus Magnus College,,,,Small,Private,4,,0.59,810,935,1060,21,22,24,,30179,16258,0.46,0.67,991,17,46,3001,,,,Suburban,false,false,August 20,,34194,30,30179,0.79,,,,,,,44
Albion College,,,,Small,Private,4,,0.57,990,1110,1230,19,24,29,,18470,13180,0.57,0.71,1300,11,72,1007,,,,Rural,false,false,February 15,,57177,18,18470,0.79,,,,,,,50
Albright College,,,,Small,Private,4,,0.82,990,1090,1190,19,22,25,,22116,15176,0.42,0.73,1530,9,61,2004,,,,Urban,false,false,December 15,,20000,22,22116,0.8,,,,,,,40
Alcorn State University,,,,Small,Public,4,,0.38,,1000,,15,17,19,,13155,11060,0.45,0.76,2363,16,37,,,,,Rural,false,false,Not available,,8139,13,13155,0.95,,,,,,,49
Alderson Broaddus College,,,,Small,Private,,,0.6,,1100,,,25,,,30000,12000,0.6,0.7,1000,,,,,,,Rural,true,false,2024-01-15,,15000,15000,30000,0.7,,,,,,,46
Alfred Adler Graduate School,,,,Small,Private,,,0.5,,1100,,,25,,,20000,12000,0.7,0.8,500,,,,,,,Urban,true,false,Rolling,,20000,20000,20000,0.8,,,,,,,51
Alfred University,,,,Small,Private,4,,0.48,1110,1195,1280,24,28,32,,26127,16130,0.56,0.72,1420,8,55,2005,,,,Rural,false,false,August 1,,38342,26,26127,0.76,,,,,,,56
Alice Lloyd College,,,,Small,Private,4,,0.36,850,1040,1230,16,18,21,,18066,8906,0.26,0.57,600,14,18,1098,,,,Rural,false,false,Not available,,10000,18,18066,0.7,,,,,,,45
Allegheny College,,,,Small,Private,4,,0.55,1165,1260,1355,24,27,30,,27929,15330,0.67,0.78,1156,8,33,2006,,,,Suburban,false,false,February 15,,53304,28,27929,0.7,,,,,,,55
Allen University,,,,Small,Private,4,,0.43,,1100,,,25,,,11058,4506,0.13,0.58,800,15,13,,,,,Urban,false,false,Not available,,20000,11,11058,0.7,,,,,,,27
Alma College,,,,Small,Private,4,,0.57,1000,1094,1188,18,22,25,,24862,14748,0.64,0.85,1148,9,52,1010,,,,Rural,false,false,January 15,,44012,25,24862,0.74,,,,,,,51
Alvernia University,,,,Small,Private,4,,0.58,1103,1182,1260,23,23,23,,26166,15850,0.58,0.72,2152,14,57,2431,,,,Suburban,false,false,Not available,,35859,26,26166,0.81,,,,,,,50
Alverno College,,,,Small,Private,4,,0.86,,1100,,16,18,20,,17884,11150,0.52,0.61,631,13,73,1012,,,,Urban,false,false,Not available,,29906,18,17884,0.73,,,,,,,34
Ambassador University,,,,Small,Private,,,0.6,,1100,,,25,,,20000,12000,0.6,0.7,1000,,,,,,,Rural,true,false,Rolling,,15000,15000,20000,0.7,,,,,,,46
Amber University,,,,Medium,Public,,,0.5,,1200,,,25,,,36000,13000,0.65,0.75,8000,,,,,,,Suburban,true,false,2024-01-15,,8000,8000,36000,0.6,,,,,,,54
American Academy of Nutrition,,,,Small,Private,,,0.5,,1200,,,25,,,20000,12000,0.7,0.8,1000,,,,,,,Urban,true,false,2024-01-15,,15000,15000,20000,0.7,,,,,,,52
American Business & Technology University,,,,Small,Private For-Profit,,,0.7,,1000,,,20,,,15000,12000,0.6,0.7,800,,,,,,,Urban,true,false,Rolling,,10000,10000,15000,0.6,,,,,,,39
American Conservatory of Music,,,,Small,Private,,,0.5,,1200,,,25,,,30000,12000,0.75,0.85,1000,,,,,,,Urban,true,false,2024-01-15,,20000,20000,30000,0.7,,,,,,,53
American Conservatory Theater,,,,Small,Private,,,0.3,,1300,,,28,,,40000,15000,0.85,0.9,500,,,,,,,Urban,true,false,2024-01-01,,20000,20000,40000,0.7,,,,,,,63
American Film Institute Center for Advanced Film and Television Studies,,,,Small,Private,,,0.2,,1350,,,30,,,50000,12000,0.85,0.9,3000,,,,,,,Urban,true,false,2024-01-15,,20000,20000,50000,0.8,,,,,,,69
American Indian College,,,,Small,Private For-Profit,,,0.7,,1000,,,20,,,12000,12000,0.5,0.7,300,,,,,,,Urban,true,false,Rolling,,8000,8000,12000,0.6,,,,,,,37
American InterContinental University - Atlanta,,,,Medium,Private For-Profit,,,0.7,,1050,,,21,,,20000,12000,0.6,0.7,5000,,,,,,,Urban,true,false,Rolling,,10000,10000,20000,0.7,,,,,,,44
American InterContinental University - Ft. Lauderdale,,,,Medium,Private For-Profit,,,0.7,,1000,,,20,,,20000,12000,0.6,0.7,5000,,,,,,,Urban,true,false,Rolling,,10000,10000,20000,0.7,,,,,,,43
American InterContinental University - Georgia,,,,Medium,Private For-Profit,,,0.7,,1000,,,20,,,20000,12000,0.5,0.7,5000,,,,,,,Suburban,true,false,Rolling,,10000,10000,20000,0.6,,,,,,,41
American InterContinental University Online,,,,Medium,Private For-Profit,,,0.7,,1000,,,20,,,20000,12000,0.5,0.7,10000,,,,,,,Suburban,true,false,Rolling,,15000,15000,20000,0.7,,,,,,,42
American International College,,,,Small,Private,4,,0.58,,1100,,,24,,,42,17430,0.42,0.63,1143,17,55,3002,,,,Urban,false,false,Not available,,27360,21,42,1,,,,,,,28
American Jewish University,,,,Small,Private,,,0.5,,1200,,,25,,,35000,12000,0.7,0.8,700,,,,,,,Suburban,true,false,2024-01-15,,20000,20000,35000,0.75,,,,,,,51
American Military University,,,,Large,Private For-Profit,,,0.7,,1100,,,24,,,6000,12000,0.5,0.7,20000,,,,,,,Rural,true,false,Rolling,,8000,8000,6000,0.6,,,,,,,45
American Public University,,,,Large,Private For-Profit,,,0.7,,1100,,,25,,,12000,12000,0.5,0.7,30000,,,,,,,Suburban,true,false,Rolling,,8000,8000,12000,0.6,,,,,,,45
American University,,,,Medium,Private,4,,0.62,1300,1365,1430,29,30,32,,40189,18370,0.78,0.88,7266,10,121,5007,,,,Suburban,false,false,January 15,,47908,40,40189,0.46,,,,,,,61
American World University,,,,Medium,Private For-Profit,,,0.7,,1100,,,25,,,15000,12000,0.5,0.7,5000,,,,,,,Urban,true,false,Rolling,,8000,8000,15000,0.6,,,,,,,45
American-European School of Management,,,,Medium,Private,,,0.5,,1200,,,25,,,25000,12000,0.7,0.8,5000,,,,,,,Urban,true,false,2024-01-15,,20000,20000,25000,0.7,,,,,,,55
Amherst College,,,,Small,Private,4,,0.09,1500,1530,1560,33,34,35,,17965,19260,0.93,0.97,1914,6,39,3003,,,,Suburban,false,false,January 6,,69507,18,17965,0.57,,,,,,,84
Anderson College,,,,Small,Private,,,0.6,,1100,,,25,,,20000,12000,0.65,0.75,1500,,,,,,,Suburban,true,false,2024-01-15,,15000,15000,20000,0.7,,,,,,,48
Anderson University,,,,Small,Private,,,0.5,,1150,,,24,,,30000,12000,0.65,0.75,1500,,,,,,,Suburban,true,false,2024-01-15,,20000,20000,30000,0.7,,,,,,,50
Andon College - Modesto,,,,Small,Private For-Profit,,,0.7,,1100,,,25,,,15000,12000,0.6,0.7,1000,,,,,,,Urban,true,false,Rolling,,8000,8000,15000,0.6,,,,,,,43
Andon College - Stockton,,,,Small,Private For-Profit,,,0.7,,1100,,,25,,,15000,12000,0.6,0.75,1000,,,,,,,Urban,true,false,Rolling,,8000,8000,15000,0.6,,,,,,,44
Andrew Jackson University,,,,Small,Private For-Profit,,,0.7,,1100,,,25,,,15000,12000,0.6,0.7,1000,,,,,,,Urban,true,false,Rolling,,8000,8000,15000,0.6,,,,,,,43
Andrews University,,,,Small,Private,4,,0.09,1080,1200,1320,20,23,26,,24874,11154,0.66,0.83,993,10,118,1030,,,,Rural,false,false,May 15,,33155,25,24874,0.36,,,,,,,70
Angelo State University,,,,Medium,Public,4,,0.83,910,1030,1150,18,21,24,,12518,10820,0.41,0.68,5770,19,63,6644,,,,Suburban,false,false,Not available,,12892,13,12518,0.68,,,,,,,38
Anna Maria College,,,,Small,Private,4,,0.82,,1100,,,25,,,28732,15312,0.4,0.65,1126,12,47,3005,,,,Suburban,false,false,Not available,,20000,29,28732,0.8,,,,,,,22
Antioch New England Graduate School,,,,Small,Private,,,0.5,,1200,,,25,,,25000,12000,0.7,0.8,800,,,,,,,Rural,true,false,2024-01-15,,20000,20000,25000,0.75,,,,,,,51
Antioch College,,,,Small,Private,4,,0.89,,1150,,,24,,,10979,7640,0.26,0.72,121,6,12,1017,,,,Rural,false,false,August 1,,36025,11,10979,0.95,,,,,,,19
Antioch University Los Angeles,,,,Small,Private,4,,0.5,,1150,,,24,,,25000,12000,0.6,0.75,1000,2,8,,,,,Urban,false,false,Not available,,20000,20000,25000,0.7,,,,,,,5
Antioch University Santa Barbara,,,,Small,Private,4,,0.6,,1200,,,25,,,25000,12000,0.7,0.75,500,6,7,,,,,Urban,false,false,Not available,,20000,20000,25000,0.8,,,,,,,5
Antioch University Seattle,,,,Small,Private,,,0.5,,1200,,,25,,,20000,12000,0.7,0.8,1000,,,,,,,Urban,true,false,2024-01-15,,20000,20000,20000,0.7,,,,,,,52
Appalachian Bible College,,,,Small,Private,4,,0.99,920,1015,1110,21,24,26,,70,7,0.7,0.66,2,7,2,7305,,,,70%,false,false,Not available,,7,19,70,0.92,,,,,,,38
Appalachian State University,,,,Large,Public,4,,0.9,1140,1205,1270,21,24,27,,14712,12258,0.73,0.84,19444,16,117,5010,,,,Rural,false,false,January 1,,10203,15,14712,0.43,,,,,,,46
Aquinas College,,,,Small,Private,4,,0.91,920,1025,1130,20,23,26,,19890,12498,0.62,0.78,1014,11,96,,,,,Suburban,false,false,November 1,,38725,20,19890,0.69,,,,,,,40
Arcadia University,,,,Small,Private,4,,0.8,1070,1168,1265,26,28,30,,26994,14870,0.64,0.79,1948,10,80,2039,,,,Suburban,false,false,December 15,,20000,27,26994,0.7,,,,,,,48
Argosy University,,,,Medium,Private For-Profit,,,0.7,,1100,,,25,,,20000,12000,0.6,0.7,5000,,,,,,,Urban,true,false,Rolling,,20000,20000,20000,0.8,,,,,,,46
Argosy University - Hawaii,,,,Small,Private For-Profit,,,0.7,,1100,,,25,,,20000,12000,0.6,0.7,1500,,,,,,,Urban,true,false,Rolling,,15000,15000,20000,0.8,,,,,,,44
Arizona Christian University,,,,Small,Private,4,,0.74,1050,1125,1200,17,21,25,,41,12704,0.41,0.55,751,18,29,,,,,Urban,false,false,Not available,,18,32,41,0.7,,,,,,,37
Arizona State University,,,,Small,Public,4,,0.9,,1200,,,25,,,16401,17539,0.68,0.86,50,18,319,4007,,,,"$16,401",false,false,Not available,,17539,16,16401,0.5,,,,,,,24
"Arizona State University, Downtown Phoenix Campus",,,,Medium,Public,,,0.85,,1150,,,24,,,30000,15000,0.7,0.8,10000,,,,,,,Urban,true,false,2024-05-01,,12000,12000,30000,0.75,,,,,,,44
"Arizona State University, Polytechnic Campus",,,,Medium,Public,,,0.65,,1200,,,25,,,30500,13000,0.65,0.8,8000,,,,,,,Suburban,true,false,2024-01-01,,8000,8000,30500,0.65,,,,,,,50
"Arizona State University, Tempe Campus",,,,Large,Public,,,0.85,,1300,,,28,,,30000,12000,0.68,0.85,50000,,,,,,,Suburban,true,false,2024-01-01,,8000,8000,30000,0.65,,,,,,,46
"Arizona State University, West Campus",,,,Medium,Public,,,0.65,,1150,,,24,,,30000,12000,0.58,0.75,6000,,,,,,,Urban,true,false,2024-01-01,,8000,8000,30000,0.65,,,,,,,48
Arkansas State University,,,,Medium,Public,4,,0.8,1010,1095,1180,18,21,24,,13002,11550,0.53,0.78,9110,17,138,,,,,Suburban,false,false,March 30,,5598,13,13002,0.62,,,,,,,43
Arkansas State University: Beebe,,,,Small,Public,2,,0.7,,1050,,,21,,,8996,6550,0.5,0.62,2367,15,37,,,,,Suburban,false,false,Not available,,7000,9,8996,0.6,,,,,,,11
Arkansas State University: Mountain Home,,,,Small,Public,2,,0.7,,1050,,,21,,,9661,12000,0.55,0.63,1500,14,40,,,,,Suburban,false,false,Not available,,7000,10,9661,0.6,,,,,,,9
Arkansas State University: Newport,,,,Small,Public,2,,0.7,,1050,,,21,,,8563,12000,0.5,0.55,1308,11,35,,,,,Rural,false,false,Not available,,8000,9,8563,0.6,,,,,,,10
Arkansas Tech University,,,,Medium,Public,4,,0.96,900,956,1012,17,20,23,,11443,10338,0.43,0.74,5388,17,131,,,,,Rural,false,false,Not available,,12443,11,11443,0.64,,,,,,,35
Arlington Baptist University,,,,Small,Private,4,,0.7,,1100,,,24,,,26503,9166,0.05,0.33,500,18,5,,,,,Urban,false,false,Not available,,15000,27,26503,0.8,,,,,,,6
Armstrong Atlantic State University,,,,Medium,Public,,,0.6,,1100,,,25,,,24000,12000,0.5,0.7,6000,,,,,,,Urban,true,false,2024-01-01,,8000,8000,24000,0.6,,,,,,,48
Armstrong University,,,,Medium,Public,,,0.5,,1150,,,24,,,20000,12000,0.6,0.75,7000,,,,,,,Urban,true,false,2024-01-01,,8000,8000,20000,0.65,,,,,,,52
Art Academy of Cincinnati,,,,Small,Private,4,,0.34,,1150,,12,18,24,,28899,2985,0.44,0.64,206,9,10,1002,,,,Urban,false,false,May 1,,20000,29,28899,0.7,,,,,,,49
Art Center College of Design,,,,Small,Private,4,,0.76,,1400,,,32,,,83,15000,0.83,0.86,2019,9,13,4009,,,,Suburban,false,false,September 14,,9,53,83,0.8,,,,,,,34
Art Institute of Charlotte,,,,Small,Private For-Profit,,,0.6,,1100,,,25,,,20000,12000,0.6,0.7,1500,,,,,,,Urban,true,false,Rolling,,15000,15000,20000,0.7,,,,,,,47
Art Institute of Southern California,,,,Small,Private For-Profit,,,0.7,,1100,,,24,,,20000,12000,0.6,0.75,1500,,,,,,,Urban,true,false,Rolling,,15000,15000,20000,0.7,,,,,,,43
Arthur D. Little Management Education Institute,,,,Small,Private,,,0.3,,1300,,,28,,,40000,15000,0.85,0.9,1500,,,,,,,Urban,true,false,2024-01-15,,20000,20000,40000,0.7,,,,,,,64
Asbury College,,,,Small,Private,,,0.5,,1150,,,24,,,32000,12000,0.65,0.75,1200,,,,,,,Rural,true,false,2024-01-15,,15000,15000,32000,0.7,,,,,,,50
Ashland University,,,,Small,Private,4,,0.81,1050,1165,1280,20,23,26,,21971,13580,0.61,0.73,726,15,109,,,,,Rural,false,false,Not available,,27843,22,21971,0.52,,,,,,,41
Assumption University,,,,Small,Private,4,,0.83,1110,1180,1250,23,26,28,,29072,16344,0.75,0.84,1670,11,49,3009,,,,Suburban,false,false,April 1,,45310,29,29072,0.69,,,,,,,48
Athenaeum of Ohio,,,,Small,Private,,,0.5,,1200,,,25,,,20000,12000,0.75,0.85,500,,,,,,,Urban,true,false,2024-01-15,,20000,20000,20000,0.7,,,,,,,52
Athens State University,,,,Small,Public,4,,0.7,,1100,,,24,,,20000,8613,0.5,0.7,2446,14,62,706,,,,Suburban,false,false,Not available,,8000,8000,20000,0.6,,,,,,,5
Atlanta Christian College,,,,Small,Private,,,0.6,,1100,,,25,,,20000,12000,0.7,0.75,800,,,,,,,Suburban,true,false,2024-01-15,,15000,15000,20000,0.7,,,,,,,48
Atlanta College of Art,,,,Small,Private,,,0.5,,1200,,,25,,,25000,12000,0.7,0.8,1000,,,,,,,Urban,true,false,2024-01-15,,20000,20000,25000,0.75,,,,,,,52
Atlantic International University,,,,Small,Private For-Profit,,,0.7,,1100,,,24,,,20000,12000,0.6,0.7,1000,,,,,,,Urban,true,false,Rolling,,10000,10000,20000,0.7,,,,,,,42
Atlantic Union College,,,,Small,Private,,,0.6,,1150,,,24,,,20000,12000,0.7,0.75,800,,,,,,,Suburban,true,false,2024-01-15,,20000,20000,20000,0.8,,,,,,,47
Atlantic University,,,,Medium,Private,,,0.5,,1200,,,25,,,25000,12000,0.7,0.8,5000,,,,,,,Urban,true,false,2024-01-15,,20000,20000,25000,0.7,,,,,,,55
Auburn University,,,,Large,Public,,,0.8,,1230,,,27,,,31000,13000,0.7,0.88,30000,,,,,,,Suburban,true,false,2024-01-15,,8500,8500,31000,0.6,,,,,,,48
Auburn University at Montgomery,,,,Small,Public,4,,0.98,1028,1112,1195,18,21,24,,15458,13167,0.36,0.68,3289,13,52,1036,,,,Urban,false,false,August 1,,2845,15,15458,0.55,,,,,,,34
Audrey Cohen College,,,,Small,Private For-Profit,,,0.7,,1100,,,25,,,20000,12000,0.6,0.7,1000,,,,,,,Urban,true,false,Rolling,,15000,15000,20000,0.7,,,,,,,43
Augsburg College,,,,Small,Private,,,0.5,,1150,,,25,,,40000,13000,0.6,0.75,3000,,,,,,,Urban,true,false,2024-01-15,,25000,25000,40000,0.75,,,,,,,52
Augusta State University,,,,Medium,Public,,,0.6,,1100,,,25,,,22000,12000,0.55,0.75,7000,,,,,,,Urban,true,false,2024-01-01,,7000,7000,22000,0.6,,,,,,,49
Augustana College,,,,Small,Private,,,0.6,,1200,,,25,,,40000,13000,0.7,0.8,2500,,,,,,,Suburban,true,false,2024-01-15,,20000,20000,40000,0.7,,,,,,,50
Augustana College,,,,Small,Private,,,0.6,,1200,,,25,,,35000,12000,0.7,0.8,2000,,,,,,,Urban,true,false,2024-01-15,,20000,20000,35000,0.75,,,,,,,50
Aurora University,,,,Small,Private,,,0.5,,1150,,,24,,,32000,12000,0.6,0.75,4000,,,,,,,Suburban,true,false,2024-01-15,,15000,15000,32000,0.7,,,,,,,51
Austin College,,,,Small,Private,,,0.5,,1200,,,25,,,40000,12000,0.7,0.8,1300,,,,,,,Suburban,true,false,2024-01-15,,20000,20000,40000,0.7,,,,,,,52
Austin Community College,,,,Large,Public,,,0.7,,1100,,,25,,,24000,12000,0.5,0.7,40000,,,,,,,Urban,true,false,Rolling,,7000,7000,24000,0.6,,,,,,,44
Austin Peay State University,,,,Medium,Public,,,0.6,,1100,,,24,,,23000,12000,0.5,0.7,10000,,,,,,,Suburban,true,false,2024-01-15,,8000,8000,23000,0.6,,,,,,,48
Ave Maria University,,,,Small,Private,,,0.5,,1200,,,25,,,20000,12000,0.7,0.8,1000,,,,,,,Rural,true,false,2024-01-15,,20000,20000,20000,0.7,,,,,,,52
Averett College,,,,Small,Private,,,0.6,,1100,,,25,,,20000,12000,0.6,0.7,1000,,,,,,,Rural,true,false,2024-01-15,,15000,15000,20000,0.7,,,,,,,46
Avila College,,,,Small,Private,,,0.5,,1150,,,24,,,23000,12000,0.6,0.7,1000,,,,,,,Urban,true,false,2024-01-15,,15000,15000,23000,0.7,,,,,,,48
Azusa Pacific University,,,,Medium,Private,,,0.55,,1250,,,27,,,35000,13000,0.68,0.78,6000,,,,,,,Suburban,true,false,2024-01-15,,20000,20000,35000,0.75,,,,,,,54
Babson College,,,,Small,Private,,,0.2,,1400,,,32,,,57000,15000,0.87,0.93,3000,,,,,,,Suburban,true,false,2024-01-01,,20000,20000,57000,0.85,,,,,,,71
Baker College of Auburn Hills,,,,Small,Private For-Profit,,,0.7,,1100,,,24,,,15000,12000,0.5,0.7,2000,,,,,,,Suburban,true,false,Rolling,,8000,8000,15000,0.6,,,,,,,42
Baker College of Cadillac,,,,Small,Private For-Profit,,,0.7,,1100,,,24,,,12000,12000,0.6,0.7,1500,,,,,,,Rural,true,false,Rolling,,8000,8000,12000,0.6,,,,,,,43
Baker College of Flint,,,,Small,Private For-Profit,,,0.7,,1050,,,21,,,12000,12000,0.5,0.7,2000,,,,,,,Urban,true,false,Rolling,,8000,8000,12000,0.6,,,,,,,40
Baker College of Mount Clemens,,,,Small,Private For-Profit,,,0.7,,1100,,,25,,,15000,12000,0.5,0.7,2000,,,,,,,Suburban,true,false,Rolling,,8000,8000,15000,0.6,,,,,,,43
Baker College of Muskegon,,,,Small,Private For-Profit,,,0.7,,1050,,,21,,,12000,12000,0.5,0.7,2000,,,,,,,Suburban,true,false,Rolling,,8000,8000,12000,0.6,,,,,,,40
Baker College of Owosso,,,,Small,Private For-Profit,,,0.7,,1050,,,21,,,12000,12000,0.5,0.7,1000,,,,,,,Suburban,true,false,Rolling,,8000,8000,12000,0.6,,,,,,,39
Baker College of Port Huron,,,,Small,Private For-Profit,,,0.7,,1050,,,21,,,12000,12000,0.5,0.7,1500,,,,,,,Suburban,true,false,Rolling,,8000,8000,12000,0.6,,,,,,,39
Baker University,,,,Small,Private,,,0.6,,1100,,,25,,,30000,12000,0.6,0.7,1000,,,,,,,Rural,true,false,2024-01-15,,15000,15000,30000,0.7,,,,,,,46
Baldwin-Wallace College,,,,Small,Private,,,0.5,,1200,,,25,,,35000,13000,0.7,0.8,3000,,,,,,,Suburban,true,false,2024-01-15,,20000,20000,35000,0.7,,,,,,,54
Ball State University,,,,Large,Public,,,0.7,,1120,,,24,,,29000,12000,0.6,0.76,22000,,,,,,,Suburban,true,false,2024-01-15,,8000,8000,29000,0.6,,,,,,,47
Baltimore Hebrew University,,,,Small,Private,,,0.5,,1150,,,24,,,25000,12000,0.7,0.8,500,,,,,,,Urban,true,false,Rolling,,20000,20000,25000,0.7,,,,,,,50
Baltimore International College,,,,Small,Private For-Profit,,,0.7,,1100,,,24,,,20000,12000,0.6,0.7,1000,,,,,,,Urban,true,false,Rolling,,10000,10000,20000,0.7,,,,,,,42
Bank Street College of Education,,,,Small,Private,,,0.5,,1200,,,25,,,30000,15000,0.85,0.8,1000,,,,,,,Urban,true,false,2024-01-15,,20000,20000,30000,0.8,,,,,,,54
Baptist Bible College of Missouri,,,,Small,Private,,,0.6,,1100,,,25,,,20000,12000,0.65,0.75,800,,,,,,,Urban,true,false,Rolling,,15000,15000,20000,0.7,,,,,,,47
Baptist Bible College of Pennsylvania,,,,Small,Private,,,0.6,,1100,,,25,,,20000,12000,0.7,0.75,800,,,,,,,Suburban,true,false,2024-01-15,,20000,20000,20000,0.8,,,,,,,48
Barat College,,,,Small,Private,,,0.5,,1150,,,24,,,25000,12000,0.65,0.75,1000,,,,,,,Suburban,true,false,2024-01-15,,15000,15000,25000,0.7,,,,,,,50
Barber-Scotia College,,,,Small,Private,,,0.7,,1000,,,20,,,20000,12000,0.5,0.7,500,,,,,,,Urban,true,false,Rolling,,15000,15000,20000,0.75,,,,,,,38
Barclay College,,,,Small,Private,,,0.7,,1100,,,24,,,20000,12000,0.6,0.7,300,,,,,,,Rural,true,false,2024-01-15,,15000,15000,20000,0.8,,,,,,,42
Bard College,,,,Small,Private,,,0.65,,1350,,,30,,,57000,15000,0.85,0.9,2500,,,,,,,Rural,true,false,2024-01-15,,25000,25000,57000,0.75,,,,,,,55
Bard Graduate Center for Studies in the Decorative Arts,,,,Small,Private,,,0.3,,1350,,,30,,,50000,15000,0.85,0.9,3000,,,,,,,Urban,true,false,2024-01-15,,20000,20000,50000,0.8,,,,,,,66
Barnard College - Columbia University,,,,Small,Private,,,0.12,,1450,,,32,,,61000,16000,0.93,0.95,2500,,,,,,,Urban,true,false,2024-01-01,,40000,40000,61000,0.6,,,,,,,78
Barry University,,,,Medium,Private,,,0.5,,1150,,,24,,,32000,12000,0.65,0.75,7000,,,,,,,Suburban,true,false,2024-01-15,,20000,20000,32000,0.8,,,,,,,53
Bartlesville Wesleyan College,,,,Small,Private,,,0.6,,1100,,,25,,,20000,12000,0.65,0.75,800,,,,,,,Suburban,true,false,2024-01-15,,15000,15000,20000,0.7,,,,,,,47
Barton College,,,,Small,Private,,,0.5,,1100,,,25,,,30000,12000,0.6,0.75,1000,,,,,,,Suburban,true,false,2024-01-15,,15000,15000,30000,0.7,,,,,,,50
Bastyr University,,,,Small,Private,,,0.5,,1200,,,25,,,20000,12000,0.7,0.8,1000,,,,,,,Suburban,true,false,2024-01-15,,15000,15000,20000,0.7,,,,,,,52
Bates College,,,,Small,Private,,,0.15,,1380,,,32,,,60000,15000,0.88,0.92,2000,,,,,,,Suburban,true,false,2024-01-01,,25000,25000,60000,0.75,,,,,,,77
Bauder College,,,,Small,Private For-Profit,,,0.7,,1050,,,21,,,20000,12000,0.6,0.75,800,,,,,,,Urban,true,false,Rolling,,15000,15000,20000,0.8,,,,,,,41
Baylor College of Dentistry,,,,Small,Public,,,0.4,,1300,,,28,,,45000,12000,0.85,0.9,1000,,,,,,,Urban,false,false,2024-01-15,,10000,10000,45000,0.6,,,,,,,60
Baylor College of Medicine,,,,Small,Private,,,0.15,,1450,,,32,,,60000,15000,0.85,0.95,2000,,,,,,,Urban,false,false,2024-01-15,,20000,20000,60000,0.7,,,,,,,76
Baylor University,,,,Large,Private,,,0.5,,1300,,,28,,,50000,13000,0.7,0.8,17000,,,,,,,Suburban,true,false,2024-01-15,,20000,20000,50000,0.7,,,,,,,58
Belhaven College,,,,Small,Private,,,0.5,,1100,,,24,,,21000,12000,0.6,0.7,1500,,,,,,,Urban,true,false,2024-01-15,,20000,20000,21000,0.7,,,,,,,49
Bellarmine College,,,,Small,Private,,,0.55,,1200,,,25,,,38000,13000,0.7,0.8,3500,,,,,,,Urban,true,false,2024-01-15,,20000,20000,38000,0.75,,,,,,,52
Bellevue University,,,,Medium,Public,,,0.7,,1100,,,24,,,16000,12000,0.5,0.7,8000,,,,,,,Suburban,true,false,Rolling,,8000,8000,16000,0.6,,,,,,,44
Bellin College of Nursing,,,,Small,Private,,,0.5,,1200,,,25,,,20000,12000,0.7,0.8,700,,,,,,,Suburban,true,false,2024-01-15,,15000,15000,20000,0.7,,,,,,,51
Belmont Abbey College,,,,Small,Private,,,0.5,,1150,,,24,,,30000,12000,0.7,0.75,1200,,,,,,,Suburban,true,false,2024-01-15,,20000,20000,30000,0.8,,,,,,,51
Belmont University,,,,Medium,Private,,,0.6,,1230,,,27,,,38000,12000,0.7,0.8,8000,,,,,,,Urban,true,false,2024-01-15,,15000,15000,38000,0.7,,,,,,,54
Beloit College,,,,Small,Private,,,0.5,,1250,,,27,,,55000,13000,0.7,0.8,1200,,,,,,,Urban,true,false,2024-01-15,,20000,20000,55000,0.75,,,,,,,53
Bemidji State University,,,,Medium,Public,,,0.6,,1100,,,25,,,18000,12000,0.6,0.75,5000,,,,,,,Rural,true,false,2024-01-15,,8000,8000,18000,0.65,,,,,,,50
Benedict College,,,,Small,Private,,,0.6,,1000,,,20,,,15000,12000,0.5,0.7,2000,,,,,,,Urban,true,false,2024-08-01,,15000,15000,15000,0.7,,,,,,,42
Benedictine College,,,,Small,Private,,,0.5,,1200,,,25,,,32000,12000,0.7,0.8,1500,,,,,,,Rural,true,false,2024-01-15,,20000,20000,32000,0.8,,,,,,,52
Benedictine University,,,,Small,Private,,,0.5,,1150,,,24,,,32000,12000,0.65,0.75,4000,,,,,,,Suburban,true,false,2024-01-15,,20000,20000,32000,0.8,,,,,,,52
"Benedictine University, Springfield College in Illinois",,,,Small,Private,,,0.5,,1150,,,24,,,25000,12000,0.6,0.75,1500,,,,,,,Urban,true,false,2024-01-15,,20000,20000,25000,0.7,,,,,,,49
Bennett College,,,,Small,Private,,,0.5,,1100,,,25,,,20000,12000,0.6,0.7,500,,,,,,,Urban,true,false,2024-01-15,,20000,20000,20000,0.8,,,,,,,49
Bennington College,,,,Small,Private,,,0.2,,1350,,,30,,,58000,15000,0.85,0.88,700,,,,,,,Rural,true,false,2024-01-15,,25000,25000,58000,0.75,,,,,,,67
Bentley College,,,,Medium,Private,,,0.3,,1300,,,28,,,50000,15000,0.85,0.9,5000,,,,,,,Suburban,true,false,2024-01-15,,20000,20000,50000,0.7,,,,,,,66
Berea College,,,,Small,Private,,,0.4,,1200,,,25,,,0,12000,0.6,0.8,1500,,,,,,,Rural,true,false,2024-01-15,,15000,15000,0,0.7,,,,,,,54
Berean University of the Assemblies of God,,,,Small,Private,,,0.6,,1100,,,25,,,20000,12000,0.7,0.75,800,,,,,,,Suburban,true,false,Rolling,,15000,15000,20000,0.8,,,,,,,48
Berklee College of Music,,,,Medium,Private,,,0.25,,1350,,,30,,,50000,15000,0.85,0.9,7000,,,,,,,Urban,true,false,2024-01-15,,20000,20000,50000,0.75,,,,,,,69
Berne University,,,,Medium,Public,,,0.5,,1200,,,25,,,25000,12000,0.65,0.75,8000,,,,,,,Suburban,true,false,2024-01-15,,8000,8000,25000,0.65,,,,,,,54
Berry College,,,,Small,Private,,,0.5,,1200,,,25,,,20000,12000,0.7,0.8,2000,,,,,,,Rural,true,false,2024-01-15,,15000,15000,20000,0.7,,,,,,,53
Beth-El College of Nursing and Health Sciences,,,,Small,Public,,,0.5,,1200,,,25,,,30000,12000,0.7,0.8,3000,,,,,,,Suburban,true,false,2024-01-15,,8000,8000,30000,0.6,,,,,,,54
Bethany College California,,,,Small,Private,,,0.5,,1150,,,24,,,30000,12000,0.6,0.7,700,,,,,,,Suburban,true,false,2024-01-15,,20000,20000,30000,0.75,,,,,,,48
Bethany College Kansas,,,,Small,Private,,,0.6,,1100,,,25,,,20000,12000,0.6,0.7,600,,,,,,,Rural,true,false,2024-01-01,,15000,15000,20000,0.7,,,,,,,46
Bethany College West Virginia,,,,Small,Private,,,0.5,,1100,,,25,,,30000,12000,0.6,0.7,700,,,,,,,Rural,true,false,2024-01-15,,20000,20000,30000,0.7,,,,,,,49
Bethel College McKenzie,,,,Small,Private,,,0.5,,1100,,,25,,,20000,12000,0.6,0.7,1000,,,,,,,Rural,true,false,2024-01-01,,15000,15000,20000,0.7,,,,,,,49
Bethel College Mishawaka,,,,Small,Private,,,0.5,,1150,,,25,,,30000,12000,0.6,0.7,1000,,,,,,,Suburban,true,false,2024-01-15,,20000,20000,30000,0.7,,,,,,,49
Bethel College Newton,,,,Small,Private,,,0.6,,1100,,,25,,,25000,12000,0.6,0.75,600,,,,,,,Rural,true,false,2024-01-15,,15000,15000,25000,0.7,,,,,,,46
Bethel College St. Paul,,,,Small,Private,,,0.5,,1200,,,25,,,35000,12000,0.7,0.8,3000,,,,,,,Urban,true,false,2024-01-15,,20000,20000,35000,0.75,,,,,,,54
Bethune-Cookman College,,,,Small,Private,,,0.5,,1050,,,21,,,15000,12000,0.5,0.7,4000,,,,,,,Urban,true,false,2024-01-15,,15000,15000,15000,0.7,,,,,,,47
Biola University,,,,Medium,Private,,,0.5,,1250,,,27,,,40000,14000,0.7,0.8,6000,,,,,,,Suburban,true,false,2024-01-15,,20000,20000,40000,0.75,,,,,,,56
Birmingham-Southern College,,,,Small,Private,,,0.45,,1200,,,25,,,20000,12000,0.68,0.78,1200,,,,,,,Urban,true,false,2024-01-15,,20000,20000,20000,0.85,,,,,,,53
Black Hawk College,,,,Small,Public,,,0.7,,1100,,,23,,,16000,12000,0.6,0.75,4000,,,,,,,Suburban,true,false,Rolling,,7000,7000,16000,0.6,,,,,,,44
Black Hills State University,,,,Small,Public,,,0.7,,1100,,,24,,,18000,12000,0.6,0.75,4000,,,,,,,Rural,true,false,2024-01-15,,8000,8000,18000,0.6,,,,,,,45
Blackburn College,,,,Small,Private,,,0.6,,1100,,,25,,,20000,12000,0.6,0.7,600,,,,,,,Rural,true,false,2024-01-15,,15000,15000,20000,0.7,,,,,,,46
Blessing-Rieman College of Nursing,,,,Small,Private,,,0.6,,1100,,,25,,,20000,12000,0.7,0.8,500,,,,,,,Urban,true,false,Rolling,,15000,15000,20000,0.7,,,,,,,48
Bloomfield College,,,,Small,Private,,,0.5,,1100,,,25,,,20000,12000,0.6,0.7,1500,,,,,,,Suburban,true,false,2024-01-15,,20000,20000,20000,0.8,,,,,,,50
Bloomsburg University of Pennsylvania,,,,Medium,Public,,,0.7,,1100,,,24,,,24000,13000,0.6,0.8,8000,,,,,,,Suburban,true,false,2024-01-15,,8000,8000,24000,0.6,,,,,,,47
Blue Mountain College,,,,Small,Private,,,0.6,,1100,,,25,,,12000,12000,0.6,0.7,1000,,,,,,,Rural,true,false,2024-01-15,,8000,8000,12000,0.7,,,,,,,46
Bluefield College,,,,Small,Private,,,0.6,,1100,,,25,,,20000,12000,0.6,0.7,800,,,,,,,Rural,true,false,Rolling,,15000,15000,20000,0.7,,,,,,,46
Bluefield State College,,,,Small,Public,,,0.7,,1050,,,21,,,20000,12000,0.5,0.7,1500,,,,,,,Rural,true,false,2024-08-01,,7000,7000,20000,0.6,,,,,,,39
Bluffton College,,,,Small,Private,,,0.6,,1150,,,24,,,30000,12000,0.65,0.75,800,,,,,,,Rural,true,false,2024-01-15,,15000,15000,30000,0.7,,,,,,,46
Bob Jones University,,,,Small,Private,,,0.5,,1150,,,24,,,20000,12000,0.7,0.8,3000,,,,,,,Suburban,true,false,2024-01-15,,20000,20000,20000,0.8,,,,,,,53
Boise Bible College,,,,Small,Private,,,0.6,,1100,,,25,,,20000,12000,0.7,0.8,400,,,,,,,Urban,true,false,Rolling,,15000,15000,20000,0.7,,,,,,,48
Boise State University,,,,Large,Public,,,0.7,,1150,,,24,,,24000,12000,0.6,0.8,24000,,,,,,,Urban,true,false,2024-01-15,,8000,8000,24000,0.6,,,,,,,47
Boricua College,,,,Small,Private,,,0.6,,1100,,,25,,,20000,12000,0.6,0.7,1500,,,,,,,Urban,true,false,2024-01-15,,15000,15000,20000,0.7,,,,,,,47
Boston Architectural Center,,,,Small,Private,,,0.5,,1250,,,27,,,30000,12000,0.7,0.8,800,,,,,,,Urban,true,false,2024-01-15,,20000,20000,30000,0.7,,,,,,,53
Boston College,,,,Medium,Private,,,0.19,,1400,,,32,,,58000,15000,0.93,0.95,14000,,,,,,,Suburban,true,false,2024-01-01,,25000,25000,58000,0.75,,,,,,,80
Boston University,,,,Large,Private,,,0.18,,1400,,,32,,,60000,15000,0.87,0.93,36000,,,,,,,Urban,true,false,2024-01-01,,25000,25000,60000,0.75,,,,,,,78
Bowdoin College,,,,Small,Private,,,0.09,,1450,,,32,,,60000,15000,0.93,0.95,1800,,,,,,,Rural,true,false,2024-01-01,,25000,25000,60000,0.75,,,,,,,77
Bowie State University,,,,Medium,Public,,,0.6,,1100,,,25,,,25000,12000,0.5,0.7,6000,,,,,,,Suburban,true,false,2024-01-15,,8000,8000,25000,0.6,,,,,,,48
Bowling Green State University,,,,Large,Public,,,0.6,,1150,,,24,,,25000,12000,0.6,0.8,19000,,,,,,,Suburban,true,false,2024-01-15,,8000,8000,25000,0.6,,,,,,,50
"Bowling Green State University, Firelands",,,,Small,Public,,,0.6,,1100,,,25,,,25000,12000,0.6,0.7,1000,,,,,,,Suburban,true,false,2024-01-15,,8000,8000,25000,0.6,,,,,,,46
Bradley University,,,,Medium,Private,,,0.65,,1200,,,25,,,35000,12000,0.7,0.8,5000,,,,,,,Urban,true,false,2024-01-15,,15000,15000,35000,0.7,,,,,,,50
Brandeis University,,,,Medium,Private,,,0.3,,1350,,,30,,,60000,15000,0.87,0.92,5800,,,,,,,Suburban,true,false,2024-01-15,,25000,25000,60000,0.75,,,,,,,68
Brandman University,,,,Medium,Private For-Profit,,,0.6,,1100,,,25,,,15000,12000,0.5,0.7,7000,,,,,,,Suburban,true,false,Rolling,,10000,10000,15000,0.7,,,,,,,48
Brenau University,,,,Small,Private,,,0.5,,1100,,,25,,,28000,12000,0.6,0.7,2000,,,,,,,Suburban,true,false,2024-01-15,,15000,15000,28000,0.7,,,,,,,50
Brescia University,,,,Small,Private,,,0.6,,1100,,,24,,,20000,12000,0.6,0.7,800,,,,,,,Suburban,true,false,2024-07-01,,15000,15000,20000,0.7,,,,,,,45
Brevard College,,,,Small,Private,,,0.6,,1100,,,25,,,20000,12000,0.6,0.7,700,,,,,,,Rural,true,false,2024-01-15,,15000,15000,20000,0.7,,,,,,,46
Brewton-Parker College,,,,Small,Private,,,0.6,,1100,,,25,,,12000,12000,0.5,0.7,800,,,,,,,Rural,true,false,2024-08-01,,10000,10000,12000,0.7,,,,,,,44
Breyer State University (Virtual University),,,,Medium,Private For-Profit,,,0.7,,1100,,,25,,,15000,12000,0.6,0.7,5000,,,,,,,Urban,true,false,Rolling,,10000,10000,15000,0.6,,,,,,,46
Briar Cliff College,,,,Small,Private,,,0.5,,1100,,,25,,,32000,12000,0.6,0.7,1000,,,,,,,Urban,true,false,2024-01-15,,15000,15000,32000,0.7,,,,,,,49
Bridgewater College,,,,Small,Private,,,0.5,,1100,,,25,,,20000,12000,0.6,0.75,1500,,,,,,,Rural,true,false,2024-01-15,,15000,15000,20000,0.7,,,,,,,50
Bridgewater State College,,,,Medium,Public,,,0.65,,1150,,,24,,,24000,13000,0.65,0.75,10000,,,,,,,Suburban,true,false,2024-01-01,,8000,8000,24000,0.6,,,,,,,49
Brigham Young University,,,,Large,Private,,,0.67,,1250,,,27,,,11600,12000,0.78,0.85,19000,,,,,,,Rural,false,false,2024-01-15,,8000,8000,11600,0.6,,,,,,,53
Brigham Young University,,,,Large,Private,,,0.6,,1300,,,28,,,12000,12000,0.85,0.9,35000,,,,,,,Suburban,false,false,2024-01-01,,8000,8000,12000,0.7,,,,,,,57
Brigham Young University Hawaii,,,,Small,Private,,,0.5,,1200,,,25,,,6000,12000,0.7,0.8,3000,,,,,,,Rural,true,false,2024-01-15,,10000,10000,6000,0.7,,,,,,,54
Brooklyn Law School,,,,Small,Private,,,0.4,,1400,,,32,,,65000,15000,0.85,0.9,1000,,,,,,,Urban,true,false,2024-04-01,,20000,20000,65000,0.7,,,,,,,63
Brooks Institute of Photography,,,,Small,Private For-Profit,,,0.6,,1150,,,24,,,20000,12000,0.6,0.7,800,,,,,,,Urban,true,false,Rolling,,15000,15000,20000,0.7,,,,,,,45
Brown University,,,,Medium,Private,,,0.05,,1480,,,33,,,60000,15000,0.94,0.97,10000,,,,,,,Urban,true,false,2024-01-01,,30000,30000,60000,0.7,,,,,,,81
Brunswick Community College,,,,Small,Public,,,0.7,,1050,,,21,,,9000,12000,0.5,0.7,1500,,,,,,,Rural,true,false,Rolling,,7000,7000,9000,0.6,,,,,,,39
Bryan College,,,,Small,Private,,,0.6,,1150,,,24,,,25000,12000,0.65,0.75,800,,,,,,,Rural,true,false,2024-01-15,,15000,15000,25000,0.7,,,,,,,46
Bryant and Stratton College,,,,Small,Private For-Profit,,,0.7,,1050,,,21,,,20000,12000,0.6,0.7,3000,,,,,,,Urban,true,false,Rolling,,10000,10000,20000,0.7,,,,,,,42
Bryant University,,,,Small,Private,,,0.55,,1230,,,27,,,46000,14000,0.75,0.85,3500,,,,,,,Suburban,true,false,2024-01-15,,20000,20000,46000,0.75,,,,,,,55
Bryn Athyn College of the New Church,,,,Small,Private,,,0.5,,1200,,,25,,,30000,13000,0.7,0.8,400,,,,,,,Suburban,true,false,2024-01-15,,20000,20000,30000,0.8,,,,,,,51
Bryn Mawr College,,,,Small,Private,,,0.2,,1350,,,30,,,57000,15000,0.88,0.93,1300,,,,,,,Suburban,true,false,2024-01-15,,25000,25000,57000,0.75,,,,,,,69
Bucknell University,,,,Small,Private,,,0.3,,1350,,,30,,,60000,15000,0.88,0.92,3600,,,,,,,Rural,true,false,2024-01-15,,25000,25000,60000,0.7,,,,,,,67
Buena Vista University,,,,Small,Private,,,0.5,,1150,,,24,,,30000,12000,0.6,0.7,1000,,,,,,,Rural,true,false,2024-01-15,,15000,15000,30000,0.7,,,,,,,48
Burlington College,,,,Small,Private,,,0.5,,1200,,,25,,,30000,12000,0.7,0.75,500,,,,,,,Urban,true,false,2024-01-15,,20000,20000,30000,0.8,,,,,,,51
Butler University,,,,Medium,Private,,,0.76,,1230,,,27,,,43000,13000,0.76,0.85,5000,,,,,,,Urban,true,false,2024-01-15,,21000,21000,43000,0.85,,,,,,,50
Cabrini College,,,,Small,Private,,,0.5,,1150,,,24,,,35000,13000,0.65,0.75,1500,,,,,,,Suburban,true,false,2024-01-15,,20000,20000,35000,0.8,,,,,,,50
Caldwell College,,,,Small,Private,,,0.5,,1100,,,25,,,35000,12000,0.7,0.75,1500,,,,,,,Suburban,true,false,2024-01-15,,20000,20000,35000,0.7,,,,,,,52
California Baptist College,,,,Medium,Private,,,0.55,,1200,,,25,,,35000,13000,0.65,0.75,11000,,,,,,,Suburban,true,false,2024-01-15,,20000,20000,35000,0.75,,,,,,,53
California Coast University,,,,Small,Private For-Profit,,,0.7,,1000,,,20,,,12000,12000,0.6,0.7,1000,,,,,,,Urban,true,false,Rolling,,10000,10000,12000,0.7,,,,,,,40
California College for Health Sciences,,,,Small,Private For-Profit,,,0.7,,1100,,,25,,,15000,12000,0.6,0.75,2000,,,,,,,Urban,true,false,Rolling,,10000,10000,15000,0.6,,,,,,,45
California College of Arts and Crafts,,,,Small,Private,,,0.5,,1200,,,25,,,50000,12000,0.7,0.8,1000,,,,,,,Urban,true,false,2024-01-15,,20000,20000,50000,0.75,,,,,,,52
California College of Podiatric Medicine,,,,Small,Private,,,0.5,,1200,,,25,,,40000,15000,0.85,0.8,600,,,,,,,Urban,false,false,2024-01-15,,20000,20000,40000,0.7,,,,,,,53
California College San Diego,,,,Small,Private For-Profit,,,0.7,,1050,,,21,,,20000,12000,0.6,0.75,1000,,,,,,,Urban,true,false,Rolling,,10000,10000,20000,0.7,,,,,,,41
California Institute of Integral Studies,,,,Small,Private,4,,0.5,,1200,,,25,,,30000,15000,0.7,0.8,98,13,13,,,,,Urban,false,false,Not available,,20000,20000,30000,0.75,,,,,,,3
California Institute of Technology,,,,Small,Private,4,,0.03,,1530,,,34,,,23397,20991,0.93,0.97,987,3,42,4034,,,,Suburban,false,false,January 3,,74780,23,23397,0.5,,,,,,,60
California Institute of the Arts,,,,Small,Private,4,,0.26,,1300,,,28,,,57288,17202,0.64,0.85,902,7,24,4049,,,,Suburban,false,false,January 5,,25000,57,57288,0.75,,,,,,,46
California Lutheran University,,,,Small,Private,4,,0.76,1120,1225,1330,24,28,31,,27080,17540,0.74,0.79,2296,13,60,4088,,,,Suburban,false,false,January 1,,44456,27,27080,0.68,,,,,,,51
California State University Maritime Academy,,,,Small,Public,4,,0.96,,1200,,,25,,,16081,15190,0.67,0.73,1000,12,11,,,,,Suburban,false,false,Not available,,14099,16,16081,0.6,,,,,,,22
California Polytechnic State University - San Luis Obispo,,,,Large,Public,,,0.3,,1350,,,30,,,35000,15000,0.7,0.9,20000,,,,,,,Suburban,false,false,2024-01-01,,8000,8000,35000,0.6,,,,,,,66
California School of Professional Psychology - Berkley/Alameda,,,,Small,Private,,,0.5,,1200,,,25,,,30000,12000,0.7,0.8,1000,,,,,,,Urban,true,false,Rolling,,20000,20000,30000,0.75,,,,,,,52
California School of Professional Psychology - Fresno,,,,Small,Private,,,0.5,,1150,,,24,,,20000,12000,0.7,0.8,1000,,,,,,,Urban,true,false,Rolling,,20000,20000,20000,0.7,,,,,,,51
California School of Professional Psychology - Los Angels,,,,Small,Private,,,0.5,,1200,,,25,,,25000,15000,0.7,0.8,1000,,,,,,,Urban,true,false,Rolling,,20000,20000,25000,0.75,,,,,,,52
California School of Professional Psychology - San Diego,,,,Small,Private,,,0.5,,1200,,,25,,,30000,12000,0.7,0.8,1000,,,,,,,Urban,true,false,Rolling,,20000,20000,30000,0.7,,,,,,,52
California State Polytechnic University - Pomona,,,,Large,Public,,,0.55,,1300,,,28,,,20000,13000,0.66,0.85,26000,,,,,,,Suburban,true,false,2024-01-15,,8000,8000,20000,0.65,,,,,,,55
California State University: Bakersfield,,,,Medium,Public,4,,0.85,940,1050,1160,19,23,27,,6567,15598,0.49,0.78,8577,19,50,,,,,Suburban,false,false,November 30,,14622,7,6567,0.82,,,,,,,41
California State University: Channel Islands,,,,Medium,Public,4,,0.86,,1150,,,24,,,10931,17590,0.53,0.75,7000,17,34,,,,,Rural,false,false,Not available,,8000,11,10931,0.65,,,,,,,22
California State University: Chico,,,,Medium,Public,4,,0.92,990,1142,1293,23,26,28,,15187,16500,0.64,0.81,13231,21,90,4048,,,,Rural,false,false,December 15,,12112,15,15187,0.57,,,,,,,44
California State University: Dominguez Hills,,,,Medium,Public,4,,0.89,790,860,930,15,15,15,,4438,19182,0.47,0.71,13318,25,78,,,,,Suburban,false,false,Not available,,6626,4,4438,0.68,,,,,,,32
California State University: Fresno,,,,Large,Public,4,,0.94,920,1055,1190,21,24,28,,7303,11960,0.55,0.81,21540,23,100,,,,,Urban,false,false,December 15,,14723,7,7303,0.73,,,,,,,40
California State University: Fullerton,,,,Large,Public,4,,0.91,860,965,1070,22,26,30,,6283,21157,0.69,0.82,38383,25,85,,,,,Suburban,false,false,November 30,,8692,6,6283,0.52,,,,,,,43
"California State University, Hayward",,,,Medium,Public,,,0.5,,1150,,,24,,,18000,13000,0.65,0.75,12000,,,,,,,Suburban,true,false,2024-01-01,,8000,8000,18000,0.6,,,,,,,53
California State University: Long Beach,,,,Large,Public,4,,0.46,,1230,,,25,,,9731,16666,0.7,0.86,35843,26,126,,,,,Suburban,false,false,November 30,,13887,10,9731,0.78,,,,,,,39
California State University: Los Angeles,,,,Large,Public,4,,0.93,850,948,1045,16,20,24,,4551,18658,0.53,0.72,19330,22,99,,,,,Urban,false,false,December 15,,16553,5,4551,0.86,,,,,,,36
California State University: Monterey Bay,,,,Medium,Public,4,,0.97,900,1060,1220,20,23,26,,15222,17514,0.63,0.8,6910,26,40,,,,,Suburban,false,false,December 16,,13954,15,15222,0.64,,,,,,,39
California State University: Northridge,,,,Large,Public,4,,0.92,,1150,,16,19,22,,8222,21350,0.56,0.73,32499,25,114,,,,,Urban,false,false,November 30,,13692,8,8222,0.81,,,,,,,34
California State University: Sacramento,,,,Large,Public,4,,0.94,880,990,1100,16,20,24,,11183,19644,0.56,0.8,28825,21,80,4671,,,,Urban,false,false,December 15,,15909,11,11183,0.7,,,,,,,37
"California State University, San Bernadino",,,,Large,Public,,,0.65,,1100,,,24,,,20000,13000,0.6,0.75,20000,,,,,,,Urban,true,false,2024-01-15,,8000,8000,20000,0.6,,,,,,,48
California State University: San Marcos,,,,Medium,Public,4,,0.95,880,975,1070,18,20,23,,10500,17138,0.54,0.78,14877,24,61,5677,,,,Suburban,false,false,January 31,,13135,11,10500,0.61,,,,,,,36
"California State University, Stanislaus",,,,Medium,Public,4,,0.97,900,990,1080,15,18,20,,7316,13310,0.58,0.8,8565,17,56,,,,,Suburban,false,false,Not available,,17108,7,7316,0.79,,,,,,,36
California University of Management and Sciences,,,,Small,Private,4,,0.7,,1100,,,24,,,15000,12000,0.6,0.7,1000,,,,,,,Urban,false,false,Not available,,10000,10000,15000,0.7,,,,,,,
California University of Pennsylvania,,,,Medium,Public,,,0.6,,1100,,,25,,,24000,12000,0.6,0.7,6000,,,,,,,Rural,true,false,2024-01-15,,8000,8000,24000,0.6,,,,,,,50
California Western School of Law,,,,Small,Private,,,0.5,,1450,,,32,,,55000,15000,0.85,0.9,700,,,,,,,Urban,true,false,2024-04-01,,20000,20000,55000,0.8,,,,,,,60
Calumet College of St. Joseph,,,,Small,Private,4,,0.57,,1100,,13,18,22,,17377,10000,0.31,0.4,560,13,20,1776,,,,Urban,false,false,Not available,,18411,17,17377,0.84,,,,,,,37
Calvary Bible College,,,,Small,Private,,,0.7,,1100,,,25,,,20000,12000,0.6,0.75,500,,,,,,,Suburban,true,false,2024-01-01,,20000,20000,20000,0.8,,,,,,,43
Calvin College,,,,Small,Private,,,0.6,,1250,,,27,,,35000,12000,0.78,0.85,3500,,,,,,,Suburban,true,false,2024-01-15,,25000,25000,35000,0.7,,,,,,,54
Cambridge College,,,,Small,Private,4,,0.3,,1100,,,25,,,20000,12000,0.13,1,803,14,43,3612,,,,Urban,false,false,September 1,,9623,20000,20000,0.58,,,,,,,37
Cameron University,,,,Small,Public,4,,1,,1100,,15,18,20,,11094,11110,0.28,0.67,2492,18,44,6080,,,,Suburban,false,false,Not available,,10538,11,11094,0.65,,,,,,,27
Campbell University,,,,Small,Private,4,,0.87,1090,1185,1280,19,22,26,,24517,14766,0.55,0.76,2680,13,103,5100,,,,Rural,false,false,August 10,,41439,25,24517,0.73,,,,,,,42
Campbellsville University,,,,Small,Private,4,,0.77,940,1030,1120,17,20,24,,18777,9392,0.46,0.61,2654,17,87,,,,,Rural,false,false,Not available,,20147,19,18777,0.87,,,,,,,38
Canisius College,,,,Small,Private,4,,0.72,1040,1130,1220,23,26,30,,19321,13560,0.71,0.73,1685,11,75,2073,,,,Urban,false,false,Not available,,32545,19,19321,0.63,,,,,,,49
Capella University,,,,Medium,Private,4,,0.6,,1100,,,25,,,16975,12000,0.25,0.36,10000,35,105,,,,,Urban,false,false,Not available,,10000,17,16975,0.7,,,,,,,7
Capital University,,,,Small,Private,4,,0.7,900,1030,1160,18,22,25,,22480,13388,0.66,0.76,1585,9,74,1099,,,,Suburban,false,false,August 1,,35232,22,22480,0.77,,,,,,,47
Capital University Law School,,,,Small,Private,,,0.4,,1400,,,32,,,45000,12000,0.7,0.8,500,,,,,,,Urban,true,false,2024-04-01,,20000,20000,45000,0.7,,,,,,,59
Capitol College,,,,Small,Private,,,0.6,,1100,,,25,,,20000,12000,0.6,0.7,800,,,,,,,Suburban,true,false,2024-01-01,,15000,15000,20000,0.7,,,,,,,46
Cardinal Stritch University,,,,Small,Private,,,0.5,,1150,,,24,,,30000,12000,0.65,0.75,2000,,,,,,,Suburban,true,false,2024-01-15,,20000,20000,30000,0.8,,,,,,,51
Carleton College,,,,Small,Private,,,0.2,,1450,,,32,,,60000,15000,0.9,0.95,2000,,,,,,,Rural,true,false,2024-01-15,,25000,25000,60000,0.7,,,,,,,71
Carlos Albizu University,,,,Small,Private,,,0.7,,1100,,,24,,,20000,12000,0.6,0.7,1500,,,,,,,Urban,true,false,Rolling,,15000,15000,20000,0.75,,,,,,,43
Carlow College,,,,Small,Private,,,0.5,,1150,,,24,,,20000,12000,0.65,0.75,1200,,,,,,,Urban,true,false,2024-01-15,,20000,20000,20000,0.7,,,,,,,50
Carnegie Mellon University,,,,Medium,Private,4,,0.12,1510,1535,1560,34,34,35,,32964,18894,0.93,0.98,7744,6,184,2074,,,,Urban,false,false,January 5,,56005,33,32964,0.39,,,,,,,87
Carroll College Helena,,,,Small,Private,,,0.5,,1200,,,25,,,30000,12000,0.7,0.8,1000,,,,,,,Urban,true,false,2024-01-15,,15000,15000,30000,0.7,,,,,,,52
Carroll College Waukesha,,,,Small,Private,,,0.5,,1200,,,25,,,30000,12000,0.7,0.8,1500,,,,,,,Suburban,true,false,2024-01-15,,20000,20000,30000,0.7,,,,,,,52
Carson-Newman College,,,,Small,Private,,,0.5,,1100,,,24,,,30000,12000,0.65,0.75,2000,,,,,,,Suburban,true,false,2024-01-15,,15000,15000,30000,0.7,,,,,,,51
Carthage College,,,,Small,Private,,,0.5,,1150,,,24,,,34000,12000,0.65,0.75,2500,,,,,,,Suburban,true,false,2024-01-15,,20000,20000,34000,0.8,,,,,,,51
Case Western Reserve University,,,,Medium,Private,,,0.3,,1400,,,32,,,60000,15000,0.85,0.9,11000,,,,,,,Urban,true,false,2024-01-15,,20000,20000,60000,0.7,,,,,,,70
Castleton State College,,,,Small,Public,,,0.7,,1100,,,24,,,30000,12000,0.6,0.75,2000,,,,,,,Rural,true,false,2024-01-15,,8000,8000,30000,0.6,,,,,,,44
Catawba College,,,,Small,Private,,,0.5,,1100,,,24,,,30000,12000,0.6,0.7,1200,,,,,,,Suburban,true,false,2024-01-15,,20000,20000,30000,0.7,,,,,,,49
Catholic Theological Union,,,,Small,Private,,,0.5,,1200,,,25,,,20000,12000,0.7,0.8,500,,,,,,,Urban,true,false,2024-01-15,,20000,20000,20000,0.8,,,,,,,51
Cedar Crest College,,,,Small,Private,,,0.5,,1150,,,24,,,38000,13000,0.65,0.75,1200,,,,,,,Suburban,true,false,2024-01-15,,20000,20000,38000,0.8,,,,,,,50
Cedarville University,,,,Small,Private,4,,0.65,1140,1240,1340,22,26,29,,27047,10084,0.74,0.9,4024,15,78,1151,,,,Rural,false,false,August 1,,28674,27,27047,0.64,,,,,,,54
Centenary University,,,,Small,Private,4,,0.74,,1100,,15,20,25,,22838,14114,0.56,0.76,939,11,50,,,,,Suburban,false,false,September 1,,25153,23,22838,0.97,,,,,,,42
Centenary College of Louisiana,,,,Small,Private,4,,0.56,1053,1119,1185,20,22,25,,25427,15200,0.59,0.7,685,10,27,6082,,,,Urban,false,false,July 15,,31064,25,25427,0.86,,,,,,,48
Center for Humanistic Studies,,,,Small,Private,,,0.5,,1200,,,25,,,25000,12000,0.7,0.8,1500,,,,,,,Urban,true,false,2024-01-15,,20000,20000,25000,0.75,,,,,,,52
Central Baptist College,,,,Small,Private,4,,0.64,835,965,1095,17,20,22,,16672,9000,0.43,0.62,449,12,32,788,,,,Urban,false,false,August 15,,12123,17,16672,0.9,,,,,,,41
Central Bible College,,,,Small,Private,,,0.6,,1100,,,25,,,20000,12000,0.7,0.75,600,,,,,,,Urban,true,false,2024-01-01,,20000,20000,20000,0.8,,,,,,,48
Central Christian College Of The Bible,,,,Small,Private,4,,0.14,940,1010,1080,16,18,20,,13695,11300,0.33,0.68,500,9,14,,,,,Rural,false,false,Not available,,15000,14,13695,0.7,,,,,,,58
Central College,,,,Small,Private,,,0.6,,1200,,,25,,,40000,12000,0.7,0.8,1200,,,,,,,Rural,true,false,2024-01-15,,20000,20000,40000,0.7,,,,,,,49
Central Connecticut State University,,,,Medium,Public,,,0.7,,1100,,,24,,,25000,15000,0.6,0.8,12000,,,,,,,Suburban,true,false,2024-08-01,,10000,10000,25000,0.7,,,,,,,47
Central Methodist University,,,,Small,Private,4,,0.57,1000,1020,1040,17,20,23,,25050,9790,0.54,0.61,1040,12,46,6089,,,,Rural,false,false,August 15,,21387,25,25050,0.43,,,,,,,45
Central Michigan University,,,,Large,Public,,,0.65,,1120,,,23,,,24000,12000,0.65,0.75,19000,,,,,,,Suburban,true,false,2024-01-15,,8000,8000,24000,0.65,,,,,,,48
Central State University,,,,Small,Public,4,,0.99,770,860,950,14,16,18,,14821,12556,0.26,0.56,2630,16,39,1107,,,,Rural,false,false,Not available,,8752,15,14821,0.77,,,,,,,25
Central Washington University,,,,Medium,Public,4,,0.85,,1100,,17,20,23,,15558,16480,0.5,0.68,10705,14,167,,,,,Rural,false,false,Not available,,8000,16,15558,0.6,,,,,,,40
Centre College,,,,Small,Private,4,,0.76,1150,1265,1380,26,29,32,,23780,14850,0.85,0.9,1401,10,28,1109,,,,Suburban,false,false,January 15,,44777,24,23780,0.6,,,,,,,54
Chadron State College,,,,Small,Public,4,,0.7,,1050,,,21,,,13852,10100,0.38,0.72,2500,16,44,,,,,Rural,false,false,Not available,,8000,14,13852,0.6,,,,,,,15
Chaminade University of Honolulu,,,,Small,Private,4,,0.52,,1150,,,24,,,27695,18210,0.63,0.4,1817,12,43,,,,,Urban,false,false,April 15,,31290,28,27695,0.41,,,,,,,33
Champlain College,,,,Small,Private,4,,0.56,1170,1255,1340,27,29,31,,36846,18200,0.63,0.83,1670,11,57,3291,,,,Suburban,false,false,January 3,,37618,37,36846,0.63,,,,,,,56
Chapman University,,,,Small,Private,4,,0.65,1280,1345,1410,28,30,31,,80,48113,0.8,0.92,53,12,95,4047,,,,"$48,037",false,false,January 15,,12,48,80,0.75,,,,,,,56
Charles R Drew University of Medicine and Science,,,,Small,Private,4,,0.67,,1100,,,25,,,27789,13000,0.5,0.5,236,5,11,4982,,,,Urban,false,false,August 1,,13282,28,27789,0.82,,,,,,,28
Charleston Southern University,,,,Small,Private,,,0.6,,1150,,,24,,,20000,12000,0.5,0.7,3000,,,,,,,Suburban,true,false,2024-01-15,,10000,10000,20000,0.7,,,,,,,46
Charter Oak State College,,,,Small,Public,4,,0.7,,1100,,,25,,,15663,12000,0.5,1,1473,13,28,,,,,Suburban,false,false,Not available,,8000,16,15663,0.6,,,,,,,14
Chatham University,,,,Small,Private,4,,0.62,1080,1175,1270,21,26,30,,66,13600,0.66,0.78,1235,10,70,2081,,,,Urban,false,false,August 1,,10,29,66,0.75,,,,,,,52
Chestnut Hill College,,,,Small,Private,4,,0.98,890,990,1090,,24,,,28583,12600,0.56,0.67,939,10,60,2082,,,,Suburban,false,false,August 17,,34397,29,28583,0.84,,,,,,,33
Cheyney University of Pennsylvania,,,,Small,Public,4,,0.74,830,950,1070,,20,,,8460,11016,0.16,0.7,587,15,19,,,,,Rural,false,false,Not available,,8000,8,8460,0.6,,,,,,,32
Chicago State University,,,,Small,Public,4,,0.47,,1000,,,20,,,9852,12810,0.17,0.41,1496,10,53,1118,,,,Urban,false,false,Not available,,15654,10,9852,0.93,,,,,,,28
Chowan University,,,,Small,Private,4,,0.68,800,875,950,14,16,17,,15845,9990,0.29,0.56,1259,16,31,5107,,,,Rural,false,false,Not available,,15000,16,15845,0.8,,,,,,,34
Christendom College,,,,Small,Private,4,,0.86,1230,1330,1430,27,29,31,,30000,13220,0.85,0.78,500,13,,5691,,,,Rural,false,false,Not available,,13,20000,30000,0.8,,,,,,,35
Christian Brothers University,,,,Small,Private,4,,0.88,515,578,640,18,20,23,,17068,9830,0.56,0.73,953,9,74,1121,,,,Urban,false,false,Not available,,15000,17,17068,0.7,,,,,,,38
Christian Heritage College,,,,Small,Private,,,0.5,,1100,,,25,,,20000,12000,0.6,0.7,800,,,,,,,Suburban,true,false,Rolling,,20000,20000,20000,0.7,,,,,,,49
Christopher Newport University,,,,Medium,Public,,,0.6,,1200,,,25,,,30000,13000,0.6,0.8,5000,,,,,,,Suburban,true,false,2024-01-15,,8000,8000,30000,0.6,,,,,,,50
Circleville Bible College,,,,Small,Private,,,0.6,,1100,,,25,,,20000,12000,0.7,0.8,500,,,,,,,Rural,true,false,Rolling,,20000,20000,20000,0.75,,,,,,,48
City University,,,,Large,Public,,,0.5,,1250,,,27,,,36000,13000,0.65,0.75,20000,,,,,,,Urban,true,false,2024-01-15,,8000,8000,36000,0.65,,,,,,,55
City University of New York (CUNY) System,,,,Large,Public,,,0.65,,1100,,,25,,,21000,15000,0.55,0.75,270000,,,,,,,Urban,true,false,2024-01-01,,8000,8000,21000,0.65,,,,,,,47
City University of New York Medical School / Sophie Davis School of Biomedical Education,,,,Small,Public,,,0.3,,1350,,,29,,,24000,15000,0.7,0.85,3000,,,,,,,Urban,true,false,2024-01-15,,8000,8000,24000,0.6,,,,,,,63
"City University of New York, Bernard M. Baruch College",,,,Large,Public,,,0.45,,1300,,,28,,,19000,15000,0.65,0.85,19000,,,,,,,Urban,true,false,2024-01-01,,8000,8000,19000,0.6,,,,,,,59
"City University of New York, Brooklyn College",,,,Large,Public,,,0.5,,1200,,,25,,,21000,14000,0.6,0.8,17000,,,,,,,Urban,true,false,2024-01-01,,7000,7000,21000,0.6,,,,,,,54
"City University of New York, City College",,,,Medium,Public,,,0.6,,1200,,,25,,,18000,15000,0.6,0.8,15000,,,,,,,Urban,true,false,2024-01-01,,8000,8000,18000,0.6,,,,,,,51
City University of New York: College of Staten Island,,,,Medium,Public,4,,0.92,,1100,,,25,,,48,12000,0.48,0.76,9656,18,98,2778,,,,Urban,false,false,Not available,,8871,6,48,0.6,,,,,,,24
"City University of New York, Graduate School and University Center",,,,Medium,Public,,,0.5,,1300,,,28,,,20000,15000,0.65,0.85,8000,,,,,,,Urban,true,false,2024-01-01,,8000,8000,20000,0.6,,,,,,,57
City University of New York: Hunter College,,,,Large,Public,4,,0.54,1120,1260,1400,,28,,,61,15000,0.61,0.77,16289,13,156,2301,,,,Urban,false,false,Not available,,13,4,61,0.6,,,,,,,56
City University of New York: John Jay College of Criminal Justice,,,,Medium,Public,4,,0.57,,1200,,,25,,,4141,15000,0.55,0.82,11588,16,50,2115,,,,Urban,false,false,Not available,,5877,4,4141,0.81,,,,,,,36
"City University of New York, Lehman College",,,,Medium,Public,,,0.6,,1100,,,25,,,20000,13000,0.5,0.7,12000,,,,,,,Urban,true,false,2024-01-01,,8000,8000,20000,0.6,,,,,,,48
"City University of New York, Medgar Evers College",,,,Medium,Public,,,0.6,,1100,,,25,,,21000,12000,0.5,0.7,6000,,,,,,,Urban,true,false,2024-01-15,,8000,8000,21000,0.6,,,,,,,48
"City University of New York, New York City Technical College",,,,Medium,Public,,,0.65,,1100,,,25,,,21000,12000,0.55,0.75,12000,,,,,,,Urban,true,false,2024-06-01,,8000,8000,21000,0.65,,,,,,,48
"City University of New York, Queens College",,,,Large,Public,,,0.5,,1200,,,25,,,22000,14000,0.6,0.8,19000,,,,,,,Urban,true,false,2024-01-01,,8000,8000,22000,0.6,,,,,,,54
"City University of New York, School of Law at Queens College",,,,Medium,Public,,,0.5,,1300,,,28,,,45000,12000,0.7,0.85,5000,,,,,,,Urban,true,false,2024-01-15,,8000,8000,45000,0.6,,,,,,,58
"City University of New York, York College",,,,Medium,Public,,,0.6,,1100,,,25,,,21000,12000,0.55,0.75,8000,,,,,,,Urban,true,false,2024-01-15,,8000,8000,21000,0.6,,,,,,,49
Claflin College,,,,Small,Private,,,0.6,,1100,,,24,,,15000,12000,0.6,0.7,2000,,,,,,,Rural,true,false,2024-01-15,,15000,15000,15000,0.7,,,,,,,46
Claremont Graduate University,,,,Small,Private,,,0.3,,1350,,,30,,,50000,15000,0.85,0.9,2000,,,,,,,Suburban,true,false,2024-01-15,,25000,25000,50000,0.8,,,,,,,65
Claremont Lincoln University,,,,Small,Private,,,0.5,,1200,,,25,,,20000,12000,0.7,0.8,500,,,,,,,Suburban,true,false,Rolling,,15000,15000,20000,0.75,,,,,,,51
Claremont McKenna College,,,,Small,Private,,,0.1,,1450,,,32,,,59000,15000,0.9,0.95,1300,,,,,,,Suburban,true,false,2024-01-01,,25000,25000,59000,0.8,,,,,,,76
Clarion University,,,,Medium,Public,,,0.6,,1100,,,25,,,24000,12000,0.6,0.7,5000,,,,,,,Rural,true,false,2024-01-15,,8000,8000,24000,0.6,,,,,,,49
Clark Atlanta University,,,,Small,Private,,,0.6,,1100,,,25,,,25000,12000,0.6,0.7,3500,,,,,,,Urban,true,false,2024-01-15,,15000,15000,25000,0.7,,,,,,,48
Clark University,,,,Small,Private,,,0.35,,1300,,,28,,,53000,15000,0.78,0.85,3500,,,,,,,Urban,true,false,2024-01-01,,25000,25000,53000,0.85,,,,,,,62
Clarke College,,,,Small,Private,,,0.5,,1100,,,25,,,30000,12000,0.65,0.75,1000,,,,,,,Urban,true,false,2024-01-15,,20000,20000,30000,0.7,,,,,,,50
Clarkson College,,,,Small,Private,,,0.5,,1200,,,25,,,20000,12000,0.7,0.8,1000,,,,,,,Urban,true,false,2024-01-15,,15000,15000,20000,0.7,,,,,,,52
Clarkson University,,,,Small,Private,,,0.6,,1300,,,28,,,50000,13000,0.7,0.85,4000,,,,,,,Rural,true,false,2024-01-15,,15000,15000,50000,0.7,,,,,,,53
Clayton College & State University,,,,Medium,Public,,,0.6,,1100,,,25,,,18000,12000,0.5,0.7,7000,,,,,,,Suburban,true,false,2024-01-01,,8000,8000,18000,0.6,,,,,,,48
Clearwater Christian College,,,,Small,Private,,,0.6,,1100,,,25,,,20000,12000,0.7,0.75,800,,,,,,,Suburban,true,false,2024-01-01,,20000,20000,20000,0.8,,,,,,,48
Cleary College,,,,Small,Private For-Profit,,,0.7,,1100,,,25,,,15000,12000,0.6,0.7,500,,,,,,,Suburban,true,false,Rolling,,8000,8000,15000,0.6,,,,,,,43
Clemson University,,,,Large,Public,,,0.5,,1350,,,30,,,35000,12000,0.8,0.9,23000,,,,,,,Suburban,true,false,2024-01-15,,8000,8000,35000,0.6,,,,,,,61
"Cleveland Chiropractic College, Kansas City",,,,Small,Private,,,0.6,,1100,,,25,,,20000,12000,0.7,0.8,1000,,,,,,,Urban,true,false,Rolling,,15000,15000,20000,0.7,,,,,,,49
"Cleveland Chiropractic College, Los Angeles",,,,Small,Private For-Profit,,,0.6,,1100,,,25,,,20000,12000,0.7,0.8,800,,,,,,,Urban,true,false,Rolling,,15000,15000,20000,0.7,,,,,,,48
Cleveland Institute of Art,,,,Small,Private,,,0.5,,1200,,,25,,,40000,13000,0.7,0.8,600,,,,,,,Urban,true,false,2024-01-15,,20000,20000,40000,0.75,,,,,,,51
Cleveland Institute of Music,,,,Small,Private,,,0.2,,1350,,,30,,,50000,12000,0.85,0.9,600,,,,,,,Urban,true,false,2024-01-15,,20000,20000,50000,0.7,,,,,,,67
Cleveland State University,,,,Medium,Public,,,0.6,,1100,,,25,,,22000,13000,0.54,0.75,15000,,,,,,,Urban,true,false,2024-01-15,,8000,8000,22000,0.6,,,,,,,50
Coastal Carolina University,,,,Medium,Public,4,,0.75,1070,1106,1142,21,22,24,,14453,13330,0.51,0.77,10377,17,73,5837,,,,Suburban,false,false,February 1,,13751,14,14453,0.59,,,,,,,45
Coe College,,,,Small,Private,4,,0.64,990,1125,1260,22,25,28,,20940,12238,0.59,0.73,1164,11,48,6101,,,,Urban,false,false,March 1,,51851,21,20940,0.79,,,,,,,49
Cogswell Polytechnical College,,,,Small,Private For-Profit,,,0.5,,1200,,,25,,,25000,12000,0.6,0.7,500,,,,,,,Suburban,true,false,Rolling,,15000,15000,25000,0.7,,,,,,,49
Coker University,,,,Small,Private,4,,0.98,940,1050,1160,16,20,24,,18910,11098,0.35,0.62,834,12,66,5112,,,,Rural,false,false,Not available,,15000,19,18910,0.7,,,,,,,30
Colby College,,,,Small,Private,4,,0.07,1470,1500,1530,32,33,34,,15163,18740,0.9,0.93,2407,10,47,3280,,,,Rural,false,false,January 3,,75056,15,15163,0.42,,,,,,,82
Colby-Sawyer College,,,,Small,Private,4,,0.79,1020,1095,1170,20,22,24,,26483,18000,0.58,0.71,868,10,28,3281,,,,Rural,false,false,Not available,,20000,26,26483,0.8,,,,,,,42
Coleman College,,,,Small,Private For-Profit,,,0.7,,1100,,,25,,,20000,12000,0.6,0.75,500,,,,,,,Urban,true,false,Rolling,,10000,10000,20000,0.6,,,,,,,43
Colgate University,,,,Small,Private,4,,0.12,1450,1490,1530,33,34,34,,91,18366,0.91,0.93,3180,9,59,2086,,,,Rural,false,false,January 15,,9,27,91,0.8,,,,,,,84
College for Creative Studies,,,,Small,Private,4,,0.49,,1200,,,25,,,34436,16143,0.7,0.76,1200,10,15,1035,,,,Urban,false,false,Not available,,20000,34,34436,0.7,,,,,,,37
College for Financial Planning,,,,Small,Private For-Profit,,,0.7,,1100,,,25,,,20000,12000,0.6,0.7,1000,,,,,,,Urban,true,false,Rolling,,10000,10000,20000,0.7,,,,,,,43
College for Lifelong Learning,,,,Medium,Private,,,0.5,,1200,,,25,,,20000,12000,0.7,0.8,5000,,,,,,,Suburban,true,false,2024-01-01,,15000,15000,20000,0.7,,,,,,,55
College Misericordia,,,,Small,Private,,,0.5,,1100,,,24,,,32000,13000,0.65,0.75,1500,,,,,,,Suburban,true,false,2024-01-15,,20000,20000,32000,0.7,,,,,,,50
College of Aeronautics,,,,Small,Private For-Profit,,,0.6,,1150,,,24,,,15000,12000,0.6,0.7,1200,,,,,,,Urban,true,false,2024-01-15,,10000,10000,15000,0.7,,,,,,,46
College of Charleston,,,,Medium,Public,,,0.6,,1230,,,26,,,36000,13000,0.6,0.8,10000,,,,,,,Urban,true,false,2024-01-15,,8000,8000,36000,0.6,,,,,,,52
College of DuPage,,,,Large,Public,,,0.7,,1100,,,25,,,20000,12000,0.5,0.7,25000,,,,,,,Suburban,true,false,Rolling,,7000,7000,20000,0.6,,,,,,,45
College Of Idaho,,,,Small,Private,4,,0.49,,1150,,23,27,31,,22602,12773,0.64,0.82,1038,10,33,,,,,Suburban,false,false,February 15,,34599,23,22602,0.54,,,,,,,56
College of Mount St. Joseph,,,,Small,Private,,,0.5,,1100,,,24,,,32000,12000,0.65,0.75,1500,,,,,,,Suburban,true,false,2024-01-15,,20000,20000,32000,0.7,,,,,,,50
College of Mount St. Vincent,,,,Small,Private,4,,0.85,1025,1094,1163,25,25,25,,21844,14900,0.57,0.73,2692,12,35,2088,,,,Suburban,false,false,Not available,,45988,22,21844,0.66,,,,,,,43
College of New Rochelle,,,,Small,Private,,,0.5,,1150,,,24,,,30000,12000,0.6,0.75,3000,,,,,,,Suburban,true,false,2024-01-15,,20000,20000,30000,0.8,,,,,,,51
University of Notre Dame,,,,Medium,Private,4,,0.11,1470,1505,1540,33,34,35,,29083,18348,0.97,0.99,8818,8,94,1841,,,,Suburban,false,false,January 1,,67855,29,29083,0.46,,,,,,,87
College of Notre Dame of Maryland,,,,Small,Private,,,0.5,,1150,,,24,,,35000,12000,0.7,0.75,2000,,,,,,,Urban,true,false,2024-01-15,,20000,20000,35000,0.8,,,,,,,51
College of Osteopathic Medicine of the Pacific (Western University of Health Sciences),,,,Small,Private,,,0.4,,1300,,,28,,,50000,15000,0.85,0.9,2000,,,,,,,Suburban,true,false,2024-01-15,,20000,20000,50000,0.7,,,,,,,61
College of St. Benedict and St. John's University,,,,Small,Private,,,0.5,,1250,,,27,,,45000,12000,0.8,0.85,3000,,,,,,,Rural,true,false,2024-01-15,,25000,25000,45000,0.75,,,,,,,57
College of St. Catherine,,,,Small,Private,,,0.5,,1200,,,25,,,40000,13000,0.7,0.8,3000,,,,,,,Urban,true,false,2024-01-15,,20000,20000,40000,0.75,,,,,,,54
College of St. Elizabeth,,,,Small,Private,,,0.5,,1150,,,24,,,30000,12000,0.7,0.75,1200,,,,,,,Suburban,true,false,2024-01-15,,20000,20000,30000,0.8,,,,,,,51
College of St. Joseph,,,,Small,Private,,,0.6,,1100,,,24,,,25000,12000,0.65,0.75,700,,,,,,,Rural,true,false,2024-01-15,,15000,15000,25000,0.8,,,,,,,46
University of St. Mary,,,,Small,Private,4,,0.87,890,948,1005,17,20,24,,23611,10280,0.44,0.65,925,11,36,6630,,,,Suburban,false,false,Not available,,30355,24,23611,0.81,,,,,,,35
College of St. Rose,,,,Small,Private,,,0.5,,1150,,,24,,,35000,14000,0.65,0.75,3000,,,,,,,Urban,true,false,2024-01-15,,20000,20000,35000,0.8,,,,,,,52
College of St. Scholastica,,,,Small,Private,,,0.6,,1150,,,24,,,38000,12000,0.7,0.8,3000,,,,,,,Urban,true,false,2024-01-15,,20000,20000,38000,0.7,,,,,,,50
College of the Atlantic,,,,Small,Private,,,0.4,,1250,,,27,,,50000,13000,0.75,0.85,350,,,,,,,Rural,true,false,2024-01-15,,20000,20000,50000,0.75,,,,,,,57
College of the Holy Cross,,,,Small,Private,,,0.35,,1380,,,31,,,55000,15000,0.88,0.93,2900,,,,,,,Urban,true,false,2024-01-15,,25000,25000,55000,0.75,,,,,,,66
College of the Ozarks,,,,Small,Private,,,0.5,,1200,,,25,,,20000,12000,0.7,0.8,1500,,,,,,,Rural,true,false,2024-01-15,,15000,15000,20000,0.7,,,,,,,52
College of Visual Arts,,,,Small,Private,,,0.5,,1150,,,24,,,25000,12000,0.7,0.75,800,,,,,,,Urban,true,false,2024-01-15,,20000,20000,25000,0.8,,,,,,,50
College of William and Mary,,,,Medium,Public,4,,0.34,1400,1465,1530,32,33,34,,20422,16601,0.91,0.95,7055,13,61,5115,,,,Suburban,false,false,January 5,,29030,20,20422,0.35,,,,,,,73
"CollegeAmerica, Denver",,,,Small,Private For-Profit,,,0.7,,1100,,,25,,,20000,12000,0.6,0.7,1000,,,,,,,Urban,true,false,Rolling,,10000,10000,20000,0.7,,,,,,,43
"CollegeAmerica, Phoenix",,,,Small,Private For-Profit,,,0.7,,1100,,,25,,,15000,12000,0.6,0.7,1000,,,,,,,Urban,true,false,Rolling,,10000,10000,15000,0.7,,,,,,,43
Colorado Christian University,,,,Small,Private,4,,0.52,,1150,,,24,,,26770,13828,0.56,0.85,1450,14,82,4659,,,,Suburban,false,false,Not available,,37272,27,26770,0.53,,,,,,,36
Colorado College,,,,Small,Private,4,,0.18,1240,1340,1440,29,31,33,,35281,16664,0.86,0.94,2014,9,53,4072,,,,Urban,false,false,January 15,,72952,35,35281,0.4,,,,,,,79
Colorado School of Mines,,,,Medium,Public,4,,0.61,1205,1335,1465,23,27,31,,29785,18202,0.79,0.93,6156,18,43,4073,,,,Suburban,false,false,January 15,,20443,30,29785,0.42,,,,,,,58
Colorado State University,,,,Large,Public,4,,0.89,1060,1170,1280,22,26,29,,19828,16540,0.67,0.85,25530,17,146,4075,,,,Suburban,false,false,January 15,,12538,20,19828,0.38,,,,,,,46
Colorado State University: Pueblo,,,,Small,Public,4,,0.98,870,985,1100,19,22,25,,14188,12036,0.38,0.64,3042,20,46,4611,,,,Suburban,false,false,August 1,,14581,14,14188,0.69,,,,,,,32
Colorado Technical University,,,,Large,Private,4,,0.7,,1100,,,25,,,14784,12000,0.13,0.46,20000,31,25,,,,,Suburban,false,false,Not available,,10000,15,14784,0.6,,,,,,,7
Columbia College Chicago,,,,Medium,Private,4,,0.75,,1150,,,24,,,29790,23884,0.48,0.66,5368,15,57,1135,,,,Urban,false,false,August 1,,26522,30,29790,0.8,,,,,,,28
Columbia College Hollywood,,,,Small,Private,4,,0.7,,1100,,,25,,,35614,17784,0.47,0.36,800,15,3,,,,,Suburban,false,false,Not available,,15000,36,35614,0.75,,,,,,,13
Columbia College of Missouri,,,,Small,Private,,,0.6,,1100,,,25,,,20000,12000,0.6,0.7,3000,,,,,,,Urban,true,false,Rolling,,10000,10000,20000,0.7,,,,,,,48
Columbia College South Carolina,,,,Small,Private,,,0.5,,1100,,,24,,,20000,12000,0.6,0.75,1000,,,,,,,Urban,true,false,2024-01-15,,15000,15000,20000,0.7,,,,,,,49
Columbia Commonwealth University,,,,Medium,Public,,,0.5,,1200,,,25,,,25000,12000,0.6,0.75,8000,,,,,,,Urban,true,false,2024-01-15,,8000,8000,25000,0.6,,,,,,,53
Columbia International University,,,,Small,Private,4,,0.48,990,1092,1195,16,20,25,,21320,11950,0.67,0.65,657,13,45,5116,,,,Suburban,false,false,August 1,,20980,21,21320,0.78,,,,,,,50
Columbia Southern University,,,,Medium,Private,4,,0.7,,1050,,,21,,,14085,9820,0.3,0.71,12176,37,26,3878,,,,Suburban,false,false,August 1,,8000,14,14085,0.6,,,,,,,16
Columbia Union College,,,,Small,Private,,,0.5,,1150,,,24,,,30000,12000,0.7,0.75,1500,,,,,,,Suburban,true,false,2024-01-15,,20000,20000,30000,0.8,,,,,,,51
Columbia University,,,,Medium,Private,4,,0.04,1510,1535,1560,34,35,36,,20869,17580,0.95,0.98,6597,6,207,2116,,,,Urban,false,false,January 1,,78824,21,20869,0.49,,,,,,,88
Columbus College of Art and Design,,,,Small,Private,4,,0.92,920,1045,1170,18,21,24,,30900,11600,0.61,0.72,758,10,13,,,,,Urban,false,false,Not available,,20000,31,30900,0.7,,,,,,,38
Columbus State University,,,,Medium,Public,4,,0.79,,1100,,18,21,24,,11384,12070,0.42,0.6,6005,17,83,5123,,,,Suburban,false,false,Not available,,10851,11,11384,0.73,,,,,,,39
Columbus University,,,,Large,Public,,,0.6,,1200,,,25,,,25000,12000,0.65,0.75,20000,,,,,,,Urban,true,false,2024-01-15,,8000,8000,25000,0.65,,,,,,,51
Community College of Denver,,,,Medium,Public,2,,0.7,,1050,,,21,,,9526,12000,0.5,0.7,8000,20,42,4137,,,,Urban,false,false,Not available,,7000,10,9526,0.6,,,,,,,1
Concord University,,,,Small,Public,4,,0.93,890,980,1070,17,20,24,,42,16,0.42,0.65,26,16,26,5120,,,,42%,false,false,Not available,,16,11,42,0.6,,,,,,,31
"Concordia College, Ann Arbor",,,,Small,Private,,,0.6,,1150,,,24,,,25000,12000,0.7,0.8,1000,,,,,,,Suburban,true,false,2024-01-15,,20000,20000,25000,0.7,,,,,,,48
"Concordia College, Bronxville",,,,Small,Private,,,0.5,,1200,,,25,,,35000,14000,0.7,0.8,1000,,,,,,,Suburban,true,false,2024-01-15,,20000,20000,35000,0.8,,,,,,,52
Concordia College: Moorhead,,,,Small,Private,4,,0.68,1020,1145,1270,21,24,27,,25488,12000,0.72,0.8,2000,12,47,,,,,"$25,488",false,false,July 1,,25000,25,25488,0.7,,,,,,,48
"Concordia College, Selma",,,,Small,Private,,,0.6,,1100,,,25,,,20000,12000,0.6,0.7,500,,,,,,,Urban,true,false,2024-01-15,,15000,15000,20000,0.7,,,,,,,46
"Concordia College, Seward",,,,Small,Private,,,0.5,,1150,,,25,,,32000,12000,0.7,0.8,1000,,,,,,,Rural,true,false,2024-01-15,,20000,20000,32000,0.75,,,,,,,52
Concordia University St. Paul,,,,Small,Private,4,,0.77,,1150,,17,21,25,,58,18,0.58,0.68,73,18,73,6114,,,,58%,false,false,August 1,,18,18,58,0.7,,,,,,,39
"Concordia University, Austin",,,,Small,Private,,,0.5,,1150,,,24,,,30000,12000,0.6,0.7,1500,,,,,,,Urban,true,false,2024-01-15,,20000,20000,30000,0.7,,,,,,,49
Concordia University Irvine,,,,Small,Private,4,,0.81,1060,1160,1260,21,25,29,,29413,28618,0.63,0.76,69,15,45,4069,,,,"$29,413",false,false,Not available,,28618,29,29413,0.69,,,,,,,42
"Concordia University, Mequon",,,,Small,Private,,,0.5,,1150,,,25,,,32000,12000,0.65,0.75,3000,,,,,,,Suburban,true,false,2024-01-15,,20000,20000,32000,0.7,,,,,,,52
"Concordia University, Portland",,,,Small,Private,,,0.5,,1150,,,24,,,30000,12000,0.65,0.75,2000,,,,,,,Urban,true,false,2023-01-15,,20000,20000,30000,0.7,,,,,,,51
"Concordia University, River Forest",,,,Small,Private,,,0.5,,1100,,,25,,,30000,12000,0.65,0.75,1500,,,,,,,Suburban,true,false,2024-01-15,,20000,20000,30000,0.7,,,,,,,51
Connecticut College,,,,Small,Private,4,,0.37,1160,1280,1400,28,30,32,,42941,19394,0.84,0.89,1937,9,46,3284,,,,Suburban,false,false,January 15,,53110,43,42941,0.48,,,,,,,67
Converse University,,,,Small,Private,4,,0.65,,1100,,20,22,25,,19438,14524,0.47,0.64,1000,9,61,,,,,Urban,false,false,Not available,,15000,19,19438,0.7,,,,,,,43
Conway School of Landscape Design,,,,Small,Private,,,0.5,,1200,,,25,,,20000,12000,0.8,0.85,200,,,,,,,Rural,true,false,Rolling,,20000,20000,20000,0.7,,,,,,,53
Coppin State University,,,,Small,Public,4,,0.45,,1000,,,20,,,7684,12652,0.26,0.62,3500,10,45,,,,,Urban,false,false,Not available,,8000,8,7684,0.6,,,,,,,30
Cornell College,,,,Small,Private,4,,0.8,1130,1195,1260,23,26,30,,25850,12064,0.72,0.8,1094,12,60,6119,,,,Rural,false,false,August 1,,48411,26,25850,0.71,,,,,,,47
Cornell University,,,,Medium,Private,4,,0.08,1510,1535,1560,33,34,35,,95,20574,0.95,0.98,12470,9,161,2098,,,,Rural,false,false,January 2,,9,26,95,0.47,,,,,,,87
Cornish College of the Arts,,,,Small,Private,,,0.5,,1200,,,25,,,30000,12000,0.7,0.8,1000,,,,,,,Urban,true,false,2024-01-15,,20000,20000,30000,0.7,,,,,,,52
Cosmopolitan University,,,,Large,Public,,,0.5,,1200,,,25,,,36000,13000,0.65,0.75,20000,,,,,,,Urban,true,false,2024-01-15,,8000,8000,36000,0.6,,,,,,,54
Covenant College,,,,Small,Private,,,0.5,,1250,,,27,,,30000,12000,0.75,0.85,800,,,,,,,Rural,true,false,2024-01-15,,20000,20000,30000,0.8,,,,,,,54
Cranbrook Academy of Art,,,,Small,Private,,,0.2,,1300,,,28,,,50000,12000,0.85,0.9,300,,,,,,,Suburban,true,false,2024-01-15,,20000,20000,50000,0.8,,,,,,,65
Creighton University,,,,Small,Private,4,,0.8,1250,1330,1410,26,28,31,,33364,14453,0.8,0.94,4360,11,103,6121,,,,Urban,false,false,Not available,,37239,33,33364,0.45,,,,,,,53
Crichton College,,,,Small,Private,,,0.6,,1100,,,25,,,15000,12000,0.6,0.7,800,,,,,,,Urban,true,false,Rolling,,10000,10000,15000,0.7,,,,,,,46
Crown College,,,,Small,Private,4,,0.67,,1100,,,25,,,27196,11290,0.63,0.68,800,17,40,,,,,Rural,false,false,Not available,,15000,27,27196,0.7,,,,,,,28
Culver-Stockton College,,,,Small,Private,4,,0.65,970,1060,1150,18,18,19,,22103,11200,0.5,0.65,807,15,61,6123,,,,Rural,false,false,August 15,,24070,22,22103,0.71,,,,,,,42
Cumberland University,,,,Small,Private,4,,0.66,,1100,,,25,,,17669,10860,0.42,0.59,1500,16,54,,,,,Suburban,false,false,Not available,,10000,18,17669,0.7,,,,,,,25
Cumberland University,,,,Small,Private,4,,0.66,,1100,,,24,,,17669,10860,0.42,0.59,2000,16,54,,,,,Suburban,false,false,Not available,,10000,18,17669,0.7,,,,,,,25
Curry College,,,,Small,Private,4,,0.88,,1100,,,25,,,30367,19020,0.48,0.62,1804,12,37,3285,,,,Suburban,false,false,Not available,,36914,30,30367,0.73,,,,,,,22
D'Youville College,,,,Small,Private,4,,0.81,1027,1144,1260,24,25,26,,20268,11800,0.57,0.74,1258,14,46,2197,,,,Urban,false,false,Not available,,18096,20,20268,0.69,,,,,,,43
Daemen University,,,,Small,Private,4,,0.69,1130,1200,1270,22,25,28,,18944,9100,0.58,0.75,1352,12,71,,,,,Suburban,false,false,Not available,,30497,19,18944,0.84,,,,,,,47
Dakota State University,,,,Small,Public,4,,0.88,1180,1295,1410,20,24,27,,19115,10217,0.48,0.75,52,19,40,6247,,,,"$19,115",false,false,Not available,,10217,19,19115,0.52,,,,,,,38
Dakota Wesleyan University,,,,Small,Private,4,,0.73,980,1095,1210,19,22,24,,40,22703,0.4,0.75,74,12,60,6155,,,,"$21,901",false,false,Not available,,12,22,40,0.74,,,,,,,40
Dallas Baptist University,,,,Small,Private,4,,0.89,980,1095,1210,19,22,26,,30275,12482,0.6,0.64,2403,14,97,6159,,,,Suburban,false,false,Not available,,35520,30,30275,0.6,,,,,,,39
Dallas Christian College,,,,Small,Private,4,,0.5,826,898,971,15,18,22,,22463,10260,0.25,0.45,500,13,11,792,,,,Suburban,false,false,Not available,,15000,22,22463,0.8,,,,,,,38
Dana College,,,,Small,Private,,,0.6,,1100,,,25,,,20000,12000,0.65,0.75,800,,,,,,,Rural,true,false,2023-01-15,,15000,15000,20000,0.7,,,,,,,47
Daniel Webster College,,,,Small,Private,,,0.6,,1150,,,24,,,25000,12000,0.65,0.75,800,,,,,,,Suburban,true,false,2024-01-15,,15000,15000,25000,0.7,,,,,,,46
Danville Area Community College,,,,Small,Public,2,,1,,1050,,,21,,,4323,7857,0.5,0.65,60,14,54,1160,,,,"$4,323",false,false,October 18,,14,4,4323,0.6,,,,,,,9
Dartmouth College,,,,Small,Private,4,,0.05,1510,1535,1560,33,34,35,,17322,20920,0.96,0.98,4474,6,91,3351,,,,Rural,false,false,January 3,,71318,17,17322,0.53,,,,,,,86
Darton College,,,,Small,Public,,,0.6,,1100,,,25,,,15000,12000,0.5,0.7,3000,,,,,,,Suburban,true,false,Rolling,,8000,8000,15000,0.6,,,,,,,47
"Davenport College of Business, Grand Rapids",,,,Small,Private For-Profit,,,0.7,,1100,,,24,,,15000,12000,0.6,0.75,2000,,,,,,,Urban,true,false,Rolling,,10000,10000,15000,0.7,,,,,,,44
"Davenport College of Business, Kalamazoo",,,,Small,Private For-Profit,,,0.7,,1100,,,24,,,20000,12000,0.6,0.75,1500,,,,,,,Urban,true,false,Rolling,,15000,15000,20000,0.7,,,,,,,43
"Davenport College of Business, Lansing",,,,Small,Private For-Profit,,,0.7,,1100,,,24,,,15000,12000,0.6,0.75,2000,,,,,,,Urban,true,false,Rolling,,10000,10000,15000,0.6,,,,,,,44
Davidson College,,,,Small,Private,4,,0.13,1360,1425,1490,31,32,34,,26510,17800,0.92,0.94,1867,8,36,,,,,Suburban,false,false,January 10,,66738,27,26510,0.54,,,,,,,81
Davis and Elkins College,,,,Small,Private,4,,0.94,940,1020,1100,18,20,23,,19762,10850,0.36,0.65,661,10,42,,,,,Rural,false,false,Not available,,20000,20,19762,0.8,,,,,,,32
Deaconess College of Nursing,,,,Small,Private For-Profit,,,0.6,,1100,,,25,,,20000,12000,0.7,0.8,800,,,,,,,Urban,true,false,Rolling,,15000,15000,20000,0.7,,,,,,,48
Delaware State University,,,,Medium,Public,4,,0.55,,1100,,,25,,,15555,13148,0.39,0.75,5000,16,92,,,,,Suburban,false,false,February 1,,8000,16,15555,0.6,,,,,,,29
Delaware Valley University,,,,Small,Private,4,,0.93,1085,1178,1270,23,26,30,,28401,15430,0.52,0.69,1628,14,42,2510,,,,Suburban,false,false,September 1,,39044,28,28401,0.77,,,,,,,39
Delta International University,,,,Small,Private,,,0.7,,1100,,,25,,,20000,12000,0.6,0.75,800,,,,,,,Urban,true,false,2024-01-15,,15000,15000,20000,0.8,,,,,,,43
Delta State University,,,,Small,Public,,,0.6,,1100,,,24,,,18000,12000,0.5,0.7,4000,,,,,,,Rural,true,false,2024-07-01,,7000,7000,18000,0.6,,,,,,,46
Denison University,,,,Small,Private,4,,0.17,1320,1380,1440,29,30,32,,42177,17400,0.8,0.89,2398,9,49,1164,,,,Suburban,false,false,January 15,,59206,42,42177,0.6,,,,,,,78
Denver Paralegal Institute,,,,Small,Private For-Profit,,,0.7,,1100,,,25,,,15000,12000,0.6,0.7,500,,,,,,,Urban,true,false,Rolling,,8000,8000,15000,0.6,,,,,,,43
Denver Technical College,,,,Small,Private For-Profit,,,0.7,,1100,,,25,,,15000,12000,0.6,0.75,2000,,,,,,,Urban,true,false,Rolling,,8000,8000,15000,0.6,,,,,,,45
DePaul University,,,,Medium,Private,,,0.7,,1200,,,25,,,40000,15000,0.7,0.8,15000,,,,,,,Urban,true,false,2024-01-15,,20000,20000,40000,0.7,,,,,,,50
DePauw University,,,,Small,Private,4,,0.57,1130,1240,1350,25,28,31,,30507,15790,0.8,0.89,1905,10,51,1166,,,,Rural,false,false,February 1,,53003,31,30507,0.46,,,,,,,59
DeSales University,,,,Small,Private,4,,0.77,1100,1170,1240,24,26,27,,30524,14200,0.71,0.83,2172,12,67,2021,,,,Suburban,false,false,August 1,,39597,31,30524,0.7,,,,,,,49
Design Institute of San Diego,,,,Small,Private,4,,0.88,,1200,,,25,,,27693,12000,0.5,0.33,119,9,1,3492,,,,Urban,false,false,Not available,,20000,28,27693,0.7,,,,,,,19
Detroit College of Business,,,,Small,Private For-Profit,,,0.7,,1050,,,21,,,15000,12000,0.6,0.7,1000,,,,,,,Urban,true,false,Rolling,,8000,8000,15000,0.6,,,,,,,40
Detroit College of Business - Flint,,,,Small,Private For-Profit,,,0.7,,1100,,,25,,,20000,12000,0.6,0.7,1500,,,,,,,Urban,true,false,Rolling,,8000,8000,20000,0.6,,,,,,,44
Detroit College of Business - Warren,,,,Small,Private For-Profit,,,0.7,,1100,,,25,,,15000,12000,0.5,0.7,2000,,,,,,,Suburban,true,false,Rolling,,7000,7000,15000,0.6,,,,,,,43
Detroit College of Law,,,,Small,Private,,,0.5,,1300,,,28,,,45000,12000,0.7,0.8,1000,,,,,,,Urban,true,false,2024-07-01,,20000,20000,45000,0.7,,,,,,,54
"DeVry Institute of Technology, Chicago",,,,Medium,Private For-Profit,,,0.7,,1100,,,25,,,15000,12000,0.6,0.7,5000,,,,,,,Urban,true,false,Rolling,,10000,10000,15000,0.7,,,,,,,46
"DeVry Institute of Technology, Columbus",,,,Small,Private For-Profit,,,0.7,,1100,,,24,,,15000,12000,0.6,0.7,2000,,,,,,,Urban,true,false,Rolling,,10000,10000,15000,0.6,,,,,,,43
"DeVry Institute of Technology, Decatur",,,,Small,Private For-Profit,,,0.7,,1100,,,25,,,15000,12000,0.5,0.7,2000,,,,,,,Urban,true,false,Rolling,,8000,8000,15000,0.6,,,,,,,43
"DeVry Institute of Technology, DuPage",,,,Small,Private For-Profit,,,0.7,,1100,,,25,,,17000,12000,0.5,0.7,3000,,,,,,,Suburban,true,false,Rolling,,10000,10000,17000,0.6,,,,,,,44
"DeVry Institute of Technology, Irving",,,,Small,Private For-Profit,,,0.7,,1100,,,24,,,15000,12000,0.6,0.7,3000,,,,,,,Suburban,true,false,Rolling,,10000,10000,15000,0.7,,,,,,,44
"DeVry Institute of Technology, Kansas City",,,,Small,Private For-Profit,,,0.7,,1100,,,25,,,15000,12000,0.6,0.7,2000,,,,,,,Urban,true,false,Rolling,,10000,10000,15000,0.7,,,,,,,44
"DeVry Institute of Technology, Phoenix",,,,Small,Private For-Profit,,,0.7,,1100,,,25,,,15000,12000,0.6,0.7,2000,,,,,,,Urban,true,false,Rolling,,10000,10000,15000,0.6,,,,,,,44
"DeVry Institute of Technology, Pomona",,,,Small,Private For-Profit,,,0.7,,1100,,,25,,,15000,12000,0.6,0.7,3000,,,,,,,Suburban,true,false,Rolling,,10000,10000,15000,0.7,,,,,,,45
Dickinson College,,,,Small,Private,,,0.36,,1320,,,29,,,59000,14000,0.87,0.9,2400,,,,,,,Suburban,true,false,2024-01-15,,25000,25000,59000,0.75,,,,,,,64
Dickinson State University,,,,Small,Public,,,0.61,980,1035,1090,17,20,22,,15490,8822,0.4,0.67,1090,16,71,6477,,,,Rural,false,false,Not available,,12750,15,15490,0.45,,,,,,,41
Dillard University,,,,Small,Private,4,,0.38,,1100,,18,21,24,,18551,12992,0.45,0.71,2000,13,22,,,,,Urban,false,false,Not available,,15000,19,18551,0.7,,,,,,,50
Divine Word College,,,,Small,Private,4,,0.6,,1100,,,25,,,20000,4600,1,0.67,500,6,5,,,,,Rural,false,false,Not available,,20000,20000,20000,0.8,,,,,,,26
Dixie College,,,,Medium,Public,,,0.7,,1100,,,25,,,18000,12000,0.6,0.75,8000,,,,,,,Suburban,true,false,2024-01-15,,8000,8000,18000,0.6,,,,,,,47
Doane University,,,,Small,Private,4,,0.98,998,1084,1170,20,22,25,,56,42934,0.56,0.79,65,10,55,6165,,,,"$26,112",false,false,July 1,,42934,26,56,0.7,,,,,,,36
Dominican University,,,,Small,Private,4,,0.9,890,995,1100,16,21,26,,62,11800,0.62,0.78,2561,12,90,1667,,,,Suburban,false,false,July 15,,12,17,62,0.8,,,,,,,40
Dominican College of San Rafael,,,,Small,Private,,,0.5,,1200,,,25,,,40000,15000,0.7,0.8,1500,,,,,,,Suburban,true,false,2024-01-01,,20000,20000,40000,0.7,,,,,,,52
Dominican School of Philosophy and Theology,,,,Small,Private,,,0.5,,1250,,,27,,,30000,12000,0.8,0.85,300,,,,,,,Urban,true,false,2024-01-15,,20000,20000,30000,0.75,,,,,,,54
Dominican University,,,,Small,Private,4,,0.9,890,995,1100,16,21,26,,62,11800,0.62,0.78,2561,12,90,1667,,,,Suburban,false,false,July 15,,12,17,62,0.8,,,,,,,40
Dominion College,,,,Medium,Public,,,0.5,,1200,,,25,,,36000,12000,0.65,0.75,8000,,,,,,,Urban,true,false,2024-01-15,,8000,8000,36000,0.65,,,,,,,54
Dordt College,,,,Small,Private,,,0.5,,1200,,,25,,,30000,12000,0.7,0.8,1200,,,,,,,Rural,true,false,2024-01-15,,20000,20000,30000,0.8,,,,,,,52
Dowling College,,,,Small,Private,,,0.6,,1150,,,24,,,30000,12000,0.6,0.7,1500,,,,,,,Suburban,true,false,2023-01-01,,20000,20000,30000,0.7,,,,,,,46
Drake University,,,,Medium,Private,,,0.66,,1230,,,26,,,45000,12000,0.71,0.84,5000,,,,,,,Urban,true,false,2024-01-01,,20000,20000,45000,0.75,,,,,,,51
Drew University,,,,Small,Private,4,,0.68,1120,1225,1330,24,27,30,,28193,17640,0.72,0.88,1533,12,60,2193,,,,Suburban,false,false,February 1,,25000,28,28193,0.75,,,,,,,53
Drexel University,,,,Large,Private,,,0.7,,1300,,,28,,,55000,15000,0.7,0.9,24000,,,,,,,Urban,true,false,2024-01-15,,15000,15000,55000,0.7,,,,,,,52
Drury University,,,,Small,Private,4,,0.58,1140,1210,1280,22,26,29,,22194,11690,0.66,0.76,1381,14,68,6169,,,,Urban,false,false,August 15,,29507,22,22194,0.59,,,,,,,52
Duke University,,,,Large,Private,,,0.08,,1480,,,33,,,58000,15000,0.94,0.97,16000,,,,,,,Suburban,true,false,2024-01-02,,30000,30000,58000,0.7,,,,,,,82
Duluth Business University,,,,Small,Private For-Profit,,,0.7,,1100,,,24,,,15000,12000,0.6,0.75,500,,,,,,,Urban,true,false,Rolling,,10000,10000,15000,0.6,,,,,,,42
Duquesne University,,,,Medium,Private,,,0.75,,1200,,,25,,,35000,13000,0.7,0.8,8000,,,,,,,Urban,true,false,2024-01-15,,20000,20000,35000,0.7,,,,,,,48
Earlham College,,,,Small,Private,,,0.5,,1300,,,28,,,50000,13000,0.85,0.85,1000,,,,,,,Rural,true,false,2024-01-15,,20000,20000,50000,0.7,,,,,,,57
EarthNet Institute,,,,Medium,Private,,,0.4,,1250,,,26,,,25000,12000,0.75,0.85,5000,,,,,,,Urban,true,false,2024-01-15,,20000,20000,25000,0.7,,,,,,,60
East Carolina University,,,,Large,Public,,,0.65,,1150,,,24,,,25000,12000,0.6,0.8,28000,,,,,,,Suburban,true,false,2024-01-15,,8000,8000,25000,0.6,,,,,,,48
East Central University,,,,Small,Public,,,0.7,,1100,,,24,,,14000,12000,0.55,0.75,4000,,,,,,,Rural,true,false,2024-08-01,,8000,8000,14000,0.6,,,,,,,44
East Stroudsburg State University,,,,Medium,Public,,,0.65,,1100,,,24,,,24000,13000,0.6,0.75,6000,,,,,,,Suburban,true,false,2024-01-15,,8000,8000,24000,0.6,,,,,,,48
East Tennessee State University,,,,Medium,Public,,,0.65,,1150,,,24,,,23000,12000,0.56,0.75,14000,,,,,,,Suburban,true,false,2024-01-15,,8000,8000,23000,0.65,,,,,,,48
East Texas Baptist University,,,,Small,Private,,,0.5,,1100,,,23,,,30000,12000,0.6,0.7,1200,,,,,,,Rural,true,false,2024-01-15,,15000,15000,30000,0.7,,,,,,,48
East-West University,,,,Small,Private,,,0.7,,1100,,,24,,,14,12000,0.14,0.43,1000,33,9,,,,,Urban,false,false,Not available,,33,23,14,0.7,,,,,,,6
Eastern College,,,,Small,Private,,,0.5,,1200,,,25,,,35000,12000,0.7,0.8,1500,,,,,,,Suburban,true,false,2024-01-15,,20000,20000,35000,0.7,,,,,,,52
Eastern Connecticut State University,,,,Medium,Public,,,0.7,,1100,,,23,,,26000,15000,0.6,0.8,5000,,,,,,,Suburban,true,false,2024-08-01,,12000,12000,26000,0.7,,,,,,,46
Eastern Conservatory of Music,,,,Small,Private,,,0.5,,1200,,,25,,,30000,12000,0.75,0.85,800,,,,,,,Urban,true,false,2024-01-15,,20000,20000,30000,0.7,,,,,,,53
Eastern Illinois University,,,,Medium,Public,,,0.6,,1100,,,24,,,24000,12000,0.6,0.75,8000,,,,,,,Rural,true,false,2024-01-15,,8000,8000,24000,0.6,,,,,,,49
Eastern Kentucky University,,,,Medium,Public,,,0.6,,1100,,,24,,,22000,12000,0.6,0.75,14000,,,,,,,Suburban,true,false,2024-01-15,,8000,8000,22000,0.65,,,,,,,50
Eastern Mennonite University,,,,Small,Private,,,0.5,,1150,,,24,,,32000,12000,0.65,0.75,1300,,,,,,,Suburban,true,false,2024-01-15,,20000,20000,32000,0.8,,,,,,,50
Eastern Michigan University,,,,Medium,Public,,,0.7,,1100,,,25,,,30000,12000,0.5,0.75,15000,,,,,,,Suburban,true,false,2024-01-01,,8000,8000,30000,0.6,,,,,,,46
Eastern Nazarene College,,,,Small,Private,,,0.5,,1150,,,24,,,32000,13000,0.6,0.75,800,,,,,,,Suburban,true,false,2024-01-15,,20000,20000,32000,0.8,,,,,,,49
Eastern New Mexico University,,,,Medium,Public,,,0.7,,1050,,,21,,,14000,12000,0.5,0.7,5000,,,,,,,Rural,true,false,2024-08-01,,8000,8000,14000,0.6,,,,,,,42
Eastern Oregon University,,,,Small,Public,,,0.7,,1100,,,24,,,20000,12000,0.5,0.75,3000,,,,,,,Rural,true,false,2024-01-15,,8000,8000,20000,0.6,,,,,,,43
Eastern Virginia Medical School,,,,Small,Public,,,0.4,,1300,,,28,,,45000,12000,0.7,0.85,1000,,,,,,,Urban,false,false,2024-01-15,,10000,10000,45000,0.6,,,,,,,57
Eastern Washington University,,,,Medium,Public,,,0.7,,1100,,,24,,,20000,12000,0.6,0.75,12000,,,,,,,Rural,true,false,2024-01-15,,8000,8000,20000,0.6,,,,,,,47
Eckerd College,,,,Small,Private,,,0.45,,1260,,,28,,,50000,14000,0.7,0.8,1500,,,,,,,Suburban,true,false,2024-01-15,,20000,20000,50000,0.7,,,,,,,56
Edgewood College,,,,Small,Private,,,0.5,,1200,,,25,,,32000,13000,0.7,0.8,2000,,,,,,,Urban,true,false,2024-01-15,,20000,20000,32000,0.7,,,,,,,53
Edinboro University of Pennsylvania,,,,Medium,Public,,,0.7,,1100,,,24,,,24000,12000,0.6,0.75,6000,,,,,,,Rural,true,false,2024-01-15,,8000,8000,24000,0.6,,,,,,,46
Edison Community College,,,,Small,Public,,,0.7,,1050,,,21,,,15000,12000,0.5,0.7,3000,,,,,,,Suburban,true,false,Rolling,,7000,7000,15000,0.6,,,,,,,41
Edward Waters College,,,,Small,Private,,,0.6,,1100,,,25,,,15000,12000,0.5,0.7,1000,,,,,,,Urban,true,false,2024-01-15,,10000,10000,15000,0.7,,,,,,,45
Elizabeth City State University,,,,Small,Public,,,0.6,,1100,,,25,,,20000,12000,0.5,0.7,3000,,,,,,,Rural,true,false,2024-01-15,,8000,8000,20000,0.6,,,,,,,47
Elizabethtown College,,,,Small,Private,,,0.5,,1150,,,25,,,35000,13000,0.7,0.8,1700,,,,,,,Suburban,true,false,2024-01-15,,20000,20000,35000,0.8,,,,,,,52
Elmhurst College,,,,Small,Private,,,0.5,,1150,,,24,,,32000,12000,0.7,0.8,3000,,,,,,,Suburban,true,false,2024-01-15,,15000,15000,32000,0.7,,,,,,,53
Elmira College,,,,Small,Private,,,0.5,,1100,,,24,,,40000,13000,0.65,0.75,1000,,,,,,,Suburban,true,false,2024-01-15,,20000,20000,40000,0.8,,,,,,,50
Elms College,,,,Small,Private,,,0.5,,1150,,,24,,,38000,13000,0.7,0.75,1200,,,,,,,Suburban,true,false,2024-01-15,,20000,20000,38000,0.8,,,,,,,51
Elon College,,,,Medium,Private,,,0.5,,1300,,,28,,,40000,13000,0.8,0.85,7000,,,,,,,Suburban,true,false,2024-01-15,,20000,20000,40000,0.7,,,,,,,59
"Embry Riddle Aeronautical University, Prescott",,,,Small,Private,,,0.5,,1300,,,28,,,40000,15000,0.7,0.8,3000,,,,,,,Rural,false,false,2024-01-15,,15000,15000,40000,0.7,,,,,,,56
Embry-Riddle Aeronautical University,,,,Medium,Private,,,0.5,,1300,,,28,,,40000,15000,0.7,0.85,7000,,,,,,,Suburban,false,false,2024-01-15,,15000,15000,40000,0.7,,,,,,,58
Emerson College,,,,Small,Private,,,0.3,,1350,,,30,,,50000,15000,0.85,0.85,4000,,,,,,,Urban,true,false,2024-01-15,,20000,20000,50000,0.75,,,,,,,66
Emmanuel College,,,,Small,Private,,,0.45,,1250,,,27,,,45000,14000,0.75,0.85,2000,,,,,,,Urban,true,false,2024-01-15,,20000,20000,45000,0.75,,,,,,,57
Emmanuel College Georgia,,,,Small,Private,,,0.5,,1100,,,24,,,20000,12000,0.6,0.7,800,,,,,,,Rural,true,false,2024-01-15,,15000,15000,20000,0.7,,,,,,,48
Emmaus Bible College,,,,Small,Private,,,0.6,,1100,,,25,,,25000,12000,0.7,0.75,500,,,,,,,Rural,true,false,2024-01-15,,20000,20000,25000,0.8,,,,,,,48
Emory & Henry College,,,,Small,Private,,,0.5,,1150,,,24,,,35000,12000,0.65,0.75,1000,,,,,,,Rural,true,false,2024-01-15,,20000,20000,35000,0.75,,,,,,,50
Emory University,,,,Medium,Private,,,0.15,,1450,,,32,,,55000,15000,0.9,0.95,15000,,,,,,,Urban,true,false,2024-01-01,,25000,25000,55000,0.75,,,,,,,80
Emporia State University,,,,Medium,Public,,,0.6,,1100,,,24,,,18000,12000,0.6,0.7,5000,,,,,,,Rural,true,false,2024-01-01,,8000,8000,18000,0.6,,,,,,,49
Erskine College,,,,Small,Private,,,0.5,,1150,,,24,,,20000,13000,0.65,0.75,800,,,,,,,Rural,true,false,2024-01-15,,20000,20000,20000,0.7,,,,,,,49
Eugene Bible College,,,,Small,Private,,,0.6,,1100,,,25,,,20000,12000,0.7,0.75,3000,,,,,,,Urban,true,false,2024-01-15,,20000,20000,20000,0.7,,,,,,,50
Eureka College,,,,Small,Private,,,0.6,,1100,,,25,,,20000,12000,0.6,0.7,600,,,,,,,Rural,true,false,2024-01-15,,15000,15000,20000,0.7,,,,,,,46
Evangel University,,,,Small,Private,,,0.6,,1150,,,24,,,23000,12000,0.6,0.7,1500,,,,,,,Urban,true,false,2024-01-15,,20000,20000,23000,0.8,,,,,,,46
Evergreen State College,,,,Small,Public,,,0.75,,1150,,,24,,,32000,15000,0.55,0.75,3000,,,,,,,Suburban,true,false,2023-05-01,,12000,12000,32000,0.7,,,,,,,43
Excel College,,,,Medium,Private,,,0.5,,1200,,,25,,,25000,12000,0.7,0.8,5000,,,,,,,Suburban,true,false,2024-01-15,,20000,20000,25000,0.7,,,,,,,55
Excelsior College,,,,Medium,Private,,,0.6,,1100,,,25,,,15000,12000,0.6,0.7,5000,,,,,,,Urban,true,false,Rolling,,15000,15000,15000,0.7,,,,,,,49
Fairfield University,,,,Medium,Private,,,0.5,,1250,,,27,,,55000,15000,0.85,0.88,5000,,,,,,,Suburban,true,false,2024-01-15,,20000,20000,55000,0.75,,,,,,,59
"Fairleigh Dickinson University, Florham-Madison Campus",,,,Medium,Private,,,0.5,,1200,,,25,,,35000,13000,0.7,0.8,5000,,,,,,,Suburban,true,false,2024-01-15,,20000,20000,35000,0.75,,,,,,,55
"Fairleigh Dickinson University, Teaneck-Hackensack Campus",,,,Medium,Private,,,0.5,,1150,,,24,,,35000,15000,0.65,0.75,8000,,,,,,,Suburban,true,false,2024-01-15,,20000,20000,35000,0.7,,,,,,,53
Fairmont State College,,,,Small,Public,,,0.6,,1100,,,25,,,20000,12000,0.5,0.7,4000,,,,,,,Rural,true,false,2024-01-01,,7000,7000,20000,0.6,,,,,,,47
Fashion Institute of New York,,,,Medium,Public,,,0.5,,1200,,,25,,,24000,15000,0.65,0.8,10000,,,,,,,Urban,true,false,2024-01-01,,10000,10000,24000,0.6,,,,,,,55
Faulkner University,,,,Small,Private,,,0.6,,1100,,,24,,,20000,12000,0.6,0.7,1500,,,,,,,Urban,true,false,2024-01-15,,15000,15000,20000,0.7,,,,,,,46
Fayetteville State University,,,,Medium,Public,,,0.6,,1100,,,25,,,18000,12000,0.5,0.7,6000,,,,,,,Urban,true,false,2024-01-15,,8000,8000,18000,0.6,,,,,,,48
Felician College,,,,Small,Private,,,0.6,,1100,,,25,,,30000,12000,0.65,0.75,1500,,,,,,,Suburban,true,false,2024-01-15,,20000,20000,30000,0.8,,,,,,,48
Ferris State University,,,,Medium,Public,,,0.7,,1100,,,24,,,24000,12000,0.6,0.75,12000,,,,,,,Rural,true,false,2024-07-01,,8000,8000,24000,0.6,,,,,,,47
Ferrum College,,,,Small,Private,,,0.65,,1100,,,23,,,20000,12000,0.6,0.7,1000,,,,,,,Rural,true,false,2024-01-15,,15000,15000,20000,0.75,,,,,,,43
Fielding Institute,,,,Small,Private,,,0.5,,1200,,,25,,,25000,12000,0.7,0.8,1000,,,,,,,Suburban,true,false,Rolling,,20000,20000,25000,0.75,,,,,,,52
Finch University of Health Sciences - The Chicago Medical School,,,,Small,Private,,,0.25,,1300,,,28,,,50000,12000,0.85,0.9,1000,,,,,,,Urban,true,false,2024-01-15,,20000,20000,50000,0.7,,,,,,,65
Finlandia University,,,,Small,Private,,,0.6,,1100,,,25,,,20000,12000,0.6,0.7,600,,,,,,,Rural,true,false,2024-01-15,,15000,15000,20000,0.7,,,,,,,46
Fisher College,,,,Small,Private,,,0.7,,1100,,,25,,,28000,12000,0.6,0.75,800,,,,,,,Urban,true,false,2024-01-15,,20000,20000,28000,0.8,,,,,,,43
Fisk University,,,,Small,Private,,,0.5,,1100,,,24,,,20000,12000,0.6,0.7,800,,,,,,,Urban,true,false,2024-01-15,,15000,15000,20000,0.8,,,,,,,48
Fitchburg State College,,,,Medium,Public,,,0.65,,1100,,,25,,,22000,13000,0.58,0.75,6000,,,,,,,Urban,true,false,2024-01-01,,8000,8000,22000,0.65,,,,,,,48
Flagler College,,,,Small,Private,,,0.5,,1180,,,25,,,20000,13000,0.6,0.75,2000,,,,,,,Urban,true,false,2024-01-15,,15000,15000,20000,0.7,,,,,,,51
Florida Agricultural and Mechanical University,,,,Medium,Public,,,0.5,,1100,,,24,,,18000,12000,0.6,0.8,10000,,,,,,,Urban,true,false,2024-01-15,,8000,8000,18000,0.6,,,,,,,53
Florida Atlantic University,,,,Large,Public,,,0.65,,1200,,,25,,,18000,12000,0.59,0.8,29000,,,,,,,Suburban,true,false,2024-05-01,,8000,8000,18000,0.65,,,,,,,49
Florida Christian College,,,,Small,Private,,,0.6,,1100,,,25,,,20000,12000,0.7,0.75,800,,,,,,,Suburban,true,false,2024-08-01,,20000,20000,20000,0.8,,,,,,,48
Florida Community College at Jacksonville,,,,Medium,Public,,,0.7,,1100,,,24,,,18000,12000,0.55,0.75,15000,,,,,,,Urban,true,false,2023-08-01,,8000,8000,18000,0.6,,,,,,,46
Florida Gulf Coast University,,,,Medium,Public,,,0.6,,1200,,,25,,,18000,12000,0.6,0.75,15000,,,,,,,Suburban,true,false,2024-01-01,,8000,8000,18000,0.6,,,,,,,51
Florida Institute of Technology,,,,Medium,Private,,,0.5,,1300,,,28,,,50000,13000,0.7,0.8,6000,,,,,,,Suburban,true,false,2024-01-15,,10000,10000,50000,0.6,,,,,,,57
Florida International University,,,,Large,Public,,,0.6,,1230,,,25,,,21000,13000,0.6,0.8,55000,,,,,,,Urban,true,false,2024-01-15,,7000,7000,21000,0.6,,,,,,,50
Florida Memorial College,,,,Small,Private,,,0.6,,1100,,,25,,,15000,12000,0.5,0.7,1000,,,,,,,Urban,true,false,Rolling,,10000,10000,15000,0.7,,,,,,,45
"Florida Metropolitan University, Fort Lauderdale College",,,,Small,Private For-Profit,,,0.7,,1050,,,21,,,15000,12000,0.5,0.7,2000,,,,,,,Urban,true,false,Rolling,,10000,10000,15000,0.6,,,,,,,40
"Florida Metropolitan University, Tampa College",,,,Small,Private For-Profit,,,0.7,,1050,,,21,,,15000,12000,0.5,0.7,1000,,,,,,,Urban,true,false,Rolling,,10000,10000,15000,0.6,,,,,,,39
"Florida Metropolitan University, Tampa College Brandon",,,,Small,Private For-Profit,,,0.7,,1100,,,24,,,15000,12000,0.5,0.7,1000,,,,,,,Suburban,true,false,Rolling,,8000,8000,15000,0.6,,,,,,,41
"Florida Metropolitan University, Tampa College Lakeland",,,,Small,Private For-Profit,,,0.7,,1100,,,25,,,15000,12000,0.5,0.7,1000,,,,,,,Suburban,true,false,Rolling,,8000,8000,15000,0.6,,,,,,,42
Florida Southern College,,,,Small,Private,,,0.5,,1200,,,25,,,30000,12000,0.6,0.75,2000,,,,,,,Suburban,true,false,2024-01-15,,20000,20000,30000,0.8,,,,,,,51
Florida State University,,,,Large,Public,,,0.36,,1280,,,27,,,21000,13000,0.73,0.88,42000,,,,,,,Urban,true,false,2024-01-01,,8000,8000,21000,0.61,,,,,,,61
Florida University of Medicine,,,,Large,Public,,,0.6,,1250,,,27,,,30000,12000,0.65,0.8,20000,,,,,,,Urban,true,false,2024-01-15,,8000,8000,30000,0.65,,,,,,,53
Fontbonne College,,,,Small,Private,,,0.5,,1150,,,24,,,32000,12000,0.6,0.75,1500,,,,,,,Urban,true,false,2024-01-15,,20000,20000,32000,0.8,,,,,,,49
Foothill-De Anza Community College District,,,,Medium,Public,,,0.7,,1100,,,25,,,20000,12000,0.6,0.75,15000,,,,,,,Suburban,true,false,Rolling,,8000,8000,20000,0.6,,,,,,,48
Fordham University,,,,Medium,Private,,,0.45,,1350,,,30,,,55000,15000,0.85,0.9,15000,,,,,,,Urban,true,false,2024-01-01,,20000,20000,55000,0.75,,,,,,,64
Forest Institute of Professional Psychology,,,,Small,Private,,,0.6,,1100,,,25,,,20000,12000,0.7,0.8,3000,,,,,,,Urban,true,false,Rolling,,15000,15000,20000,0.7,,,,,,,51
Fort Hays State University,,,,Medium,Public,,,0.7,,1100,,,24,,,18000,12000,0.6,0.75,15000,,,,,,,Rural,true,false,2024-08-01,,8000,8000,18000,0.6,,,,,,,47
Fort Lewis College,,,,Small,Public,,,0.65,,1150,,,24,,,29000,13000,0.58,0.75,3500,,,,,,,Rural,true,false,2024-01-15,,8000,8000,29000,0.6,,,,,,,46
Fort Valley State College,,,,Small,Public,,,0.7,,1000,,,20,,,15000,12000,0.5,0.7,3000,,,,,,,Rural,true,false,2024-01-01,,7000,7000,15000,0.6,,,,,,,40
Framingham State University,,,,Small,Public,4,,0.84,1120,1195,1270,19,24,28,,16640,15310,0.5,0.71,2566,12,61,3519,,,,Suburban,false,false,February 15,,16057,17,16640,0.65,,,,,,,42
Francis Marion University,,,,Small,Public,4,,0.86,870,985,1100,16,20,24,,11231,10932,0.43,0.7,2628,13,48,5442,,,,Rural,false,false,Not available,,16461,11,11231,0.68,,,,,,,37
Franciscan School of Theology,,,,Small,Private,,,0.5,,1200,,,25,,,25000,12000,0.75,0.85,300,,,,,,,Urban,true,false,2024-01-15,,20000,20000,25000,0.8,,,,,,,52
Franciscan University of Steubenville,,,,Small,Private,4,,0.58,1110,1230,1350,22,24,27,,24490,10800,0.75,0.87,2668,17,42,,,,,Suburban,false,false,Not available,,24784,24,24490,0.55,,,,,,,55
Frank Lloyd Wright School of Architecture,,,,Small,Private,,,0.5,,1200,,,25,,,30000,12000,0.7,0.8,300,,,,,,,Suburban,true,false,Rolling,,20000,20000,30000,0.7,,,,,,,51
Franklin and Marshall College,,,,Small,Private,,,0.2,,1400,,,32,,,60000,15000,0.88,0.93,2000,,,,,,,Urban,true,false,2024-01-01,,25000,25000,60000,0.8,,,,,,,71
Franklin College,,,,Small,Private,4,,0.7,1080,1155,1230,20,23,26,,23843,12819,0.63,0.73,900,12,45,1228,,,,Suburban,false,false,Not available,,33987,24,23843,0.79,,,,,,,46
Franklin Pierce University,,,,Small,Private,4,,0.93,1032,1157,1282,26,26,26,,25557,17100,0.46,0.74,992,13,46,3395,,,,Rural,false,false,Not available,,35991,26,25557,0.79,,,,,,,38
Franklin Pierce Law Center,,,,Small,Private,,,0.4,,1300,,,28,,,40000,15000,0.75,0.85,600,,,,,,,Urban,true,false,2024-01-15,,20000,20000,40000,0.7,,,,,,,58
Franklin University,,,,Medium,Private,4,,0.7,,1100,,,25,,,31,12000,0.31,0.5,5000,16,43,,,,,Urban,false,false,Not available,,16,22,31,0.6,,,,,,,12
Franklin W Olin College Of Engineering,,,,Small,Private,4,,0.25,1490,1512,1535,34,34,35,,40370,11030,0.92,0.98,378,9,3,2824,,,,Suburban,false,false,January 1,,69152,40,40370,0.43,,,,,,,74
Fred Hutchinson Cancer Research Center,,,,Small,Private,,,0.2,,1450,,,32,,,50000,15000,0.85,0.95,3000,,,,,,,Urban,true,false,2024-01-15,,25000,25000,50000,0.7,,,,,,,71
Free University (Virginia Theological University),,,,Small,Private,,,0.5,,1150,,,24,,,20000,12000,0.7,0.75,800,,,,,,,Suburban,true,false,2024-01-15,,15000,15000,20000,0.7,,,,,,,50
Free Will Baptist Bible College,,,,Small,Private,,,0.6,,1100,,,25,,,20000,12000,0.7,0.75,500,,,,,,,Urban,true,false,2024-01-15,,20000,20000,20000,0.8,,,,,,,48
Freed-Hardeman University,,,,Small,Private,4,,0.88,1030,1130,1230,21,24,28,,18267,8970,0.68,0.83,1347,13,62,,,,,Rural,false,false,Not available,,15000,18,18267,0.7,,,,,,,43
Fresno City College,,,,Medium,Public,2,,0.7,,1050,,,21,,,3822,8982,0.5,0.66,15000,25,106,,,,,Urban,false,false,Not available,,8000,4,3822,0.6,,,,,,,7
Fresno Pacific University,,,,Small,Private,4,,0.75,,1150,,,24,,,15668,10210,0.56,0.75,1612,10,70,,,,,Suburban,false,false,August 1,,20000,16,15668,0.7,,,,,,,29
Friends University,,,,Small,Private,4,,0.6,935,1030,1125,17,20,22,,22579,9568,0.61,0.69,1048,12,57,6224,,,,Urban,false,false,Not available,,16493,23,22579,0.72,,,,,,,46
Frostburg State University,,,,Small,Public,4,,0.88,930,1025,1120,17,20,23,,16521,13812,0.52,0.72,2875,12,64,,,,,Rural,false,false,Not available,,8000,17,16521,0.65,,,,,,,38
Full Sail University,,,,Large,Private,4,,0.7,,1100,,,24,,,30879,12000,0.5,0.53,25777,34,36,3164,,,,Suburban,false,false,Not available,,15000,31,30879,0.8,,,,,,,17
Furman University,,,,Small,Private,4,,0.43,1280,1349,1418,28,30,32,,32901,17164,0.81,0.9,2379,10,76,5222,,,,Suburban,false,false,January 15,,46054,33,32901,0.44,,,,,,,65
Gallaudet University,,,,Small,Private,4,,0.58,798,894,990,14,16,17,,15025,16600,0.47,0.71,812,6,55,,,,,Urban,false,false,Not available,,32771,15,15025,0.9,,,,,,,43
Gannon University,,,,Small,Private,4,,0.77,1030,1155,1280,21,24,27,,23942,16330,0.71,0.76,2365,11,95,2270,,,,Urban,false,false,November 15,,35721,24,23942,0.62,,,,,,,47
Gardner-Webb University,,,,Small,Private,4,,0.67,,1100,,,25,,,24035,11870,0.59,0.66,3500,11,62,5242,,,,Rural,false,false,Not available,,15000,24,24035,0.7,,,,,,,29
Gemological Institute of America,,,,Small,Private For-Profit,,,0.5,,1200,,,25,,,25000,12000,0.85,0.8,1000,,,,,,,Suburban,true,false,Rolling,,15000,15000,25000,0.7,,,,,,,54
Geneva College,,,,Small,Private,4,,0.91,1000,1125,1250,19,22,26,,22145,11330,0.61,0.78,1093,13,62,2273,,,,Suburban,false,false,Not available,,28088,22,22145,0.73,,,,,,,39
George Fox University,,,,Small,Private,4,,0.94,1060,1195,1330,20,24,29,,30649,14568,0.69,0.83,2689,17,91,4325,,,,Rural,false,false,Not available,,34376,31,30649,0.68,,,,,,,42
George Mason University,,,,Large,Public,4,,0.87,1170,1260,1350,25,28,30,,18900,15725,0.69,0.86,27879,16,196,5827,,,,Suburban,false,false,August 24,,20474,19,18900,0.53,,,,,,,49
George Washington University,,,,Medium,Private,4,,0.47,1360,1415,1470,30,32,33,,45466,17600,0.85,0.92,11182,13,225,5246,,,,Urban,false,false,January 5,,64025,45,45466,0.42,,,,,,,68
George Wythe College,,,,Small,Private,,,0.6,,1150,,,24,,,15000,12000,0.7,0.8,800,,,,,,,Urban,true,false,Rolling,,10000,10000,15000,0.7,,,,,,,48
Georgetown College,,,,Small,Private,4,,0.91,970,1035,1100,18,20,23,,14878,11684,0.48,0.69,1097,13,47,1249,,,,Suburban,false,false,August 25,,46604,15,14878,0.77,,,,,,,34
Georgetown University,,,,Medium,Private,4,,0.13,1400,1470,1540,31,33,35,,37967,21202,0.94,0.97,7495,11,144,,,,,Urban,false,false,January 10,,60931,38,37967,0.28,,,,,,,85
Georgia Baptist College of Nursing,,,,Small,Private,,,0.5,,1150,,,24,,,20000,12000,0.7,0.8,800,,,,,,,Urban,true,false,2024-01-15,,15000,15000,20000,0.7,,,,,,,51
Georgia College & State University,,,,Medium,Public,,,0.5,,1150,,,25,,,20000,12000,0.6,0.8,6000,,,,,,,Rural,true,false,2024-01-01,,7000,7000,20000,0.6,,,,,,,54
Georgia Health Sciences University,,,,Medium,Public,,,0.5,,1200,,,25,,,30000,12000,0.6,0.8,6000,,,,,,,Urban,true,false,2024-01-01,,8000,8000,30000,0.6,,,,,,,54
Georgia Institute of Technology,,,,Large,Public,,,0.2,,1450,,,32,,,30000,12000,0.87,0.96,40000,,,,,,,Urban,false,false,2024-01-01,,8000,8000,30000,0.6,,,,,,,72
Georgia School of Professional Psychology,,,,Small,Private,,,0.5,,1200,,,25,,,25000,12000,0.75,0.85,800,,,,,,,Urban,true,false,Rolling,,15000,15000,25000,0.7,,,,,,,53
Georgia Southern University,,,,Large,Public,4,,0.88,970,1055,1140,18,20,23,,16957,11492,0.53,0.78,21871,25,142,,,,,Rural,false,false,May 1,,13490,17,16957,0.59,,,,,,,38
Georgia Southwestern University,,,,Small,Public,,,0.6,,1100,,,25,,,12000,12000,0.5,0.7,2500,,,,,,,Rural,true,false,2024-01-01,,8000,8000,12000,0.6,,,,,,,46
Georgia State University,,,,Large,Public,4,,0.55,960,1070,1180,19,22,26,,54,11048,0.54,0.78,27111,25,153,5251,,,,Urban,false,false,August 1,,25,16,54,0.6,,,,,,,49
Georgian Court University,,,,Small,Private,4,,0.71,1055,1165,1275,20,22,24,,21072,13600,0.55,0.76,1174,11,50,2274,,,,Suburban,false,false,August 15,,36001,21,21072,0.76,,,,,,,45
Gettysburg College,,,,Small,Private,4,,0.39,1240,1350,1460,29,30,32,,35729,16670,0.83,0.91,2099,10,45,2275,,,,Suburban,false,false,January 15,,59316,36,35729,0.57,,,,,,,66
Glendale University College of Law,,,,Small,Private For-Profit,,,0.6,,1100,,,25,,,20000,12000,0.6,0.7,500,,,,,,,Urban,true,false,Rolling,,15000,15000,20000,0.7,,,,,,,46
Glenville State University,,,,Small,Public,4,,1,850,935,1020,16,19,22,,16745,11726,0.39,0.63,1184,17,23,5254,,,,Rural,false,false,Not available,,7000,17,16745,0.6,,,,,,,28
Gods Bible School And College,,,,Small,Private,4,,0.64,,1100,,,25,,,7233,5160,0.64,0.78,500,9,15,,,,,Urban,false,false,Not available,,15000,7,7233,0.75,,,,,,,32
Goddard College,,,,Small,Private,4,,0.86,,1150,,,24,,,29344,2036,0.75,0.8,160,6,14,,,,,Rural,false,false,Not available,,20000,29,29344,0.8,,,,,,,28
Golden Gate University,,,,Small,Private,4,,0.5,,1200,,,25,,,30000,15040,0.6,0.6,156,7,43,4329,,,,Urban,false,false,August 11,,20000,20000,30000,0.17,,,,,,,11
Goldey-Beacom College,,,,Small,Private,4,,0.55,860,965,1070,15,16,17,,17417,18054,0.57,0.7,614,20,28,5255,,,,"$17,417",false,false,Not available,,15000,17,17417,0.7,,,,,,,42
Gonzaga University,,,,Medium,Private,4,,0.82,1200,1292,1385,27,29,31,,40295,16630,0.87,0.93,5198,12,66,4330,,,,Urban,false,false,February 1,,43817,40,40295,0.45,,,,,,,55
Gordon College,,,,Small,Private,4,,0.86,1143,1236,1330,25,28,31,,25250,14150,0.68,0.84,1278,10,79,3417,,,,Suburban,false,false,August 28,,22388,25,25250,0.5,,,,,,,47
Gordon Conwell Theological Seminary,,,,Small,Private,,,0.5,,1200,,,25,,,20000,12000,0.85,0.8,500,,,,,,,Suburban,true,false,2024-01-15,,20000,20000,20000,0.75,,,,,,,53
Goshen College,,,,Small,Private,4,,0.84,890,975,1060,26,28,30,,17040,12240,0.6,0.8,774,9,54,1251,,,,Suburban,false,false,July 1,,36644,17,17040,0.7,,,,,,,46
Goucher College,,,,Small,Private,4,,0.78,1115,1228,1340,26,28,30,,28749,16650,0.6,0.79,964,9,56,5257,,,,Suburban,false,false,January 15,,51113,29,28749,0.69,,,,,,,48
Governors State University,,,,Small,Public,4,,0.48,,1100,,13,14,14,,10833,12129,0.2,0.55,2553,11,67,807,,,,Suburban,false,false,April 1,,22028,11,10833,0.54,,,,,,,39
Grace Bible College,,,,Small,Private,,,0.6,,1100,,,25,,,20000,12000,0.7,0.75,500,,,,,,,Suburban,true,false,2024-01-01,,20000,20000,20000,0.8,,,,,,,48
Grace College,,,,Small,Private,4,,0.85,,1100,,,25,,,70,10980,0.7,0.79,1000,18,77,,,,,Suburban,false,false,Not available,,18,22,70,0.75,,,,,,,25
Grace College,,,,Small,Private,4,,0.85,,1200,,,25,,,21680,10980,0.7,0.79,1500,18,77,,,,,Suburban,false,false,Not available,,15000,22,21680,0.7,,,,,,,25
Graceland University,,,,Small,Private,4,,0.81,950,1025,1100,17,20,23,,16632,11460,0.38,0.56,791,12,38,6249,,,,Rural,false,false,Not available,,20278,17,16632,0.72,,,,,,,35
Graduate Theological Union,,,,Small,Private,,,0.5,,1200,,,25,,,20000,12000,0.75,0.85,500,,,,,,,Urban,true,false,2024-01-15,,20000,20000,20000,0.8,,,,,,,52
Grambling State University,,,,Medium,Public,4,,0.42,,1050,,,21,,,19092,11733,0.32,0.72,5000,25,43,6250,,,,Rural,false,false,August 31,,25,19,19092,0.6,,,,,,,29
Grand Canyon University,,,,Large,Private,4,,0.78,,1100,,,25,,,22239,8900,0.43,0.7,20000,20,115,,,,,Urban,false,false,Not available,,8000,22,22239,0.6,,,,,,,21
Grand Valley State University,,,,Large,Public,4,,0.86,940,1060,1180,22,26,30,,17995,11550,0.69,0.76,19002,18,138,1258,,,,Suburban,false,false,August 24,,18546,18,17995,0.56,,,,,,,46
Grand View University,,,,Small,Private,4,,0.98,860,1015,1170,17,20,23,,22296,11966,0.56,0.68,1525,12,59,,,,,Urban,false,false,August 15,,29690,22,22296,0.81,,,,,,,34
Grantham University,,,,Medium,Private For-Profit,,,0.7,,1050,,,21,,,8000,12000,0.5,0.7,5000,,,,,,,Urban,true,false,Rolling,,7000,7000,8000,0.6,,,,,,,42
Gratz College,,,,Small,Private,4,,0.6,,1100,,,25,,,20000,12000,0.7,0.75,500,12,13,,,,,Suburban,false,false,Not available,,15000,15000,20000,0.7,,,,,,,3
Great Lakes Christian College,,,,Small,Private,4,,0.6,,1100,,,25,,,19390,10400,0.22,0.77,500,14,15,,,,,Suburban,false,false,Not available,,14,19,19390,0.8,,,,,,,14
Green Mountain College,,,,Small,Private,,,0.5,,1150,,,24,,,30000,12000,0.65,0.75,600,,,,,,,Rural,true,false,2024-01-15,,20000,20000,30000,0.7,,,,,,,49
Greensboro College,,,,Small,Private,4,,0.84,,1100,,,25,,,19783,12718,0.41,0.59,1200,10,53,,,,,Urban,false,false,Not available,,20000,20,19783,0.7,,,,,,,21
Greenville College,,,,Small,Private,4,,0.94,850,975,1100,16,20,25,,21442,10948,0.51,0.7,901,14,34,1256,,,,Rural,false,false,August 31,,23030,21,21442,0.8,,,,,,,34
Grinnell College,,,,Small,Private,4,,0.15,1430,1475,1520,31,32,34,,33446,17348,0.87,0.93,1729,9,32,6252,,,,"$33,446",false,false,January 15,,67476,33,33446,0.65,,,,,,,80
Grove City College,,,,Small,Private,4,,0.72,1160,1250,1340,23,27,31,,24184,12720,0.8,0.88,2216,13,54,2277,,,,Rural,false,false,November 1,,13414,24,24184,0.42,,,,,,,53
Guilford College,,,,Small,Private,4,,0.97,960,1065,1170,18,22,25,,22620,13750,0.48,0.58,1025,11,44,5261,,,,Suburban,false,false,July 1,,31490,23,22620,0.46,,,,,,,33
Gustavus Adolphus College,,,,Small,Private,4,,0.62,,1250,,25,28,31,,76,12264,0.76,0.84,1891,11,50,,,,,Rural,false,false,April 1,,11,29,76,0.8,,,,,,,56
Gwynedd Mercy University,,,,Small,Private,4,,0.9,1043,1106,1170,25,26,28,,66,30538,0.66,0.78,79,12,46,2278,,,,"$26,733",false,false,August 20,,12,27,66,0.8,,,,,,,42
Hagerstown Community College,,,,Small,Public,2,,0.7,,1050,,,21,,,7188,12000,0.5,0.61,2950,19,54,5290,,,,Suburban,false,false,Not available,,7000,7,7188,0.6,,,,,,,11
Hamilton College,,,,Small,Private,4,,0.14,1460,1495,1530,33,34,35,,26021,18460,0.91,0.94,2030,8,44,2286,,,,Rural,false,false,January 3,,64435,26,26021,0.52,,,,,,,83
Orion Technical College,,,,Small,Private,4,,0.7,,1050,,,21,,,20650,12000,1,0.75,800,11,5,,,,,Suburban,false,false,Not available,,8000,21,20650,0.6,,,,,,,18
Hamline University,,,,Small,Private,4,,0.75,1005,1088,1170,19,24,28,,22759,12830,0.58,0.74,1690,13,82,6265,,,,Urban,false,false,January 15,,20000,23,22759,0.8,,,,,,,45
Hampden-Sydney College,,,,Small,Private,,,0.4,,1250,,,27,,,48000,13000,0.8,0.85,1000,,,,,,,Rural,true,false,2024-01-15,,20000,20000,48000,0.75,,,,,,,58
Hampshire College,,,,Small,Private,,,0.5,,1300,,,28,,,54000,15000,0.7,0.8,800,,,,,,,Rural,true,false,2024-01-01,,25000,25000,54000,0.8,,,,,,,54
Hampton College,,,,Medium,Private,,,0.5,,1200,,,25,,,25000,12000,0.7,0.8,6000,,,,,,,Urban,true,false,2024-01-15,,15000,15000,25000,0.7,,,,,,,55
Hampton University,,,,Small,Private,,,0.5,,1100,,,24,,,20000,12000,0.6,0.75,4000,,,,,,,Suburban,true,false,2024-01-15,,15000,15000,20000,0.7,,,,,,,51
Hannibal-Lagrange College,,,,Small,Private,,,0.6,,1100,,,25,,,20000,12000,0.6,0.7,800,,,,,,,Rural,true,false,2024-08-01,,15000,15000,20000,0.7,,,,,,,46
Hanover College,,,,Small,Private,,,0.5,,1150,,,24,,,40000,12000,0.7,0.8,1000,,,,,,,Rural,true,false,2024-01-01,,20000,20000,40000,0.7,,,,,,,51
Hardin-Simmons University,,,,Small,Private,,,0.5,,1100,,,25,,,30000,12000,0.6,0.7,1500,,,,,,,Suburban,true,false,2024-01-15,,15000,15000,30000,0.7,,,,,,,50
Harding University,,,,Medium,Private,,,0.5,,1200,,,25,,,20000,12000,0.7,0.8,5000,,,,,,,Rural,true,false,2024-01-15,,15000,15000,20000,0.7,,,,,,,55
Harding University Graduate School of Religion,,,,Small,Private,,,0.5,,1200,,,25,,,20000,12000,0.7,0.8,500,,,,,,,Rural,true,false,2024-01-15,,20000,20000,20000,0.8,,,,,,,51
Harrington Institute of Interior Design,,,,Small,Private,,,0.5,,1150,,,24,,,25000,12000,0.7,0.8,600,,,,,,,Urban,true,false,Rolling,,20000,20000,25000,0.75,,,,,,,51
Harris-Stowe State University,,,,Small,Public,4,,0.51,,1100,,15,17,19,,9302,13588,0.27,0.64,1383,8,23,,,,,Urban,false,false,Not available,,8000,9,9302,0.6,,,,,,,42
Hartford College for Women,,,,Small,Private,,,0.5,,1200,,,25,,,30000,12000,0.75,0.85,1000,,,,,,,Urban,true,false,2024-01-15,,20000,20000,30000,0.7,,,,,,,53
Hartford Graduate Center (Rensselaer at Hartford),,,,Small,Private,,,0.5,,1250,,,27,,,25000,12000,0.7,0.8,1000,,,,,,,Urban,true,false,2024-01-15,,20000,20000,25000,0.7,,,,,,,53
Hartwick College,,,,Small,Private,,,0.5,,1150,,,24,,,45000,14000,0.65,0.75,1500,,,,,,,Suburban,true,false,2024-01-15,,20000,20000,45000,0.7,,,,,,,50
Harvard College,,,,Small,Private,4,,0.04,,1480,,34,35,36,,55000,74387,0.98,0.98,54,7,,3434,,,,Not available,false,false,January 1,,74387,20000,55000,0.54,,,,,,,69
Harvey Mudd College,,,,Small,Private,4,,0.13,1510,1535,1560,34,35,36,,42720,22318,0.94,0.96,921,8,31,4341,,,,Suburban,false,false,January 5,,60616,43,42720,0.44,,,,,,,83
Hastings College,,,,Small,Private,4,,0.65,970,1084,1198,18,22,27,,21821,12590,0.53,0.66,893,14,67,6270,,,,Rural,false,false,August 1,,31475,22,21821,0.68,,,,,,,44
Haverford College,,,,Small,Private,,,0.12,1470,1505,1540,33,34,35,,89,20032,0.89,0.94,1430,9,50,2289,,,,"$22,828",false,false,January 15,,9,23,89,0.75,,,,,,,82
Hawaii Pacific University,,,,Small,Private,4,,0.86,1018,1104,1190,19,23,27,,32204,20976,0.41,0.56,2392,15,56,,,,,Urban,false,false,August 25,,25311,32,32204,0.6,,,,,,,37
Heartland Baptist Bible College,,,,Small,Private,,,0.7,,1100,,,25,,,15000,12000,0.7,0.75,300,,,,,,,Suburban,true,false,Rolling,,15000,15000,15000,0.8,,,,,,,44
Hebrew College,,,,Small,Private,,,0.5,,1200,,,25,,,30000,12000,0.7,0.8,500,,,,,,,Suburban,true,false,2024-01-15,,20000,20000,30000,0.8,,,,,,,51
Heidelberg University,,,,Small,Private,4,,0.86,1030,1108,1185,19,22,24,,19620,12715,0.5,0.74,915,15,51,1292,,,,Rural,false,false,Not available,,26790,20,19620,0.78,,,,,,,38
Henderson State University,,,,Small,Public,4,,0.71,,1100,,,24,,,16929,8680,0.39,0.57,3500,16,88,6272,,,,Rural,false,false,Not available,,8000,17,16929,0.65,,,,,,,22
Hendrix College,,,,Small,Private,4,,0.56,1120,1225,1330,23,27,31,,24236,14746,0.69,0.79,1100,11,29,6273,,,,Suburban,false,false,August 1,,35859,24,24236,0.56,,,,,,,55
Heritage University,,,,Small,Private,4,,0.77,,1100,,,25,,,11934,17868,0.4,0.57,812,7,43,,,,,Rural,false,false,August 22,,17486,12,11934,0.7,,,,,,,24
Hesser College,,,,Small,Private For-Profit,,,0.7,,1100,,,25,,,15000,12000,0.6,0.7,1000,,,,,,,Urban,true,false,Rolling,,10000,10000,15000,0.7,,,,,,,43
High Point University,,,,Small,Private,4,,0.76,1120,1200,1280,23,26,29,,43578,20198,0.69,0.85,4965,17,85,5293,,,,Suburban,false,false,March 1,,26086,44,43578,0.43,,,,,,,49
Hilbert College,,,,Small,Private,,,0.6,,1100,,,25,,,20000,13000,0.65,0.75,800,,,,,,,Suburban,true,false,2024-01-15,,15000,15000,20000,0.7,,,,,,,47
Hillsdale College,,,,Small,Private,,,0.2,,1350,,,30,,,20000,12000,0.85,0.9,1500,,,,,,,Rural,false,false,2024-01-15,,15000,15000,20000,0.7,,,,,,,68
Hiram College,,,,Small,Private,4,,0.92,830,930,1030,16,20,23,,21362,12340,0.59,0.72,777,11,51,1297,,,,Rural,false,false,Not available,,23164,21,21362,0.81,,,,,,,36
Hobart and William Smith Colleges,,,,Small,Private,4,,0.64,1180,1275,1370,28,30,32,,33172,15925,0.73,0.86,1786,11,54,2294,,,,Suburban,false,false,February 1,,54912,33,33172,0.67,,,,,,,56
Hobe Sound Bible College,,,,Small,Private,4,,0.7,,1100,,,25,,,10226,12000,0.67,0.71,300,6,18,,,,,Suburban,false,false,Not available,,10000,10,10226,0.8,,,,,,,22
Hodges University,,,,Small,Private For-Profit,,,0.7,,1100,,,24,,,15000,12000,0.5,0.7,1000,,,,,,,Suburban,true,false,Rolling,,8000,8000,15000,0.6,,,,,,,41
Hofstra University,,,,Medium,Private,4,,0.68,1250,1315,1380,27,30,32,,35687,19318,0.67,0.84,6488,13,198,,,,,Suburban,false,false,Not available,,38924,36,35687,0.66,,,,,,,56
Hollins University,,,,Small,Private,,,0.5,,1200,,,25,,,50000,13000,0.7,0.8,800,,,,,,,Suburban,true,false,2024-01-15,,20000,20000,50000,0.75,,,,,,,51
Holy Apostles College,,,,Small,Private,,,0.6,,1100,,,25,,,20000,12000,0.7,0.75,500,,,,,,,Suburban,true,false,Rolling,,20000,20000,20000,0.8,,,,,,,48
Holy Cross College,,,,Small,Private,,,0.5,,1250,,,27,,,30000,12000,0.8,0.85,700,,,,,,,Suburban,true,false,2024-01-15,,20000,20000,30000,0.75,,,,,,,55
Holy Family College,,,,Small,Private,,,0.5,,1100,,,25,,,30000,12000,0.65,0.75,1500,,,,,,,Urban,true,false,2024-01-15,,20000,20000,30000,0.8,,,,,,,51
Holy Names College,,,,Small,Private,,,0.5,,1150,,,24,,,35000,13000,0.65,0.75,800,,,,,,,Urban,true,false,2024-01-15,,20000,20000,35000,0.75,,,,,,,49
Hood College,,,,Small,Private,,,0.5,,1150,,,24,,,40000,13000,0.7,0.8,2500,,,,,,,Suburban,true,false,2024-01-15,,20000,20000,40000,0.7,,,,,,,52
Hope College,,,,Small,Private,,,0.4,,1250,,,28,,,35000,13000,0.75,0.85,3200,,,,,,,Suburban,true,false,2024-01-15,,20000,20000,35000,0.7,,,,,,,60
Hope International University,,,,Small,Private,,,0.6,,1100,,,25,,,30000,12000,0.6,0.7,1500,,,,,,,Suburban,true,false,2024-01-15,,20000,20000,30000,0.75,,,,,,,47
Houghton College,,,,Small,Private,,,0.5,,1200,,,25,,,20000,13000,0.7,0.8,800,,,,,,,Rural,true,false,2024-01-01,,20000,20000,20000,0.7,,,,,,,51
Houston Baptist University,,,,Small,Private,,,0.5,,1150,,,24,,,32000,12000,0.6,0.75,3000,,,,,,,Urban,true,false,2024-01-15,,15000,15000,32000,0.7,,,,,,,51
Howard Payne University,,,,Small,Private,,,0.5,,1100,,,24,,,30000,12000,0.6,0.7,1200,,,,,,,Rural,true,false,2024-01-15,,15000,15000,30000,0.7,,,,,,,49
Howard University,,,,Medium,Private,,,0.4,,1200,,,25,,,30000,15000,0.7,0.8,10000,,,,,,,Urban,true,false,2024-01-15,,12000,12000,30000,0.7,,,,,,,58
Humboldt State University,,,,Medium,Public,,,0.65,,1150,,,24,,,20000,13000,0.6,0.75,7000,,,,,,,Rural,true,false,2024-01-15,,8000,8000,20000,0.6,,,,,,,48
Humphreys College,,,,Small,Private,,,0.6,,1100,,,25,,,20000,12000,0.6,0.75,1000,,,,,,,Urban,true,false,Rolling,,15000,15000,20000,0.7,,,,,,,47
Huntington College,,,,Small,Private,,,0.6,,1100,,,25,,,30000,12000,0.65,0.75,1000,,,,,,,Suburban,true,false,2024-01-15,,20000,20000,30000,0.7,,,,,,,47
Huron University,,,,Small,Private,,,0.5,,1150,,,24,,,20000,12000,0.6,0.75,800,,,,,,,Rural,true,false,2024-01-15,,15000,15000,20000,0.7,,,,,,,49
Husson College,,,,Small,Private,,,0.6,,1100,,,25,,,20000,12000,0.6,0.75,3000,,,,,,,Suburban,true,false,2024-01-15,,15000,15000,20000,0.7,,,,,,,49
Huston-Tillotson College,,,,Small,Private,,,0.6,,1100,,,25,,,15000,12000,0.5,0.7,800,,,,,,,Urban,true,false,2024-01-15,,15000,15000,15000,0.7,,,,,,,44
ICI University,,,,Medium,Private For-Profit,,,0.65,,1100,,,25,,,15000,12000,0.6,0.75,7000,,,,,,,Urban,true,false,Rolling,,8000,8000,15000,0.65,,,,,,,49
ICT College,,,,Small,Private For-Profit,,,0.7,,1100,,,24,,,15000,12000,0.6,0.75,1000,,,,,,,Urban,true,false,Rolling,,10000,10000,15000,0.6,,,,,,,43
Idaho State University,,,,Medium,Public,,,0.7,,1100,,,24,,,22000,12000,0.6,0.75,12000,,,,,,,Suburban,true,false,2024-01-15,,7000,7000,22000,0.6,,,,,,,47
Iglobal University,,,,Medium,Private For-Profit,,,0.6,,1100,,,25,,,20000,12000,0.6,0.7,8000,,,,,,,Urban,true,false,2024-01-15,,10000,10000,20000,0.7,,,,,,,50
Illinois Benedictine University,,,,Small,Private,,,0.5,,1100,,,24,,,32000,12000,0.6,0.7,2000,,,,,,,Suburban,true,false,2024-01-15,,20000,20000,32000,0.8,,,,,,,49
Illinois College,,,,Small,Private,,,0.5,,1150,,,24,,,35000,12000,0.7,0.75,1000,,,,,,,Rural,true,false,2024-01-15,,20000,20000,35000,0.8,,,,,,,50
Illinois College of Optometry,,,,Small,Private,,,0.4,,1300,,,28,,,45000,12000,0.85,0.9,500,,,,,,,Urban,true,false,2024-01-15,,20000,20000,45000,0.7,,,,,,,60
Illinois Institute of Technology,,,,Medium,Private,,,0.5,,1350,,,30,,,50000,14000,0.75,0.85,7000,,,,,,,Urban,true,false,2024-01-15,,20000,20000,50000,0.7,,,,,,,60
Illinois School of Professional Psychology - Chicago Campus,,,,Small,Private For-Profit,,,0.5,,1150,,,24,,,20000,12000,0.7,0.8,1000,,,,,,,Urban,true,false,Rolling,,20000,20000,20000,0.7,,,,,,,51
Illinois School of Professional Psychology - Meadows Campus,,,,Small,Private,,,0.5,,1200,,,25,,,25000,12000,0.7,0.8,1000,,,,,,,Urban,true,false,Rolling,,20000,20000,25000,0.75,,,,,,,52
Illinois State University,,,,Large,Public,,,0.63,,1200,,,25,,,30000,12000,0.66,0.81,20000,,,,,,,Suburban,true,false,2024-01-01,,8000,8000,30000,0.65,,,,,,,51
Illinois Valley Community College,,,,Small,Public,,,0.7,,1050,,,21,,,16000,12000,0.5,0.7,2000,,,,,,,Rural,true,false,Rolling,,7000,7000,16000,0.6,,,,,,,40
Illinois Wesleyan University,,,,Small,Private,,,0.45,,1250,,,28,,,50000,13000,0.85,0.88,1500,,,,,,,Urban,true,false,2024-01-15,,20000,20000,50000,0.75,,,,,,,59
Immaculata University,,,,Small,Private,,,0.5,,1150,,,24,,,32000,13000,0.7,0.75,2000,,,,,,,Suburban,true,false,2024-01-15,,20000,20000,32000,0.8,,,,,,,51
IMPAC University,,,,Medium,Private,,,0.5,,1200,,,25,,,25000,12000,0.7,0.8,8000,,,,,,,Suburban,true,false,2024-01-15,,15000,15000,25000,0.7,,,,,,,55
Indiana Institute of Technologyy,,,,Small,Private For-Profit,,,0.6,,1100,,,24,,,20000,12000,0.5,0.7,3000,,,,,,,Urban,true,false,Rolling,,10000,10000,20000,0.6,,,,,,,46
Indiana State University,,,,Medium,Public,,,0.7,,1100,,,24,,,25000,12000,0.6,0.75,12000,,,,,,,Urban,true,false,2024-01-15,,8000,8000,25000,0.65,,,,,,,47
Indiana University (System),,,,Large,Public,,,0.6,,1300,,,28,,,35000,13000,0.7,0.85,42000,,,,,,,Suburban,true,false,2024-01-01,,8000,8000,35000,0.65,,,,,,,54
Indiana University - East,,,,Small,Public,,,0.7,,1100,,,24,,,20000,12000,0.5,0.7,3000,,,,,,,Rural,true,false,2024-01-15,,8000,8000,20000,0.6,,,,,,,43
Indiana University - Northwest,,,,Medium,Public,,,0.6,,1100,,,25,,,25000,12000,0.5,0.7,6000,,,,,,,Urban,true,false,2024-01-15,,8000,8000,25000,0.6,,,,,,,48
Indiana University - Southeast,,,,Medium,Public,,,0.6,,1100,,,25,,,25000,12000,0.5,0.7,5000,,,,,,,Suburban,true,false,2024-01-15,,8000,8000,25000,0.6,,,,,,,48
Indiana University at Bloomington,,,,Large,Public,,,0.65,,1300,,,28,,,35000,12000,0.73,0.87,43000,,,,,,,Urban,true,false,2024-01-01,,8000,8000,35000,0.65,,,,,,,53
Indiana University at Kokomo,,,,Small,Public,,,0.6,,1100,,,24,,,20000,12000,0.5,0.7,3000,,,,,,,Suburban,true,false,2024-01-15,,8000,8000,20000,0.6,,,,,,,46
Indiana University at South Bend,,,,Medium,Public,,,0.6,,1100,,,25,,,20000,12000,0.5,0.7,6000,,,,,,,Urban,true,false,2024-01-15,,8000,8000,20000,0.6,,,,,,,48
Indiana University of Pennsylvania,,,,Medium,Public,,,0.7,,1100,,,25,,,22000,12000,0.6,0.75,10000,,,,,,,Suburban,true,false,2024-01-15,,8000,8000,22000,0.6,,,,,,,47
Indiana University-Purdue University at Columbus,,,,Small,Public,,,0.6,,1130,,,24,,,22000,12000,0.6,0.75,3000,,,,,,,Suburban,true,false,2024-01-01,,8000,8000,22000,0.6,,,,,,,48
Indiana University-Purdue University at Fort Wayne,,,,Medium,Public,,,0.6,,1150,,,24,,,20000,12000,0.5,0.7,8000,,,,,,,Urban,true,false,2024-01-15,,7000,7000,20000,0.6,,,,,,,47
Indiana University-Purdue University at Indianapolis,,,,Large,Public,,,0.6,,1200,,,25,,,30000,12000,0.6,0.8,29000,,,,,,,Urban,true,false,2024-01-15,,8000,8000,30000,0.6,,,,,,,50
Indiana Wesleyan University,,,,Medium,Private,,,0.5,,1100,,,25,,,32000,12000,0.65,0.75,8000,,,,,,,Suburban,true,false,2024-01-15,,20000,20000,32000,0.7,,,,,,,54
Institute of Clinical Social Work,,,,Small,Private,,,0.6,,1150,,,24,,,25000,12000,0.7,0.8,3000,,,,,,,Urban,true,false,2024-01-15,,20000,20000,25000,0.75,,,,,,,50
Institute of Paper Science and Technology,,,,Small,Public,,,0.5,,1200,,,25,,,30000,12000,0.6,0.8,1000,,,,,,,Urban,true,false,2024-01-15,,8000,8000,30000,0.6,,,,,,,50
Institute of Textile Technology,,,,Small,Private For-Profit,,,0.6,,1100,,,25,,,30000,12000,0.6,0.7,1000,,,,,,,Urban,true,false,2024-01-15,,8000,8000,30000,0.6,,,,,,,46
Institute of Transpersonal Psychology,,,,Small,Private,,,0.5,,1200,,,25,,,20000,12000,0.7,0.8,3000,,,,,,,Suburban,true,false,Rolling,,20000,20000,20000,0.75,,,,,,,54
IntelliTec College - Grand Junction,,,,Small,Private For-Profit,,,0.7,,1050,,,21,,,15000,12000,0.6,0.7,800,,,,,,,Urban,true,false,Rolling,,8000,8000,15000,0.6,,,,,,,40
International Academy of Merchandising and Design Chicago,,,,Small,Private For-Profit,,,0.7,,1100,,,24,,,20000,12000,0.6,0.7,1000,,,,,,,Urban,true,false,Rolling,,15000,15000,20000,0.8,,,,,,,42
International Academy of Merchandising and Design Tampa,,,,Small,Private For-Profit,,,0.7,,1100,,,25,,,20000,12000,0.6,0.7,1000,,,,,,,Urban,true,false,Rolling,,15000,15000,20000,0.7,,,,,,,43
International Bible College,,,,Small,Private,,,0.6,,1100,,,25,,,20000,12000,0.7,0.75,500,,,,,,,Urban,true,false,Rolling,,15000,15000,20000,0.8,,,,,,,48
International College,,,,Medium,Private,,,0.5,,1200,,,25,,,25000,12000,0.75,0.85,8000,,,,,,,Urban,true,false,2024-01-15,,20000,20000,25000,0.7,,,,,,,56
Iona College,,,,Small,Private,,,0.5,,1200,,,25,,,40000,15000,0.7,0.8,4000,,,,,,,Suburban,true,false,2024-01-15,,20000,20000,40000,0.7,,,,,,,54
Iowa State University of Science and Technology,,,,Large,Public,,,0.7,,1250,,,27,,,25000,12000,0.7,0.85,30000,,,,,,,Suburban,true,false,2024-01-01,,8000,8000,25000,0.65,,,,,,,51
Iowa Wesleyan College,,,,Small,Private,,,0.6,,1100,,,24,,,30000,12000,0.6,0.7,600,,,,,,,Rural,true,false,2024-08-01,,15000,15000,30000,0.8,,,,,,,45
Ithaca College,,,,Medium,Private,,,0.6,,1300,,,28,,,50000,14000,0.75,0.85,6000,,,,,,,Suburban,true,false,2024-01-01,,20000,20000,50000,0.7,,,,,,,55
ITT Technical Institute Fort Wayne,,,,Small,Private For-Profit,,,0.7,,1000,,,20,,,15000,12000,0.6,0.7,1500,,,,,,,Urban,true,false,Rolling,,8000,8000,15000,0.6,,,,,,,40
ITT Technical Institute Indianapolis,,,,Small,Private For-Profit,,,0.7,,1050,,,21,,,15000,12000,0.6,0.7,3000,,,,,,,Urban,true,false,Rolling,,8000,8000,15000,0.6,,,,,,,42
ITT Technical Institute Maitland,,,,Small,Private For-Profit,,,0.7,,1000,,,20,,,15000,12000,0.6,0.7,1000,,,,,,,Suburban,true,false,Rolling,,8000,8000,15000,0.6,,,,,,,40
ITT Technical Institute Portland,,,,Small,Private For-Profit,,,0.7,,1050,,,21,,,15000,12000,0.5,0.7,2000,,,,,,,Urban,true,false,Rolling,,8000,8000,15000,0.6,,,,,,,40
ITT Technical Institute West Covina,,,,Small,Private For-Profit,,,0.7,,1050,,,21,,,15000,12000,0.6,0.75,1000,,,,,,,Suburban,true,false,Rolling,,10000,10000,15000,0.6,,,,,,,41
Jackson State University,,,,Medium,Public,,,0.6,,1050,,,21,,,18000,12000,0.5,0.7,8000,,,,,,,Urban,true,false,2024-05-01,,8000,8000,18000,0.6,,,,,,,45
Jacksonville State University,,,,Medium,Public,,,0.6,,1100,,,24,,,20000,12000,0.5,0.7,8000,,,,,,,Rural,true,false,2024-08-01,,8000,8000,20000,0.6,,,,,,,47
Jacksonville University,,,,Small,Private,,,0.5,,1200,,,25,,,20000,13000,0.6,0.75,4000,,,,,,,Urban,true,false,2024-01-15,,15000,15000,20000,0.7,,,,,,,52
James Madison University,,,,Large,Public,,,0.62,,1230,,,27,,,30000,13000,0.73,0.87,22000,,,,,,,Suburban,true,false,2024-01-15,,8000,8000,30000,0.6,,,,,,,54
Jamestown College,,,,Small,Private,,,0.6,,1150,,,24,,,20000,12000,0.65,0.75,1000,,,,,,,Rural,true,false,2024-01-15,,15000,15000,20000,0.7,,,,,,,47
Jarvis Christian College,,,,Small,Private,,,0.7,,1000,,,20,,,15000,12000,0.5,0.7,800,,,,,,,Rural,true,false,Rolling,,10000,10000,15000,0.8,,,,,,,38
John Brown University,,,,Small,Private,,,0.5,,1200,,,25,,,30000,12000,0.7,0.8,2000,,,,,,,Suburban,true,false,2024-01-15,,15000,15000,30000,0.7,,,,,,,53
John Carroll University,,,,Small,Private,,,0.6,,1200,,,25,,,45000,13000,0.75,0.85,3000,,,,,,,Suburban,true,false,2024-01-15,,20000,20000,45000,0.7,,,,,,,52
John F. Kennedy University,,,,Small,Private,,,0.6,,1100,,,25,,,20000,12000,0.65,0.75,1500,,,,,,,Suburban,true,false,2024-01-15,,15000,15000,20000,0.75,,,,,,,48
John Marshall Law School,,,,Small,Private,,,0.5,,1500,,,32,,,45000,15000,0.7,0.8,1000,,,,,,,Urban,true,false,2024-04-01,,20000,20000,45000,0.7,,,,,,,57
John Paul the Great Catholic University,,,,Small,Private,,,0.6,,1200,,,25,,,30000,12000,0.7,0.75,500,,,,,,,Suburban,true,false,2024-01-15,,20000,20000,30000,0.8,,,,,,,48
John Wesley College,,,,Small,Private,,,0.5,,1150,,,24,,,20000,12000,0.7,0.75,800,,,,,,,Suburban,true,false,2024-01-15,,20000,20000,20000,0.8,,,,,,,50
Johns Hopkins University,,,,Medium,Private,,,0.1,,1480,,,33,,,58000,15000,0.9,0.95,15000,,,,,,,Urban,true,false,2024-01-02,,20000,20000,58000,0.7,,,,,,,81
Johnson & Wales University,,,,Medium,Private,,,0.5,,1150,,,25,,,32000,13000,0.65,0.75,8000,,,,,,,Urban,true,false,2024-01-15,,20000,20000,32000,0.7,,,,,,,54
"Johnson & Wales University, Charleston",,,,Medium,Private,,,0.5,,1200,,,25,,,30000,12000,0.6,0.75,5000,,,,,,,Urban,true,false,2024-01-15,,20000,20000,30000,0.7,,,,,,,53
Johnson Bible College,,,,Small,Private,,,0.6,,1100,,,25,,,20000,12000,0.7,0.75,800,,,,,,,Suburban,true,false,2024-01-15,,20000,20000,20000,0.8,,,,,,,48
Johnson C. Smith University,,,,Small,Private,,,0.5,,1100,,,24,,,15000,12000,0.5,0.7,3000,,,,,,,Urban,true,false,2024-01-15,,10000,10000,15000,0.7,,,,,,,49
Johnson County Community College,,,,Medium,Public,,,0.7,,1100,,,24,,,12000,12000,0.5,0.7,11000,,,,,,,Suburban,true,false,Rolling,,7000,7000,12000,0.6,,,,,,,45
Johnson State College,,,,Small,Public,,,0.6,,1100,,,25,,,30000,12000,0.6,0.75,1000,,,,,,,Rural,true,false,2024-01-15,,8000,8000,30000,0.65,,,,,,,47
Jones College,,,,Small,Private,,,0.5,,1200,,,25,,,20000,12000,0.7,0.8,1500,,,,,,,Suburban,true,false,2024-01-15,,15000,15000,20000,0.7,,,,,,,52
Jones International University,,,,Medium,Private For-Profit,,,0.6,,1100,,,25,,,20000,12000,0.6,0.7,5000,,,,,,,Urban,true,false,Rolling,,15000,15000,20000,0.7,,,,,,,49
Judson College Elgin,,,,Small,Private,,,0.5,,1100,,,25,,,25000,12000,0.6,0.7,800,,,,,,,Suburban,true,false,2024-01-01,,20000,20000,25000,0.7,,,,,,,49
Judson College Marion,,,,Small,Private,,,0.6,,1100,,,24,,,20000,12000,0.6,0.7,500,,,,,,,Rural,true,false,2024-01-01,,15000,15000,20000,0.7,,,,,,,45
Juniata College,,,,Small,Private,4,,0.79,1095,1192,1290,21,25,29,,28925,14600,0.69,0.83,1191,11,83,2341,,,,Rural,false,false,March 15,,42544,29,28925,0.74,,,,,,,47
Kalamazoo College,,,,Small,Private,4,,0.76,1208,1289,1370,34,35,36,,26050,13257,0.82,0.85,1175,10,28,,,,,Suburban,false,false,January 15,,61080,26,26050,0.66,,,,,,,57
Kankakee Community College,,,,Small,Public,2,,0.7,,1050,,,21,,,5642,12000,0.5,0.59,2000,14,50,,,,,Rural,false,false,Not available,,7000,6,5642,0.6,,,,,,,9
Kansas City Art Institute,,,,Small,Private,4,,0.6,830,995,1160,19,24,30,,30142,13690,0.65,0.78,812,10,13,6330,,,,Urban,false,false,Not available,,34160,30,30142,0.78,,,,,,,51
Kansas State University,,,,Large,Public,4,,0.82,1060,1158,1255,20,24,27,,18745,11270,0.7,0.86,15124,19,189,,,,,Suburban,false,false,Not available,,17015,19,18745,0.43,,,,,,,47
Kansas Wesleyan University,,,,Small,Private,4,,0.5,970,1038,1105,17,20,23,,23419,12404,0.38,0.6,895,13,44,,,,,Suburban,false,false,Not available,,25717,23,23419,0.81,,,,,,,29
Kaplan University,,,,Medium,Private For-Profit,,,0.7,,1100,,,25,,,15000,12000,0.6,0.7,8000,,,,,,,Urban,true,false,Rolling,,10000,10000,15000,0.7,,,,,,,47
Katharine Gibbs School,,,,Small,Private For-Profit,,,0.7,,1100,,,25,,,20000,12000,0.6,0.7,1000,,,,,,,Urban,true,false,Rolling,,15000,15000,20000,0.8,,,,,,,43
Kean University of New Jersey,,,,Medium,Public,,,0.6,,1100,,,25,,,26000,14000,0.6,0.75,15000,,,,,,,Suburban,true,false,2024-01-01,,8000,8000,26000,0.6,,,,,,,51
Keck Graduate Institute of Applied Life Sciences,,,,Small,Private,,,0.3,,1350,,,30,,,55000,15000,0.85,0.9,800,,,,,,,Suburban,true,false,2024-01-15,,20000,20000,55000,0.7,,,,,,,64
Keene State College,,,,Small,Public,4,,0.9,930,1035,1140,,24,,,20405,13766,0.58,0.78,2718,17,85,3472,,,,Suburban,false,false,April 1,,17075,20,20405,0.64,,,,,,,37
Keller Graduate School of Management,,,,Medium,Private For-Profit,,,0.7,,1100,,,24,,,20000,12000,0.6,0.7,5000,,,,,,,Suburban,true,false,Rolling,,15000,15000,20000,0.7,,,,,,,46
Kendall College,,,,Small,Private For-Profit,,,0.7,,1100,,,24,,,20000,12000,0.6,0.75,1000,,,,,,,Urban,true,false,Rolling,,15000,15000,20000,0.8,,,,,,,43
Kendall College of Art and Design,,,,Small,Private,,,0.5,,1150,,,24,,,30000,12000,0.6,0.75,1000,,,,,,,Urban,true,false,2024-01-15,,15000,15000,30000,0.7,,,,,,,49
Kennesaw State University,,,,Large,Public,4,,0.69,1010,1110,1210,19,20,22,,17566,13795,0.48,0.77,41268,23,125,5359,,,,Suburban,false,false,June 30,,17357,18,17566,0.65,,,,,,,43
Kent State University,,,,Large,Public,4,,0.86,1020,1125,1230,18,22,25,,20333,13920,0.65,0.82,19320,20,226,1367,,,,Suburban,false,false,August 1,,15635,20,20333,0.58,,,,,,,43
Kent State University - Ashtabula,,,,Small,Public,,,0.6,,1100,,,25,,,20000,12000,0.5,0.7,1500,,,,,,,Rural,true,false,2024-01-15,,8000,8000,20000,0.6,,,,,,,45
Kent State University - East Liverpool,,,,Small,Public,,,0.6,,1100,,,25,,,20000,12000,0.5,0.7,1000,,,,,,,Rural,true,false,2024-01-15,,8000,8000,20000,0.6,,,,,,,45
Kent State University - Salem,,,,Small,Public,,,0.6,,1100,,,25,,,20000,12000,0.6,0.75,1500,,,,,,,Rural,true,false,2024-01-15,,8000,8000,20000,0.6,,,,,,,47
Kent State University - Stark,,,,Small,Public,,,0.6,,1100,,,25,,,20000,12000,0.5,0.7,3000,,,,,,,Suburban,true,false,2024-01-15,,8000,8000,20000,0.6,,,,,,,47
Kent State University - Trumbull,,,,Small,Public,,,0.6,,1100,,,24,,,20000,12000,0.5,0.7,4000,,,,,,,Suburban,true,false,2024-08-01,,8000,8000,20000,0.6,,,,,,,46
Kent State University - Tuscarawas,,,,Small,Public,,,0.65,,1100,,,24,,,20000,12000,0.55,0.75,1500,,,,,,,Rural,true,false,Rolling,,8000,8000,20000,0.6,,,,,,,44
Kentucky Christian University,,,,Small,Private,4,,0.44,,1100,,,25,,,22209,10780,0.34,0.46,800,13,16,,,,,Rural,false,false,Not available,,15000,22,22209,0.7,,,,,,,30
Kentucky State University,,,,Small,Public,4,,0.93,838,939,1040,12,14,17,,9672,8186,0.28,0.63,1340,13,35,,,,,Urban,false,false,Not available,,20527,10,9672,0.91,,,,,,,28
Kentucky Wesleyan College,,,,Small,Private,4,,0.69,,1100,,,24,,,20867,13340,0.49,0.57,800,12,30,1369,,,,Suburban,false,false,August 1,,15000,21,20867,0.7,,,,,,,26
Kenyon College,,,,Small,Private,4,,0.31,1370,1422,1473,31,32,33,,44470,17380,0.87,0.91,1732,9,35,,,,,Rural,false,false,January 15,,59726,44,44470,0.49,,,,,,,71
Kettering University (GMI),,,,Small,Private,,,0.5,,1300,,,28,,,50000,12000,0.7,0.8,2000,,,,,,,Urban,false,false,2024-01-15,,10000,10000,50000,0.6,,,,,,,55
Keuka College,,,,Small,Private,4,,0.68,940,1025,1110,16,18,19,,26153,14218,0.49,0.73,966,10,39,2350,,,,Rural,false,false,Not available,,5898,26,26153,0.89,,,,,,,42
King University,,,,Small,Private,4,,1,1008,1086,1163,17,20,23,,23282,11426,0.47,0.6,908,11,47,1371,,,,Suburban,false,false,Not available,,31741,23,23282,0.74,,,,,,,32
King's College,,,,Small,Private,4,,0.93,1070,1170,1270,23,26,29,,25608,16000,0.6,0.75,1463,11,53,2353,,,,Urban,false,false,December 1,,39123,26,25608,0.8,,,,,,,41
Kirksville College of Osteopathic Medicine,,,,Small,Private,,,0.4,,1300,,,28,,,30000,12000,0.85,0.9,800,,,,,,,Rural,true,false,2024-01-15,,20000,20000,30000,0.7,,,,,,,60
Kirkwood Community College,,,,Medium,Public,2,,0.7,,1050,,,21,,,8499,12000,0.6,0.67,10000,19,80,,,,,Suburban,false,false,Not available,,7000,8,8499,0.6,,,,,,,8
Knox College,,,,Small,Private,4,,0.71,1220,1320,1420,21,26,32,,25524,11325,0.68,0.83,1127,11,45,1372,,,,Rural,false,false,September 8,,54693,26,25524,0.7,,,,,,,51
Knoxville College,,,,Small,Private,,,0.7,,1000,,,20,,,15000,12000,0.5,0.7,500,,,,,,,Urban,true,false,2024-08-01,,10000,10000,15000,0.7,,,,,,,38
Kutztown University of Pennsylvania,,,,Medium,Public,4,,0.91,1140,1210,1280,18,22,25,,21856,12750,0.54,0.77,6180,18,64,2653,,,,Rural,false,false,Not available,,12553,22,21856,0.63,,,,,,,42
La Roche College,,,,Small,Private,,,0.6,,1100,,,25,,,30000,12000,0.65,0.75,1000,,,,,,,Suburban,true,false,2024-01-15,,20000,20000,30000,0.75,,,,,,,47
La Salle University,,,,Medium,Private,,,0.65,,1150,,,24,,,35000,13000,0.65,0.75,6000,,,,,,,Urban,true,false,2024-01-15,,20000,20000,35000,0.75,,,,,,,49
La Sierra University,,,,Small,Private,4,,0.91,948,1082,1215,17,20,24,,28076,13366,0.6,0.77,1116,12,52,4380,,,,Suburban,false,false,September 22,,35760,28,28076,0.75,,,,,,,38
Laboratory Institute of Merchandising,,,,Small,Private,,,0.5,,1200,,,25,,,30000,15000,0.7,0.8,1000,,,,,,,Urban,true,false,2024-01-15,,20000,20000,30000,0.75,,,,,,,52
Lafayette College,,,,Small,Private,4,,0.31,1370,1430,1490,31,32,33,,34728,20562,0.88,0.9,2757,10,40,2361,,,,Suburban,false,false,January 15,,57114,35,34728,0.3,,,,,,,72
LaGrange College,,,,Small,Private,4,,0.62,,1100,,,25,,,24564,13304,0.42,0.67,636,13,25,5362,,,,Suburban,false,false,August 1,,21156,25,24564,0.64,,,,,,,28
Lake Erie College,,,,Small,Private,4,,0.96,,1100,,,25,,,22322,12800,0.42,0.66,649,11,37,1391,,,,Suburban,false,false,August 14,,20000,22,22322,0.7,,,,,,,18
Lake Forest College,,,,Small,Private,4,,0.57,1230,1315,1400,28,30,32,,29894,12700,0.7,0.9,1813,13,42,,,,,Suburban,false,false,February 15,,57630,30,29894,0.77,,,,,,,58
Lake Forest Graduate School of Management,,,,Small,Private,,,0.5,,1200,,,25,,,30000,12000,0.8,0.85,500,,,,,,,Suburban,true,false,Rolling,,20000,20000,30000,0.7,,,,,,,53
Lake Superior State University,,,,Small,Public,,,0.6,,1100,,,25,,,24000,12000,0.5,0.7,3000,,,,,,,Rural,true,false,2024-01-15,,8000,8000,24000,0.6,,,,,,,47
Lakeland University,,,,Small,Private,4,,1,,1100,,,25,,,22593,12908,0.56,0.6,1200,16,51,,,,,"$22,593",false,false,Not available,,15000,23,22593,0.7,,,,,,,17
Lakeview College of Nursing,,,,Small,Private,4,,0.6,,1100,,,25,,,20000,12000,0.7,0.8,500,8,1,,,,,Urban,false,false,Not available,,10000,10000,20000,0.7,,,,,,,4
Lamar University,,,,Medium,Public,4,,0.86,930,1035,1140,18,22,25,,10999,10464,0.37,0.62,8181,28,79,6360,,,,Urban,false,false,Not available,,13517,11,10999,0.67,,,,,,,35
Lamar University - Port Arthur,,,,Small,Public,,,0.6,,1100,,,25,,,20000,12000,0.55,0.75,3000,,,,,,,Urban,true,false,2024-08-01,,8000,8000,20000,0.6,,,,,,,48
Lambuth University,,,,Small,Private,,,0.5,,1100,,,24,,,20000,12000,0.6,0.7,1000,,,,,,,Urban,true,false,2024-01-15,,15000,15000,20000,0.7,,,,,,,48
Lancaster Bible College,,,,Small,Private,,,0.5,,1100,,,25,,,20000,12000,0.7,0.75,1000,,,,,,,Suburban,true,false,2024-01-15,,20000,20000,20000,0.8,,,,,,,51
Lander University,,,,Small,Public,,,0.65,,1100,,,24,,,24000,12000,0.55,0.75,3000,,,,,,,Suburban,true,false,2024-07-01,,8000,8000,24000,0.65,,,,,,,46
Lane College,,,,Small,Private,4,,0.6,,1000,,,20,,,13384,8380,0.17,0.61,800,15,17,,,,,Urban,false,false,Not available,,10000,13,13384,0.7,,,,,,,11
Langston University,,,,Small,Public,4,,0.7,,1050,,,21,,,10589,8602,0.19,0.52,2500,20,39,,,,,Rural,false,false,Not available,,8000,11,10589,0.6,,,,,,,9
Lasell University,,,,Small,Private,4,,0.93,1003,1102,1200,18,22,26,,28477,14742,0.53,0.7,1226,13,46,3481,,,,Suburban,false,false,August 1,,18956,28,28477,0.71,,,,,,,36
Laurus Technical Institute,,,,Small,Private For-Profit,,,0.7,,1100,,,25,,,15000,12000,0.6,0.75,1000,,,,,,,Urban,true,false,Rolling,,8000,8000,15000,0.6,,,,,,,44
Lawrence Technological University,,,,Small,Private,4,,0.74,1010,1115,1220,20,23,26,,33807,12484,0.62,0.78,1666,11,73,1399,,,,Suburban,false,false,July 31,,38278,34,33807,0.64,,,,,,,46
Lawrence University,,,,Small,Private,4,,0.64,1240,1330,1420,24,28,31,,76,12972,0.76,0.87,1396,7,46,1398,,,,Urban,false,false,January 1,,7,27,76,0.85,,,,,,,56
Le Moyne College,,,,Small,Private,,,0.5,,1200,,,25,,,35000,13000,0.7,0.8,3000,,,,,,,Suburban,true,false,2024-01-15,,20000,20000,35000,0.75,,,,,,,54
Le Moyne-Owen College,,,,Small,Public,,,0.6,,1050,,,21,,,18000,12000,0.5,0.7,1500,,,,,,,Urban,true,false,2024-07-01,,8000,8000,18000,0.7,,,,,,,42
Lebanon Valley College,,,,Small,Private,,,0.5,,1150,,,24,,,35000,12000,0.65,0.75,1500,,,,,,,Rural,true,false,2024-01-15,,20000,20000,35000,0.8,,,,,,,50
Lee University,,,,Medium,Private,,,0.5,,1150,,,24,,,20000,12000,0.6,0.75,5000,,,,,,,Suburban,true,false,2024-01-15,,15000,15000,20000,0.7,,,,,,,52
Lees-McRae College,,,,Small,Private,,,0.5,,1100,,,25,,,30000,12000,0.6,0.7,800,,,,,,,Rural,true,false,2024-01-15,,20000,20000,30000,0.8,,,,,,,49
Lehigh University,,,,Medium,Private,,,0.25,,1350,,,30,,,57000,15000,0.87,0.93,7000,,,,,,,Suburban,true,false,2024-01-01,,25000,25000,57000,0.75,,,,,,,70
Lenoir-Rhyne College,,,,Small,Private,,,0.5,,1100,,,25,,,30000,12000,0.6,0.7,2000,,,,,,,Suburban,true,false,2024-01-01,,20000,20000,30000,0.7,,,,,,,50
Lesley University,,,,Small,Private,,,0.5,,1150,,,24,,,30000,14000,0.65,0.75,3000,,,,,,,Urban,true,false,2024-01-15,,20000,20000,30000,0.75,,,,,,,52
LeTourneau University,,,,Small,Private,4,,0.38,1130,1255,1380,21,26,30,,27007,11520,0.61,0.8,1465,13,81,6365,,,,Suburban,false,false,Not available,,28665,27,27007,0.57,,,,,,,58
Lewis & Clark Community College,,,,Medium,Public,,,0.7,,1100,,,25,,,16000,12000,0.5,0.7,6000,,,,,,,Suburban,true,false,Rolling,,7000,7000,16000,0.6,,,,,,,45
Lewis and Clark College,,,,Small,Private,,,0.45,,1350,,,30,,,57000,14000,0.8,0.85,3000,,,,,,,Urban,true,false,2024-01-15,,25000,25000,57000,0.75,,,,,,,61
Lewis University,,,,Medium,Private,,,0.5,,1150,,,24,,,32000,13000,0.6,0.75,6000,,,,,,,Suburban,true,false,2024-01-15,,15000,15000,32000,0.7,,,,,,,52
Lewis-Clark State College,,,,Small,Public,,,0.6,,1100,,,24,,,20000,12000,0.5,0.7,3500,,,,,,,Rural,true,false,2024-06-01,,8000,8000,20000,0.6,,,,,,,46
Liberty University,,,,Large,Private,,,0.5,,1150,,,24,,,20000,12000,0.6,0.7,45000,,,,,,,Suburban,true,false,2024-01-15,,15000,15000,20000,0.7,,,,,,,51
Life Chiropractic College West,,,,Small,Private,,,0.6,,1100,,,25,,,20000,12000,0.7,0.8,500,,,,,,,Suburban,true,false,Rolling,,15000,15000,20000,0.7,,,,,,,48
Life University,,,,Small,Private,,,0.6,,1100,,,24,,,25000,12000,0.7,0.8,3000,,,,,,,Suburban,true,false,Rolling,,15000,15000,25000,0.7,,,,,,,50
Limestone College,,,,Small,Private,,,0.6,,1100,,,25,,,20000,12000,0.55,0.7,1500,,,,,,,Rural,true,false,2024-08-01,,15000,15000,20000,0.7,,,,,,,46
Lincoln Memorial University,,,,Small,Private,,,0.6,,1100,,,24,,,15000,12000,0.6,0.7,3000,,,,,,,Rural,true,false,2024-01-15,,10000,10000,15000,0.7,,,,,,,47
Lincoln University Missouri,,,,Small,Public,,,0.7,,1050,,,21,,,16000,12000,0.5,0.7,2000,,,,,,,Urban,true,false,2024-01-15,,8000,8000,16000,0.6,,,,,,,40
Lincoln University Pennsylvania,,,,Small,Public,,,0.6,,1100,,,25,,,24000,12000,0.5,0.7,2000,,,,,,,Rural,true,false,2024-01-15,,8000,8000,24000,0.6,,,,,,,46
Lincoln University San Francisco,,,,Small,Private For-Profit,,,0.7,,1100,,,25,,,20000,12000,0.6,0.7,800,,,,,,,Urban,true,false,Rolling,,15000,15000,20000,0.8,,,,,,,43
Lindenwood University,,,,Small,Private,,,0.57,1010,1100,1190,22,25,28,,18698,12402,0.5,0.65,4624,14,112,,,,,Suburban,false,false,June 1,,17601,19,18698,0.6,,,,,,,50
Lindsey Wilson University,,,,Small,Private,4,,0.68,,1100,,17,20,23,,14422,10382,0.38,0.63,1722,16,37,1409,,,,Rural,false,false,August 15,,15000,14,14422,0.7,,,,,,,39
Linfield College,,,,Small,Private,,,0.5,,1200,,,25,,,50000,13000,0.7,0.8,1500,,,,,,,Suburban,true,false,2024-01-15,,20000,20000,50000,0.75,,,,,,,52
Lipscomb University,,,,Small,Private,,,0.6,,1200,,,25,,,34000,13000,0.7,0.8,4000,,,,,,,Urban,true,false,2024-01-15,,15000,15000,34000,0.7,,,,,,,51
Livingstone College,,,,Small,Private,,,0.6,,1000,,,20,,,15000,12000,0.5,0.7,800,,,,,,,Suburban,true,false,Rolling,,10000,10000,15000,0.7,,,,,,,41
Commonwealth University Of Pennsylvania Lock Haven,,,,Medium,Public,4,,0.93,1000,1095,1190,,25,,,15947,12202,0.54,0.78,9210,19,,,,,,Rural,false,false,Not available,,13115,16,15947,0.61,,,,,,,39
Logan College of Chiropractic,,,,Small,Private,,,0.5,,1200,,,25,,,20000,12000,0.7,0.8,800,,,,,,,Suburban,true,false,Rolling,,10000,10000,20000,0.7,,,,,,,51
Loma Linda University,,,,Small,Private,4,,0.5,,1250,,,27,,,35000,14274,0.85,0.8,4000,3,91,,,,,Suburban,false,false,Not available,,20000,20000,35000,0.7,,,,,,,5
Long Island University,,,,Medium,Private,4,,0.86,550,610,670,21,26,30,,22620,17846,0.53,0.76,5521,14,163,2070,,,,Suburban,false,false,Not available,,42252,23,22620,0.69,,,,,,,45
"Long Island University, C.W. Post Campus",,,,Medium,Private,,,0.5,,1150,,,24,,,40000,14000,0.65,0.75,8000,,,,,,,Suburban,true,false,2024-01-15,,15000,15000,40000,0.7,,,,,,,53
"Long Island University, Southampton College",,,,Small,Private,,,0.5,,1200,,,25,,,30000,15000,0.65,0.75,1500,,,,,,,Rural,true,false,2024-01-15,,20000,20000,30000,0.7,,,,,,,51
Longwood University,,,,Small,Public,4,,0.88,,1100,,20,23,26,,22900,17970,0.62,0.76,3009,13,34,,,,,Rural,false,false,Not available,,15252,23,22900,0.6,,,,,,,42
Loras College,,,,Small,Private,4,,1,,1150,,,24,,,22338,11250,0.7,0.82,1083,12,44,6370,,,,Suburban,false,false,August 10,,32792,22,22338,0.67,,,,,,,23
Los Angeles College of Chiropractic,,,,Small,Private,,,0.6,,1150,,,24,,,20000,12000,0.7,0.8,800,,,,,,,Urban,true,false,Rolling,,10000,10000,20000,0.7,,,,,,,48
Louisiana Baptist University,,,,Small,Private,,,0.6,,1100,,,25,,,15000,12000,0.6,0.7,800,,,,,,,Urban,true,false,2024-01-15,,10000,10000,15000,0.7,,,,,,,46
Louisiana College,,,,Small,Private,,,0.6,,1100,,,25,,,20000,12000,0.6,0.7,1200,,,,,,,Rural,true,false,2024-01-15,,15000,15000,20000,0.7,,,,,,,46
Louisiana State University and Agricultural and Mechanical College,,,,Large,Public,,,0.7,,1250,,,27,,,30000,12000,0.66,0.85,30000,,,,,,,Urban,false,false,2024-01-01,,8000,8000,30000,0.6,,,,,,,50
Louisiana State University at Alexandria,,,,Small,Public,,,0.6,,1100,,,25,,,24000,12000,0.5,0.7,3000,,,,,,,Rural,true,false,2024-08-01,,8000,8000,24000,0.6,,,,,,,47
Louisiana State University at Eunice,,,,Small,Public,,,1,,1050,,16,18,21,,9596,9382,0.5,0.5,2569,21,20,6386,,,,Rural,false,false,Not available,,4351,10,9596,0.6,,,,,,,21
Louisiana State University Health Sciences Center New Orleans,,,,Small,Public,4,,0.6,,1200,,,25,,,36000,14330,0.6,0.8,921,3,32,,,,,Urban,false,false,Not available,,8000,8000,36000,0.6,,,,,,,6
Louisiana State University in Shreveport,,,,Small,Public,4,,0.83,930,1040,1150,19,22,24,,7554,9522,0.33,0.62,2150,27,46,,,,,Urban,false,false,Not available,,8000,8,7554,0.6,,,,,,,33
Louisiana Tech University,,,,Medium,Public,4,,0.64,1060,1160,1260,22,25,28,,12593,8625,0.57,0.81,7923,23,90,,,,,Rural,false,false,Not available,,8000,13,12593,0.6,,,,,,,50
Lourdes University,,,,Small,Private,4,,0.28,,1100,,,24,,,22614,19629,0.38,0.68,100,12,36,1427,,,,"$22,614",false,false,Not available,,19629,23,22614,1,,,,,,,37
Loyola College in Maryland,,,,Medium,Private,,,0.4,,1280,,,27,,,50000,13000,0.83,0.87,5000,,,,,,,Urban,true,false,2024-01-15,,20000,20000,50000,0.75,,,,,,,62
Loyola Marymount University,,,,Medium,Private,,,0.4,,1350,,,30,,,55000,15000,0.85,0.89,8000,,,,,,,Urban,true,false,2024-01-15,,20000,20000,55000,0.75,,,,,,,65
Loyola University New Orleans,,,,Small,Private,4,,0.93,1030,1130,1230,20,23,26,,26150,15180,0.67,0.8,2829,13,97,6374,,,,Urban,false,false,April 15,,47218,26,26150,0.72,,,,,,,42
Loyola University of Chicago,,,,Medium,Private,,,0.6,,1250,,,27,,,45000,14000,0.76,0.87,15000,,,,,,,Urban,true,false,2024-01-15,,20000,20000,45000,0.75,,,,,,,56
Lubbock Christian University,,,,Small,Private,,,0.5,,1100,,,25,,,30000,12000,0.6,0.7,2000,,,,,,,Urban,true,false,2024-01-15,,15000,15000,30000,0.7,,,,,,,50
Luther College,,,,Small,Private,,,0.6,,1250,,,27,,,50000,13000,0.8,0.85,1500,,,,,,,Rural,true,false,2024-01-15,,25000,25000,50000,0.75,,,,,,,53
Lutheran Bible Institute of Seattle,,,,Small,Private,,,0.6,,1150,,,24,,,25000,12000,0.7,0.8,500,,,,,,,Urban,true,false,2024-01-01,,20000,20000,25000,0.8,,,,,,,47
Lycoming College,,,,Small,Private,,,0.5,,1150,,,24,,,40000,13000,0.65,0.75,1200,,,,,,,Urban,true,false,2024-01-15,,20000,20000,40000,0.7,,,,,,,50
University of Lynchburg,,,,Small,Private,4,,0.43,1000,1105,1210,22,24,27,,22921,14110,0.62,0.7,1577,11,66,5372,,,,Suburban,false,false,August 1,,24812,23,22921,0.54,,,,,,,55
Lyndon State College,,,,Small,Public,,,0.6,,1100,,,25,,,24000,13000,0.6,0.7,1500,,,,,,,Rural,true,false,2024-01-15,,8000,8000,24000,0.6,,,,,,,47
Lynn University,,,,Small,Private,4,,0.73,1038,1119,1200,21,24,26,,53,14980,0.53,0.76,2857,16,47,5437,,,,Suburban,false,false,August 1,,16,40,53,0.7,,,,,,,45
Lyon College,,,,Small,Private,,,0.5,,1150,,,24,,,30000,12000,0.65,0.75,700,,,,,,,Rural,true,false,2024-01-15,,15000,15000,30000,0.7,,,,,,,49
Macalester College,,,,Small,Private,,,0.25,,1400,,,32,,,60000,13000,0.88,0.9,2000,,,,,,,Urban,true,false,2024-01-15,,25000,25000,60000,0.75,,,,,,,69
MacMurray College,,,,Small,Private,,,0.5,,1100,,,24,,,20000,12000,0.6,0.7,800,,,,,,,Suburban,true,false,2024-01-15,,15000,15000,20000,0.7,,,,,,,48
Macon State College,,,,Medium,Public,,,0.6,,1100,,,25,,,12000,12000,0.5,0.7,5000,,,,,,,Urban,true,false,2024-01-15,,7000,7000,12000,0.6,,,,,,,48
Madison University (Distance Education),,,,Medium,Private For-Profit,,,0.7,,1100,,,25,,,12000,12000,0.6,0.75,8000,,,,,,,Urban,true,false,Rolling,,8000,8000,12000,0.65,,,,,,,47
Madonna University,,,,Small,Private,,,0.6,,1100,,,25,,,20000,12000,0.6,0.75,2000,,,,,,,Suburban,true,false,2024-01-15,,15000,15000,20000,0.7,,,,,,,48
Maharishi University of Management,,,,Small,Private,,,0.6,,1150,,,24,,,22000,12000,0.7,0.75,1000,,,,,,,Rural,true,false,2024-01-15,,15000,15000,22000,0.7,,,,,,,47
Maine College of Art,,,,Small,Private,,,0.5,,1150,,,24,,,30000,12000,0.7,0.8,500,,,,,,,Urban,true,false,2024-01-15,,20000,20000,30000,0.75,,,,,,,50
Maine Maritime Academy,,,,Small,Public,,,0.6,,1150,,,24,,,24000,13000,0.65,0.75,900,,,,,,,Rural,false,false,2024-01-15,,8000,8000,24000,0.65,,,,,,,47
Malone University,,,,Small,Private,4,,0.76,930,1055,1180,18,21,24,,23362,11400,0.51,0.76,798,14,61,1439,,,,Suburban,false,false,Not available,,27701,23,23362,0.82,,,,,,,40
Manchester University,,,,Small,Private,4,,0.66,,1100,,,24,,,19367,13120,0.45,0.68,1200,14,64,1440,,,,Rural,false,false,August 10,,28535,19,19367,0.7,,,,,,,26
Manhattan Christian College,,,,Small,Private,,,0.6,,1100,,,25,,,20000,12000,0.6,0.7,500,,,,,,,Urban,true,false,2024-01-15,,15000,15000,20000,0.7,,,,,,,46
Manhattan College,,,,Small,Private,,,0.45,,1250,,,27,,,45000,14000,0.76,0.85,3500,,,,,,,Urban,true,false,2024-01-15,,20000,20000,45000,0.75,,,,,,,58
Manhattan School of Music,,,,Small,Private,,,0.25,,1350,,,30,,,50000,15000,0.85,0.9,800,,,,,,,Urban,true,false,2024-01-15,,20000,20000,50000,0.75,,,,,,,66
Manhattanville University,,,,Small,Private,4,,0.87,1060,1145,1230,29,29,29,,25017,16780,0.54,0.74,1362,10,93,2397,,,,Suburban,false,false,Not available,,37772,25,25017,0.71,,,,,,,45
Mankato State University,,,,Medium,Public,,,0.7,,1100,,,24,,,20000,12000,0.6,0.75,14000,,,,,,,Suburban,true,false,2024-01-01,,8000,8000,20000,0.65,,,,,,,47
Mansfield University of Pennsylvania,,,,Small,Public,,,0.6,,1100,,,25,,,24000,12000,0.6,0.7,2500,,,,,,,Rural,true,false,2024-01-15,,8000,8000,24000,0.6,,,,,,,48
Maranatha Baptist Bible College,,,,Small,Private,,,0.5,,1100,,,24,,,20000,12000,0.7,0.75,600,,,,,,,Rural,true,false,2024-08-01,,15000,15000,20000,0.8,,,,,,,50
Marian College,,,,Small,Private,,,0.6,,1150,,,24,,,32000,13000,0.65,0.75,3000,,,,,,,Urban,true,false,2024-01-15,,15000,15000,32000,0.75,,,,,,,49
Marian College of Fond Du Lac,,,,Small,Private,,,0.5,,1150,,,24,,,30000,12000,0.6,0.75,1000,,,,,,,Suburban,true,false,2024-01-01,,20000,20000,30000,0.7,,,,,,,49
Marietta College,,,,Small,Private,,,0.5,,1150,,,24,,,35000,12000,0.65,0.75,1200,,,,,,,Rural,true,false,2024-01-15,,20000,20000,35000,0.7,,,,,,,50
Marist College,,,,Medium,Private,,,0.45,,1230,,,27,,,38000,15000,0.75,0.85,6000,,,,,,,Suburban,true,false,2024-01-15,,20000,20000,38000,0.75,,,,,,,59
Marlboro College,,,,Small,Private,,,0.4,,1250,,,27,,,35000,12000,0.75,0.8,200,,,,,,,Rural,true,false,2023-01-15,,20000,20000,35000,0.8,,,,,,,56
Marquette University,,,,Medium,Private,,,0.77,,1280,,,27,,,46000,13000,0.83,0.87,11000,,,,,,,Urban,true,false,2024-01-15,,22000,22000,46000,0.75,,,,,,,51
Mars Hill College,,,,Small,Private,,,0.5,,1100,,,25,,,30000,12000,0.6,0.7,1000,,,,,,,Rural,true,false,2024-01-01,,20000,20000,30000,0.7,,,,,,,49
Marshall University,,,,Medium,Public,,,0.6,,1100,,,25,,,20000,12000,0.6,0.75,12000,,,,,,,Urban,true,false,2024-01-15,,7500,7500,20000,0.6,,,,,,,50
Martin Luther College,,,,Small,Private,,,0.6,,1100,,,25,,,20000,12000,0.7,0.8,800,,,,,,,Rural,true,false,2024-01-15,,15000,15000,20000,0.7,,,,,,,48
Martin Methodist College,,,,Small,Private,,,0.5,,1100,,,25,,,20000,12000,0.6,0.7,1000,,,,,,,Rural,true,false,2024-08-01,,15000,15000,20000,0.7,,,,,,,49
Martin University,,,,Small,Public,,,0.6,,1000,,,20,,,24000,12000,0.5,0.7,1500,,,,,,,Urban,true,false,Rolling,,8000,8000,24000,0.6,,,,,,,42
Mary Baldwin College,,,,Small,Private,,,0.5,,1100,,,25,,,20000,12000,0.6,0.75,1200,,,,,,,Rural,true,false,2024-01-15,,15000,15000,20000,0.7,,,,,,,50
Mary Washington College,,,,Small,Public,,,0.6,,1200,,,25,,,35000,13000,0.6,0.8,4500,,,,,,,Suburban,true,false,2024-01-15,,8000,8000,35000,0.6,,,,,,,49
Marycrest International University,,,,Small,Private,,,0.5,,1150,,,24,,,25000,12000,0.65,0.75,1500,,,,,,,Urban,true,false,2024-01-15,,20000,20000,25000,0.7,,,,,,,50
Marygrove College,,,,Small,Private,,,0.5,,1100,,,25,,,20000,12000,0.6,0.7,1000,,,,,,,Urban,true,false,2024-01-15,,15000,15000,20000,0.7,,,,,,,49
Marylhurst University,,,,Small,Private,,,0.5,,1150,,,24,,,20000,12000,0.6,0.7,1000,,,,,,,Suburban,true,false,2024-01-15,,15000,15000,20000,0.7,,,,,,,48
Marymount College New York,,,,Small,Private,,,0.5,,1200,,,25,,,30000,15000,0.7,0.8,1500,,,,,,,Urban,true,false,2024-01-15,,20000,20000,30000,0.75,,,,,,,52
Marymount Manhattan College,,,,Small,Private,,,0.5,,1200,,,25,,,30000,15000,0.7,0.8,2000,,,,,,,Urban,true,false,2024-01-15,,20000,20000,30000,0.7,,,,,,,53
Marymount University,,,,Small,Private,,,0.5,,1150,,,25,,,35000,13000,0.65,0.75,3000,,,,,,,Suburban,true,false,2024-01-15,,20000,20000,35000,0.7,,,,,,,52
Maryville College,,,,Small,Private,,,0.5,,1150,,,24,,,20000,12000,0.65,0.75,1000,,,,,,,Suburban,true,false,2024-01-15,,15000,15000,20000,0.7,,,,,,,50
Maryville University of St. Louis,,,,Medium,Private,,,0.6,,1150,,,24,,,30000,12000,0.65,0.75,7000,,,,,,,Suburban,true,false,2024-01-15,,20000,20000,30000,0.75,,,,,,,50
Marywood University,,,,Small,Private,,,0.5,,1150,,,24,,,30000,12000,0.65,0.75,4000,,,,,,,Suburban,true,false,2024-01-15,,20000,20000,30000,0.7,,,,,,,52
Massachusetts College of Art,,,,Small,Public,,,0.5,,1200,,,25,,,32000,14000,0.65,0.85,2000,,,,,,,Urban,true,false,2024-01-01,,10000,10000,32000,0.7,,,,,,,52
Massachusetts College of Liberal Arts,,,,Small,Public,,,0.6,,1100,,,25,,,24000,13000,0.6,0.7,1500,,,,,,,Rural,true,false,2024-01-01,,8000,8000,24000,0.6,,,,,,,47
Massachusetts College of Pharmacy and Allied Health Sciences,,,,Small,Private,,,0.4,,1300,,,28,,,35000,15000,0.7,0.85,3000,,,,,,,Urban,true,false,2024-01-15,,20000,20000,35000,0.7,,,,,,,59
Massachusetts Institute of Technology,,,,Medium,Private,,,0.07,,1530,,,34,,,55000,15000,0.93,0.98,11500,,,,,,,Urban,false,false,2024-01-01,,20000,20000,55000,0.75,,,,,,,82
Massachusetts Maritime Academy,,,,Small,Public,,,0.6,,1150,,,24,,,30000,16000,0.7,0.8,1000,,,,,,,Suburban,false,false,2024-07-01,,12000,12000,30000,0.7,,,,,,,48
Massachusetts School of Professional Psychology,,,,Small,Private,,,0.5,,1200,,,25,,,30000,12000,0.8,0.85,800,,,,,,,Suburban,true,false,Rolling,,20000,20000,30000,0.7,,,,,,,53
Mayo Graduate School,,,,Small,Private,,,0.2,,1450,,,32,,,50000,12000,0.85,0.9,1000,,,,,,,Urban,true,false,2024-01-01,,20000,20000,50000,0.7,,,,,,,69
Mayo Medical School,,,,Small,Private,,,0.1,,1500,,,34,,,60000,12000,0.9,0.95,3000,,,,,,,Urban,false,false,2024-01-15,,20000,20000,60000,0.7,,,,,,,80
Mayville State University,,,,Small,Public,,,0.7,,1050,,,21,,,16000,12000,0.5,0.7,1000,,,,,,,Rural,true,false,Rolling,,8000,8000,16000,0.6,,,,,,,39
McKendree College,,,,Small,Private,,,0.6,,1100,,,24,,,30000,12000,0.6,0.7,2000,,,,,,,Suburban,true,false,2024-01-15,,15000,15000,30000,0.7,,,,,,,46
McMurry University,,,,Small,Private,,,0.5,,1100,,,24,,,30000,12000,0.6,0.7,1200,,,,,,,Urban,true,false,2024-01-15,,15000,15000,30000,0.7,,,,,,,49
McNeese State University,,,,Medium,Public,,,0.6,,1100,,,24,,,18000,12000,0.5,0.7,7000,,,,,,,Urban,true,false,2024-01-15,,8000,8000,18000,0.6,,,,,,,47
McPherson College,,,,Small,Private,,,0.5,,1100,,,24,,,25000,12000,0.6,0.75,800,,,,,,,Rural,true,false,2024-01-15,,15000,15000,25000,0.7,,,,,,,49
Medaille College,,,,Small,Private,,,0.6,,1100,,,25,,,25000,13000,0.6,0.7,1200,,,,,,,Urban,true,false,2024-01-15,,20000,20000,25000,0.75,,,,,,,46
Medcenter One College of Nursing,,,,Small,Private,,,0.65,,1100,,,24,,,12000,12000,0.7,0.8,600,,,,,,,Urban,true,false,2024-01-15,,8000,8000,12000,0.65,,,,,,,46
Medical College of Georgia,,,,Small,Public,,,0.5,,1300,,,28,,,30000,12000,0.7,0.85,3000,,,,,,,Urban,false,false,2024-01-01,,8000,8000,30000,0.6,,,,,,,56
Medical College of Ohio,,,,Small,Public,,,0.4,,1250,,,27,,,36000,12000,0.65,0.85,3000,,,,,,,Urban,true,false,2024-01-15,,8000,8000,36000,0.6,,,,,,,58
Medical College of Pennsylvania and Hahnemann University,,,,Small,Private,,,0.4,,1300,,,28,,,50000,12000,0.85,0.9,3000,,,,,,,Urban,true,false,2024-01-01,,20000,20000,50000,0.75,,,,,,,62
Medical College of Wisconsin,,,,Small,Private,,,0.2,,1450,,,32,,,55000,15000,0.85,0.9,1000,,,,,,,Urban,false,false,2024-01-15,,15000,15000,55000,0.7,,,,,,,69
Medical University of South Carolina,,,,Small,Public,,,0.4,,1300,,,28,,,36000,14000,0.7,0.85,3000,,,,,,,Urban,true,false,2024-01-15,,8000,8000,36000,0.6,,,,,,,59
Meharry Medical College,,,,Small,Private,,,0.5,,1300,,,28,,,50000,12000,0.85,0.9,800,,,,,,,Urban,true,false,2024-01-15,,20000,20000,50000,0.7,,,,,,,57
Memphis College of Art,,,,Small,Private,,,0.5,,1150,,,24,,,30000,12000,0.65,0.75,500,,,,,,,Urban,true,false,2024-01-15,,20000,20000,30000,0.7,,,,,,,49
Menlo College,,,,Small,Private,,,0.5,,1200,,,25,,,40000,15000,0.7,0.8,700,,,,,,,Suburban,true,false,2024-01-15,,20000,20000,40000,0.75,,,,,,,51
Mennonite College of Nursing,,,,Small,Private,,,0.5,,1200,,,25,,,20000,12000,0.7,0.8,1000,,,,,,,Suburban,true,false,2024-01-15,,15000,15000,20000,0.7,,,,,,,52
Mercer University,,,,Medium,Private,,,0.5,,1230,,,27,,,35000,12000,0.7,0.8,8000,,,,,,,Suburban,true,false,2024-01-15,,20000,20000,35000,0.7,,,,,,,57
"Mercer University, Cecil B. Day Campus",,,,Medium,Private,,,0.5,,1250,,,27,,,20000,12000,0.7,0.8,8000,,,,,,,Urban,true,false,2024-01-15,,20000,20000,20000,0.7,,,,,,,57
Mercy College,,,,Medium,Private,,,0.6,,1150,,,24,,,21000,13000,0.65,0.75,6000,,,,,,,Suburban,true,false,2024-01-15,,15000,15000,21000,0.7,,,,,,,50
Mercyhurst College,,,,Small,Private,,,0.5,,1150,,,24,,,35000,12000,0.65,0.75,3000,,,,,,,Urban,true,false,2024-01-15,,20000,20000,35000,0.8,,,,,,,52
Meredith College,,,,Small,Private,,,0.5,,1200,,,25,,,30000,13000,0.7,0.8,1300,,,,,,,Suburban,true,false,2024-01-15,,20000,20000,30000,0.7,,,,,,,52
Merrimack College,,,,Small,Private,,,0.55,,1250,,,27,,,42000,14000,0.76,0.85,4000,,,,,,,Suburban,true,false,2024-01-15,,20000,20000,42000,0.75,,,,,,,55
Mesa State College,,,,Medium,Public,,,0.7,,1100,,,25,,,20000,12000,0.6,0.75,8000,,,,,,,Urban,true,false,2024-01-15,,8000,8000,20000,0.6,,,,,,,47
Messiah College,,,,Small,Private,,,0.5,,1200,,,25,,,35000,13000,0.7,0.8,2000,,,,,,,Suburban,true,false,2024-01-15,,20000,20000,35000,0.8,,,,,,,53
Methodist College,,,,Small,Private,,,0.6,,1100,,,25,,,20000,12000,0.6,0.7,1500,,,,,,,Suburban,true,false,2024-01-15,,15000,15000,20000,0.7,,,,,,,47
Metropolitan State College of Denver,,,,Large,Public,,,0.65,,1100,,,24,,,25000,13000,0.55,0.75,19000,,,,,,,Urban,true,false,2024-08-01,,8000,8000,25000,0.6,,,,,,,47
Metropolitan State University,,,,Medium,Public,,,0.6,,1100,,,25,,,20000,12000,0.5,0.7,12000,,,,,,,Urban,true,false,2024-01-01,,8000,8000,20000,0.6,,,,,,,48
MGH Institute of Health Professions,,,,Small,Private,,,0.4,,1300,,,28,,,40000,15000,0.85,0.9,1000,,,,,,,Urban,true,false,2024-01-15,,20000,20000,40000,0.7,,,,,,,60
Miami Dade College,,,,Large,Public,,,0.7,,1100,,,25,,,20000,12000,0.5,0.7,50000,,,,,,,Urban,true,false,Rolling,,7000,7000,20000,0.6,,,,,,,44
Miami University of Ohio,,,,Large,Public,,,0.6,,1230,,,27,,,35000,13000,0.7,0.85,22000,,,,,,,Suburban,true,false,2024-01-01,,8000,8000,35000,0.6,,,,,,,54
Miami University of Ohio - Hamilton,,,,Small,Public,,,0.6,,1100,,,25,,,22000,12000,0.55,0.75,4000,,,,,,,Suburban,true,false,2024-01-15,,8000,8000,22000,0.6,,,,,,,48
Miami University of Ohio - Middletown,,,,Small,Public,,,0.7,,1100,,,24,,,25000,12000,0.6,0.75,3000,,,,,,,Suburban,true,false,2024-01-15,,8000,8000,25000,0.6,,,,,,,45
Michigan School of Professional Psychology,,,,Small,Private,,,0.5,,1150,,,24,,,25000,12000,0.7,0.8,300,,,,,,,Suburban,true,false,Rolling,,15000,15000,25000,0.7,,,,,,,50
Michigan State University,,,,Large,Public,,,0.7,,1250,,,27,,,40000,12000,0.8,0.9,50000,,,,,,,Suburban,true,false,2024-01-01,,8000,8000,40000,0.6,,,,,,,52
Michigan Technological University,,,,Medium,Public,,,0.7,,1300,,,28,,,30000,12000,0.7,0.85,7000,,,,,,,Rural,false,false,2024-01-15,,8000,8000,30000,0.6,,,,,,,52
Mid-America Nazarene University,,,,Small,Private,,,0.5,,1150,,,24,,,28000,12000,0.6,0.75,1200,,,,,,,Suburban,true,false,2024-01-15,,15000,15000,28000,0.8,,,,,,,49
Mid-American Bible College,,,,Small,Private,,,0.7,,1100,,,25,,,20000,12000,0.6,0.7,500,,,,,,,Urban,true,false,Rolling,,15000,15000,20000,0.8,,,,,,,43
Mid-Continent Baptist Bible College,,,,Small,Private,,,0.7,,1100,,,24,,,15000,12000,0.6,0.7,500,,,,,,,Rural,true,false,Rolling,,15000,15000,15000,0.7,,,,,,,42
Middle Tennessee State University,,,,Large,Public,,,0.7,,1100,,,24,,,24000,12000,0.55,0.75,22000,,,,,,,Suburban,true,false,2024-01-15,,8000,8000,24000,0.6,,,,,,,46
Middlebury College,,,,Small,Private,,,0.15,,1440,,,32,,,60000,15000,0.92,0.95,2500,,,,,,,Rural,true,false,2024-01-01,,25000,25000,60000,0.75,,,,,,,78
Midland Lutheran College,,,,Small,Private,,,0.5,,1100,,,25,,,30000,12000,0.6,0.7,1000,,,,,,,Suburban,true,false,2024-01-15,,20000,20000,30000,0.7,,,,,,,49
Midway College,,,,Small,Private,,,0.6,,1100,,,25,,,20000,12000,0.6,0.7,800,,,,,,,Rural,true,false,2024-01-15,,15000,15000,20000,0.7,,,,,,,46
Midwestern State University,,,,Medium,Public,,,0.6,,1100,,,25,,,25000,12000,0.5,0.7,6000,,,,,,,Suburban,true,false,2024-01-15,,8000,8000,25000,0.6,,,,,,,48
Midwestern University,,,,Medium,Private,,,0.4,,1250,,,27,,,30000,12000,0.7,0.8,5000,,,,,,,Suburban,true,false,2024-01-15,,20000,20000,30000,0.7,,,,,,,59
Miles College,,,,Small,Private,,,0.6,,1000,,,20,,,12000,12000,0.5,0.7,1200,,,,,,,Suburban,true,false,2024-07-01,,8000,8000,12000,0.7,,,,,,,41
Millennia Atlantic University,,,,Small,Private For-Profit,,,0.7,,1100,,,24,,,20000,12000,0.5,0.7,1000,,,,,,,Urban,true,false,Rolling,,10000,10000,20000,0.6,,,,,,,41
Millersville University of Pennsylvania,,,,Medium,Public,,,0.6,,1150,,,24,,,24000,13000,0.65,0.78,7000,,,,,,,Suburban,true,false,2024-01-15,,8000,8000,24000,0.6,,,,,,,50
Milligan College,,,,Small,Private,,,0.5,,1150,,,24,,,30000,12000,0.6,0.75,1000,,,,,,,Rural,true,false,2024-01-15,,15000,15000,30000,0.7,,,,,,,49
Millikin University,,,,Small,Private,,,0.5,,1150,,,24,,,32000,12000,0.6,0.7,1500,,,,,,,Urban,true,false,2024-01-15,,20000,20000,32000,0.7,,,,,,,49
Mills College,,,,Small,Private,,,0.5,,1250,,,27,,,50000,12000,0.75,0.85,800,,,,,,,Urban,true,false,2024-01-15,,20000,20000,50000,0.8,,,,,,,54
Mills Grae University,,,,Medium,Private,,,0.4,,1250,,,27,,,35000,12000,0.75,0.85,8000,,,,,,,Suburban,true,false,2024-01-15,,20000,20000,35000,0.75,,,,,,,61
Millsaps College,,,,Small,Private,,,0.5,,1200,,,25,,,40000,13000,0.7,0.8,800,,,,,,,Urban,true,false,2024-01-15,,20000,20000,40000,0.75,,,,,,,51
Milwaukee Institute of Art and Design,,,,Small,Private,,,0.5,,1200,,,25,,,35000,12000,0.7,0.8,700,,,,,,,Urban,true,false,2024-01-15,,20000,20000,35000,0.75,,,,,,,51
Milwaukee School of Engineering,,,,Small,Private,,,0.5,,1300,,,28,,,38000,12000,0.7,0.85,3000,,,,,,,Urban,true,false,2024-01-15,,15000,15000,38000,0.7,,,,,,,56
Minneapolis College of Art and Design,,,,Small,Private,,,0.5,,1200,,,25,,,40000,12000,0.6,0.7,800,,,,,,,Urban,true,false,2024-01-15,,20000,20000,40000,0.7,,,,,,,49
Minnesota Bible College,,,,Small,Private,,,0.6,,1100,,,25,,,20000,12000,0.7,0.8,500,,,,,,,Urban,true,false,2024-01-15,,20000,20000,20000,0.75,,,,,,,48
Minnesota School of Professional Psychology,,,,Small,Private,,,0.5,,1200,,,25,,,25000,12000,0.7,0.8,300,,,,,,,Urban,true,false,Rolling,,15000,15000,25000,0.7,,,,,,,51
Minot State University,,,,Small,Public,,,0.7,,1100,,,24,,,16000,12000,0.6,0.75,3000,,,,,,,Urban,true,false,2024-08-01,,8000,8000,16000,0.6,,,,,,,45
Mississippi College,,,,Small,Private,,,0.5,,1150,,,24,,,20000,12000,0.6,0.75,3000,,,,,,,Suburban,true,false,2024-01-15,,10000,10000,20000,0.7,,,,,,,51
Mississippi State University,,,,Large,Public,,,0.65,,1180,,,25,,,22000,12000,0.67,0.85,22000,,,,,,,Rural,true,false,2024-01-01,,8000,8000,22000,0.65,,,,,,,51
Mississippi University for Women,,,,Small,Public,,,0.6,,1100,,,25,,,16000,12000,0.6,0.75,2500,,,,,,,Rural,true,false,2024-01-15,,8000,8000,16000,0.6,,,,,,,48
Mississippi Valley State University,,,,Small,Public,,,0.7,,1000,,,20,,,20000,12000,0.5,0.7,2500,,,,,,,Rural,true,false,2024-08-01,,8000,8000,20000,0.6,,,,,,,40
Missouri Baptist College,,,,Small,Private,,,0.6,,1100,,,25,,,25000,12000,0.6,0.75,2000,,,,,,,Suburban,true,false,2024-01-15,,15000,15000,25000,0.7,,,,,,,48
Missouri Southern State College,,,,Medium,Public,,,0.7,,1100,,,24,,,16000,12000,0.5,0.7,6000,,,,,,,Suburban,true,false,2024-08-01,,8000,8000,16000,0.6,,,,,,,44
Missouri Tech,,,,Medium,Public,,,0.5,,1250,,,27,,,25000,12000,0.65,0.75,6000,,,,,,,Suburban,true,false,2024-01-15,,8000,8000,25000,0.6,,,,,,,55
Missouri University of Science and Technology,,,,Medium,Public,,,0.65,,1300,,,28,,,30000,12000,0.65,0.85,8000,,,,,,,Rural,false,false,2024-01-01,,8000,8000,30000,0.6,,,,,,,53
Missouri Valley College,,,,Small,Private,,,0.6,,1050,,,21,,,20000,12000,0.6,0.7,1200,,,,,,,Rural,true,false,Rolling,,10000,10000,20000,0.7,,,,,,,43
Missouri Western State College,,,,Medium,Public,,,0.6,,1100,,,25,,,16000,12000,0.5,0.7,5000,,,,,,,Urban,true,false,2024-01-15,,8000,8000,16000,0.6,,,,,,,48
Molloy College,,,,Medium,Private,,,0.5,,1200,,,25,,,35000,15000,0.7,0.8,5000,,,,,,,Suburban,true,false,2024-01-15,,20000,20000,35000,0.75,,,,,,,55
Monmouth University,,,,Medium,Private,,,0.5,,1200,,,25,,,35000,15000,0.7,0.8,6000,,,,,,,Suburban,true,false,2024-01-15,,15000,15000,35000,0.7,,,,,,,55
Montana State University,,,,Large,Public,,,0.7,,1180,,,25,,,25000,13000,0.67,0.8,16000,,,,,,,Rural,true,false,2024-01-15,,8000,8000,25000,0.6,,,,,,,49
Montana State University - Billings,,,,Small,Public,,,0.7,,1100,,,24,,,20000,12000,0.55,0.75,4000,,,,,,,Urban,true,false,2024-08-01,,7000,7000,20000,0.6,,,,,,,44
Montana State University - Northern,,,,Small,Public,,,0.7,,1050,,,21,,,21000,12000,0.5,0.7,1000,,,,,,,Rural,true,false,2024-08-01,,7000,7000,21000,0.6,,,,,,,39
Montana Tech,,,,Small,Public,,,0.7,,1150,,,24,,,21000,12000,0.6,0.75,3000,,,,,,,Rural,true,false,2024-01-15,,8000,8000,21000,0.6,,,,,,,45
Montclair State University,,,,Large,Public,,,0.6,,1150,,,25,,,25000,14000,0.7,0.8,21000,,,,,,,Suburban,true,false,2024-01-15,,8000,8000,25000,0.6,,,,,,,52
Monterey Institute of International Studies,,,,Small,Private,,,0.4,,1300,,,28,,,40000,15000,0.85,0.9,800,,,,,,,Urban,true,false,2024-01-15,,20000,20000,40000,0.75,,,,,,,60
Montreat College,,,,Small,Private,,,0.5,,1100,,,25,,,25000,12000,0.6,0.7,600,,,,,,,Rural,true,false,2024-01-01,,15000,15000,25000,0.7,,,,,,,49
Montserrat College of Art,,,,Small,Private,,,0.5,,1200,,,25,,,40000,15000,0.7,0.8,500,,,,,,,Suburban,true,false,2024-01-15,,20000,20000,40000,0.8,,,,,,,51
Moody Bible Institute,,,,Small,Private,,,0.5,,1200,,,25,,,20000,12000,0.7,0.8,1000,,,,,,,Urban,true,false,2024-01-01,,20000,20000,20000,0.8,,,,,,,52
Moore College of Art and Design,,,,Small,Private,,,0.5,,1200,,,25,,,30000,13000,0.7,0.8,500,,,,,,,Urban,true,false,2024-01-15,,20000,20000,30000,0.8,,,,,,,51
Moorhead State University,,,,Medium,Public,,,0.6,,1100,,,25,,,20000,12000,0.6,0.75,8000,,,,,,,Suburban,true,false,2024-01-01,,8000,8000,20000,0.65,,,,,,,50
Moraine Valley Community College,,,,Medium,Public,,,0.7,,1050,,,21,,,16000,12000,0.5,0.7,12000,,,,,,,Suburban,true,false,2024-08-01,,7000,7000,16000,0.6,,,,,,,43
Moravian University,,,,Small,Private,4,,0.54,1080,1172,1265,24,26,29,,30720,16286,0.71,0.79,1949,10,76,2418,,,,Suburban,false,false,March 15,,41203,31,30720,0.8,,,,,,,56
Morehead State University,,,,Small,Public,4,,0.77,1003,1118,1233,19,22,25,,10017,11470,0.49,0.65,4578,16,71,1487,,,,Rural,false,false,Not available,,16095,10,10017,0.72,,,,,,,41
Morehouse College,,,,Small,Private,4,,0.44,,1200,,18,22,25,,34733,20618,0.53,0.87,2844,14,35,5415,,,,Urban,false,false,February 1,,25880,35,34733,0.73,,,,,,,54
Morehouse School of Medicine,,,,Small,Private,,,0.2,,1300,,,28,,,30000,15000,0.85,0.9,600,,,,,,,Urban,true,false,2024-01-15,,20000,20000,30000,0.8,,,,,,,66
Morgan State University,,,,Medium,Public,,,0.6,,1100,,,25,,,25000,12000,0.5,0.7,8000,,,,,,,Urban,true,false,2024-01-15,,8000,8000,25000,0.65,,,,,,,48
Morningside College,,,,Small,Private,,,0.5,,1150,,,24,,,30000,12000,0.65,0.75,1200,,,,,,,Urban,true,false,2024-01-15,,20000,20000,30000,0.7,,,,,,,50
Morris Brown College,,,,Small,Private,,,0.6,,1000,,,20,,,12000,12000,0.5,0.7,800,,,,,,,Urban,true,false,Rolling,,10000,10000,12000,0.7,,,,,,,41
Morris College,,,,Small,Private,4,,0.68,,1100,,,25,,,20397,7908,0.2,0.47,383,10,23,,,,,Urban,false,false,Not available,,20531,20,20397,1,,,,,,,21
Morrison College,,,,Small,Private For-Profit,,,0.5,,1100,,,25,,,20000,12000,0.6,0.7,1000,,,,,,,Urban,true,false,Rolling,,10000,10000,20000,0.6,,,,,,,49
Mount Aloysius College,,,,Small,Private,,,0.65,,1100,,,24,,,30000,12000,0.65,0.75,900,,,,,,,Rural,true,false,2024-08-01,,20000,20000,30000,0.8,,,,,,,45
Mount Carmel College of Nursing,,,,Small,Private,4,,0.58,,1200,,16,18,21,,71,12000,0.71,0.74,531,8,6,1502,,,,Urban,false,false,June 15,,8,12,71,0.75,,,,,,,48
Mount Holyoke College,,,,Small,Private,,,0.2,,1350,,,30,,,58000,15000,0.87,0.92,2200,,,,,,,Suburban,true,false,2024-01-01,,25000,25000,58000,0.75,,,,,,,69
Mount Ida College,,,,Small,Private,,,0.6,,1150,,,24,,,30000,12000,0.65,0.75,1500,,,,,,,Suburban,true,false,2023-01-15,,20000,20000,30000,0.8,,,,,,,47
Mount Marty College,,,,Small,Private,,,0.6,,1150,,,24,,,23000,12000,0.7,0.75,800,,,,,,,Rural,true,false,2024-01-15,,15000,15000,23000,0.7,,,,,,,47
Mount Mary College,,,,Small,Private,,,0.5,,1150,,,24,,,30000,12000,0.7,0.75,800,,,,,,,Urban,true,false,2024-01-15,,20000,20000,30000,0.7,,,,,,,50
Mount Mercy University,,,,Small,Private,4,,0.75,,1100,,18,21,24,,23972,28257,0.56,0.74,67,14,76,6417,,,,"$23,972",false,false,Not available,,28257,24,23972,0.67,,,,,,,40
Mount Olive College,,,,Small,Private,,,0.6,,1100,,,25,,,20000,12000,0.6,0.7,1000,,,,,,,Rural,true,false,2024-01-15,,15000,15000,20000,0.7,,,,,,,46
Mount Senario College,,,,Small,Private,,,0.7,,1100,,,25,,,20000,12000,0.6,0.75,800,,,,,,,Rural,true,false,2024-01-15,,15000,15000,20000,0.7,,,,,,,43
Mount Sinai School of Medicine,,,,Small,Private,,,0.15,,1450,,,32,,,60000,15000,0.9,0.95,2000,,,,,,,Urban,false,false,2024-01-15,,20000,20000,60000,0.8,,,,,,,77
Mount St. Clare College,,,,Small,Private,,,0.6,,1100,,,25,,,20000,12000,0.7,0.75,800,,,,,,,Rural,true,false,2024-01-15,,20000,20000,20000,0.75,,,,,,,48
Mount St. Mary College,,,,Small,Private,,,0.5,,1150,,,24,,,30000,13000,0.65,0.75,2000,,,,,,,Suburban,true,false,2024-01-15,,20000,20000,30000,0.75,,,,,,,51
Mount St. Mary's College California,,,,Small,Private,,,0.5,,1200,,,25,,,42000,13000,0.7,0.8,1200,,,,,,,Urban,true,false,2024-01-15,,20000,20000,42000,0.75,,,,,,,52
Mount St. Mary's College Maryland,,,,Small,Private,,,0.6,,1150,,,24,,,38000,13000,0.7,0.8,1500,,,,,,,Rural,true,false,2024-01-15,,20000,20000,38000,0.8,,,,,,,48
Mount Union College,,,,Small,Private,,,0.5,,1150,,,24,,,35000,12000,0.6,0.75,2000,,,,,,,Suburban,true,false,2024-01-15,,20000,20000,35000,0.7,,,,,,,50
Mount Vernon College,,,,Small,Private,,,0.5,,1200,,,25,,,30000,12000,0.75,0.8,1500,,,,,,,Urban,true,false,2024-01-15,,20000,20000,30000,0.7,,,,,,,53
Mount Vernon Nazarene College,,,,Small,Private,,,0.6,,1150,,,24,,,30000,12000,0.6,0.75,1500,,,,,,,Suburban,true,false,2024-01-15,,20000,20000,30000,0.7,,,,,,,46
Mountain State University,,,,Medium,Public,,,0.6,,1100,,,25,,,24000,12000,0.6,0.7,6000,,,,,,,Rural,true,false,2024-01-15,,8000,8000,24000,0.6,,,,,,,50
Muhlenberg College,,,,Small,Private,,,0.4,,1300,,,28,,,57000,14000,0.85,0.9,2500,,,,,,,Suburban,true,false,2024-01-15,,25000,25000,57000,0.8,,,,,,,62
Multnomah Bible College,,,,Small,Private,,,0.5,,1150,,,24,,,20000,12000,0.7,0.75,700,,,,,,,Urban,true,false,2024-01-15,,20000,20000,20000,0.8,,,,,,,50
Murray State University,,,,Medium,Public,,,0.6,,1100,,,24,,,22000,12000,0.55,0.75,10000,,,,,,,Rural,true,false,2024-01-15,,8000,8000,22000,0.6,,,,,,,49
Muskingum College,,,,Small,Private,,,0.5,,1150,,,24,,,32000,12000,0.65,0.75,1200,,,,,,,Rural,true,false,2024-01-15,,15000,15000,32000,0.75,,,,,,,50
NAES College,,,,Medium,Public,,,0.6,,1200,,,25,,,25000,12000,0.65,0.75,8000,,,,,,,Urban,true,false,2024-01-15,,8000,8000,25000,0.65,,,,,,,51
National American University,,,,Small,Private For-Profit,,,0.7,,1100,,,24,,,15000,12000,0.6,0.7,1500,,,,,,,Urban,true,false,Rolling,,8000,8000,15000,0.6,,,,,,,43
"National American University, Albuquerque",,,,Small,Private For-Profit,,,0.7,,1100,,,25,,,15000,12000,0.5,0.7,1000,,,,,,,Urban,true,false,Rolling,,8000,8000,15000,0.6,,,,,,,42
"National American University, Colorado Springs",,,,Small,Private For-Profit,,,0.7,,1100,,,25,,,15000,12000,0.5,0.7,1000,,,,,,,Urban,true,false,Rolling,,8000,8000,15000,0.6,,,,,,,42
"National American University, Denver",,,,Small,Private For-Profit,,,0.7,,1100,,,25,,,15000,12000,0.5,0.7,2000,,,,,,,Urban,true,false,Rolling,,8000,8000,15000,0.6,,,,,,,43
"National American University, Kansas City",,,,Small,Private For-Profit,,,0.7,,1050,,,21,,,15000,12000,0.5,0.7,1000,,,,,,,Urban,true,false,Rolling,,8000,8000,15000,0.6,,,,,,,39
"National American University, Roseville",,,,Small,Private For-Profit,,,0.7,,1050,,,21,,,15000,12000,0.6,0.7,1000,,,,,,,Suburban,true,false,Rolling,,8000,8000,15000,0.7,,,,,,,40
"National American University, Sioux Falls",,,,Small,Private For-Profit,,,0.7,,1100,,,25,,,15000,12000,0.6,0.7,1000,,,,,,,Urban,true,false,Rolling,,10000,10000,15000,0.6,,,,,,,43
National College of Chiropractic,,,,Small,Private,,,0.6,,1150,,,24,,,20000,12000,0.7,0.8,1000,,,,,,,Suburban,true,false,Rolling,,15000,15000,20000,0.7,,,,,,,48
National College of Naturopathic Medicine,,,,Small,Private,,,0.6,,1200,,,25,,,20000,12000,0.7,0.8,500,,,,,,,Urban,true,false,2024-01-15,,15000,15000,20000,0.7,,,,,,,48
National Defense University,,,,Small,Public,,,0.5,,1300,,,28,,,30000,12000,0.7,0.85,3000,,,,,,,Urban,true,false,Rolling,,10000,10000,30000,0.6,,,,,,,56
National Hispanic University,,,,Small,Private,,,0.7,,1000,,,20,,,15000,12000,0.6,0.75,1000,,,,,,,Urban,true,false,Rolling,,20000,20000,15000,0.8,,,,,,,40
National Technological University,,,,Medium,Public,,,0.65,,1250,,,26,,,36000,12000,0.6,0.75,15000,,,,,,,Urban,true,false,2024-01-15,,8000,8000,36000,0.65,,,,,,,50
National Theatre Conservatory,,,,Small,Private,,,0.5,,1200,,,25,,,20000,12000,0.7,0.8,3000,,,,,,,Urban,true,false,2024-01-15,,15000,15000,20000,0.7,,,,,,,54
National University,,,,Medium,Private For-Profit,,,0.7,,1100,,,25,,,15000,12000,0.6,0.75,8000,,,,,,,Urban,true,false,Rolling,,10000,10000,15000,0.6,,,,,,,47
National-Louis University,,,,Medium,Private,,,0.5,,1100,,,24,,,20000,12000,0.6,0.75,6000,,,,,,,Urban,true,false,2024-01-15,,15000,15000,20000,0.7,,,,,,,52
Naval Postgraduate School,,,,Small,Public,,,0.3,,1300,,,28,,,30000,12000,0.85,0.9,1000,,,,,,,Suburban,true,false,Rolling,,10000,10000,30000,0.6,,,,,,,63
Nazarene Bible College,,,,Small,Private,,,0.6,,1100,,,25,,,20000,12000,0.7,0.75,600,,,,,,,Suburban,true,false,Rolling,,15000,15000,20000,0.7,,,,,,,48
Nazareth College,,,,Small,Private,,,0.5,,1200,,,25,,,40000,13000,0.7,0.8,2500,,,,,,,Suburban,true,false,2024-01-15,,20000,20000,40000,0.7,,,,,,,53
Nebraska Christian College,,,,Small,Private,,,0.7,,1100,,,24,,,20000,12000,0.6,0.75,300,,,,,,,Suburban,true,false,Rolling,,20000,20000,20000,0.8,,,,,,,42
Nebraska Methodist College of Nursing and Allied Health,,,,Small,Private,,,0.6,,1150,,,24,,,25000,12000,0.7,0.8,1000,,,,,,,Urban,true,false,Rolling,,15000,15000,25000,0.7,,,,,,,48
Nebraska Wesleyan University,,,,Small,Private,,,0.5,,1200,,,25,,,30000,12000,0.7,0.8,1500,,,,,,,Urban,true,false,2024-01-15,,20000,20000,30000,0.7,,,,,,,52
Neumann University,,,,Small,Private,4,,0.81,853,984,1115,17,20,24,,29298,16856,0.46,0.72,1533,13,47,2628,,,,Suburban,false,false,September 2,,32397,29,29298,0.82,,,,,,,38
New College of California,,,,Small,Private,,,0.6,,1150,,,24,,,25000,12000,0.65,0.75,500,,,,,,,Urban,true,false,2024-01-15,,20000,20000,25000,0.75,,,,,,,46
New College of Florida,,,,Small,Public,,,0.4,,1300,,,28,,,18000,12000,0.6,0.8,800,,,,,,,Suburban,true,false,2024-01-01,,8000,8000,18000,0.65,,,,,,,55
New England College,,,,Small,Private,,,0.6,,1100,,,25,,,35000,13000,0.65,0.75,1500,,,,,,,Rural,true,false,2024-01-15,,20000,20000,35000,0.75,,,,,,,48
New England College of Optometry,,,,Small,Private,,,0.4,,1300,,,28,,,45000,12000,0.85,0.9,500,,,,,,,Urban,true,false,2024-01-15,,20000,20000,45000,0.75,,,,,,,60
New England Conservatory of Music,,,,Small,Private,,,0.2,,1350,,,30,,,50000,15000,0.85,0.9,700,,,,,,,Urban,true,false,2024-01-15,,20000,20000,50000,0.8,,,,,,,67
New England Institute of Technology,,,,Small,Private For-Profit,,,0.7,,1100,,,24,,,20000,12000,0.6,0.75,3000,,,,,,,Suburban,true,false,Rolling,,10000,10000,20000,0.6,,,,,,,45
New England School of Art and Design,,,,Small,Private,,,0.5,,1200,,,25,,,40000,14000,0.7,0.8,1000,,,,,,,Urban,true,false,2024-01-01,,20000,20000,40000,0.75,,,,,,,52
New England School of Communications,,,,Small,Private For-Profit,,,0.6,,1100,,,25,,,20000,12000,0.6,0.7,500,,,,,,,Urban,true,false,Rolling,,15000,15000,20000,0.7,,,,,,,46
New England School of Law,,,,Small,Private,,,0.4,,1400,,,32,,,50000,15000,0.75,0.85,1000,,,,,,,Urban,true,false,2024-01-15,,20000,20000,50000,0.8,,,,,,,61
New Hampshire College,,,,Small,Private,,,0.5,,1200,,,25,,,32000,12000,0.7,0.8,4000,,,,,,,Suburban,true,false,2024-01-15,,20000,20000,32000,0.75,,,,,,,54
New Jersey City University,,,,Medium,Public,,,0.6,,1100,,,25,,,25000,12000,0.55,0.75,8000,,,,,,,Urban,true,false,2024-01-15,,8000,8000,25000,0.65,,,,,,,49
New Jersey Institute of Technology,,,,Medium,Public,,,0.55,,1300,,,28,,,35000,14000,0.65,0.85,12000,,,,,,,Urban,true,false,2024-01-15,,8000,8000,35000,0.65,,,,,,,56
New Mexico Highlands University,,,,Small,Public,,,0.7,,1050,,,21,,,16000,12000,0.5,0.7,3000,,,,,,,Rural,true,false,2024-08-01,,8000,8000,16000,0.6,,,,,,,41
New Mexico Institute of Mining and Technology,,,,Small,Public,,,0.6,,1250,,,26,,,20000,12000,0.6,0.8,2000,,,,,,,Rural,false,false,2024-01-15,,7000,7000,20000,0.6,,,,,,,49
New Mexico State University,,,,Medium,Public,,,0.65,,1100,,,24,,,20000,12000,0.55,0.75,15000,,,,,,,Suburban,true,false,2024-01-15,,8000,8000,20000,0.65,,,,,,,48
"New York Academy of Art, Graduate School of Figurative Art",,,,Small,Private,,,0.5,,1300,,,28,,,50000,15000,0.85,0.8,300,,,,,,,Urban,true,false,2024-01-15,,20000,20000,50000,0.7,,,,,,,55
New York Chiropractic College,,,,Small,Private,,,0.5,,1150,,,24,,,20000,12000,0.7,0.8,1000,,,,,,,Rural,true,false,Rolling,,15000,15000,20000,0.7,,,,,,,51
New York College of Podiatric Medicine,,,,Small,Private,,,0.5,,1200,,,25,,,40000,15000,0.85,0.8,800,,,,,,,Urban,false,false,2024-01-15,,20000,20000,40000,0.7,,,,,,,54
New York Film Academy,,,,Small,Private For-Profit,,,0.5,,1150,,,24,,,30000,15000,0.6,0.75,1500,,,,,,,Urban,true,false,Rolling,,15000,15000,30000,0.7,,,,,,,49
New York Institute of Technology,,,,Medium,Private,,,0.5,,1200,,,25,,,35000,15000,0.65,0.75,8000,,,,,,,Urban,true,false,2024-01-15,,15000,15000,35000,0.7,,,,,,,54
New York Law School,,,,Small,Private,,,0.4,,1500,,,34,,,60000,15000,0.85,0.9,1000,,,,,,,Urban,true,false,2024-01-15,,20000,20000,60000,0.75,,,,,,,64
New York Medical College,,,,Small,Private,,,0.3,,1300,,,28,,,50000,15000,0.85,0.9,2000,,,,,,,Suburban,false,false,2024-01-15,,20000,20000,50000,0.7,,,,,,,64
New York School of Interior Design,,,,Small,Private,,,0.5,,1200,,,25,,,40000,15000,0.75,0.85,800,,,,,,,Urban,true,false,2024-01-15,,20000,20000,40000,0.7,,,,,,,53
New York University,,,,Large,Private,,,0.16,,1400,,,32,,,60000,15000,0.85,0.95,50000,,,,,,,Urban,true,false,2024-01-01,,20000,20000,60000,0.75,,,,,,,78
Newberry College,,,,Small,Private,,,0.5,,1100,,,24,,,25000,12000,0.6,0.7,800,,,,,,,Rural,true,false,2024-01-15,,15000,15000,25000,0.7,,,,,,,48
Newman University,,,,Small,Private,,,0.5,,1100,,,24,,,28000,12000,0.6,0.75,1500,,,,,,,Urban,true,false,2024-01-15,,15000,15000,28000,0.7,,,,,,,49
Newschool of Architecture and Design,,,,Small,Private,,,0.5,,1200,,,25,,,30000,15000,0.6,0.75,1000,,,,,,,Urban,true,false,2024-01-15,,20000,20000,30000,0.7,,,,,,,50
Niagara University,,,,Small,Private,,,0.5,,1150,,,24,,,35000,13000,0.7,0.8,3500,,,,,,,Suburban,true,false,2024-01-15,,20000,20000,35000,0.7,,,,,,,53
Nicholls State University,,,,Medium,Public,,,0.7,,1100,,,24,,,21000,12000,0.5,0.75,6500,,,,,,,Suburban,true,false,2024-08-01,,8000,8000,21000,0.6,,,,,,,45
Nichols College,,,,Small,Private,,,0.5,,1150,,,24,,,38000,14000,0.65,0.75,1000,,,,,,,Rural,true,false,2024-01-15,,20000,20000,38000,0.7,,,,,,,50
Norfolk State University,,,,Medium,Public,,,0.6,,1000,,,20,,,20000,12000,0.5,0.7,6000,,,,,,,Urban,true,false,2024-01-15,,8000,8000,20000,0.6,,,,,,,44
North Carolina Agricultural and Technical State University,,,,Medium,Public,,,0.55,,1150,,,25,,,25000,12000,0.6,0.8,13000,,,,,,,Urban,true,false,2024-01-15,,8000,8000,25000,0.65,,,,,,,53
North Carolina Central University,,,,Medium,Public,,,0.5,,1100,,,24,,,18000,12000,0.5,0.7,8000,,,,,,,Urban,true,false,2024-01-15,,8000,8000,18000,0.6,,,,,,,50
North Carolina School of the Arts,,,,Small,Public,,,0.35,,1250,,,27,,,24000,12000,0.7,0.85,1000,,,,,,,Urban,true,false,2024-01-15,,10000,10000,24000,0.7,,,,,,,58
North Carolina State University,,,,Large,Public,,,0.45,,1300,,,28,,,29000,12000,0.76,0.92,36000,,,,,,,Urban,true,false,2024-01-15,,8000,8000,29000,0.56,,,,,,,60
North Carolina Wesleyan College,,,,Small,Private,,,0.6,,1100,,,25,,,20000,12000,0.6,0.7,1500,,,,,,,Suburban,true,false,2024-01-15,,15000,15000,20000,0.7,,,,,,,47
North Central Bible College,,,,Small,Private,,,0.5,,1100,,,25,,,20000,12000,0.7,0.8,1000,,,,,,,Urban,true,false,2024-01-15,,15000,15000,20000,0.7,,,,,,,52
North Central College,,,,Small,Private,,,0.5,,1200,,,25,,,35000,13000,0.7,0.8,3000,,,,,,,Suburban,true,false,2024-01-15,,20000,20000,35000,0.75,,,,,,,54
North Dakota State University,,,,Medium,Public,,,0.7,,1150,,,24,,,21000,12000,0.68,0.8,13000,,,,,,,Urban,true,false,2024-01-15,,8000,8000,21000,0.6,,,,,,,48
North Georgia College,,,,Medium,Public,,,0.5,,1150,,,24,,,22000,12000,0.6,0.75,6000,,,,,,,Rural,true,false,2024-01-01,,8000,8000,22000,0.6,,,,,,,52
North Greenville College,,,,Small,Private,,,0.6,,1150,,,24,,,20000,12000,0.6,0.7,800,,,,,,,Rural,true,false,2024-01-15,,15000,15000,20000,0.7,,,,,,,45
North Park University,,,,Small,Private,,,0.5,,1150,,,24,,,35000,13000,0.65,0.75,3000,,,,,,,Urban,true,false,2024-01-15,,20000,20000,35000,0.7,,,,,,,52
Northcentral University,,,,Small,Private For-Profit,,,0.7,,1100,,,25,,,20000,12000,0.6,0.7,3000,,,,,,,Urban,true,false,Rolling,,15000,15000,20000,0.7,,,,,,,45
Northeastern Illinois University,,,,Medium,Public,,,0.6,,1100,,,25,,,25000,12000,0.5,0.7,8000,,,,,,,Urban,true,false,2024-01-15,,8000,8000,25000,0.6,,,,,,,48
Northeastern Ohio University College of Medicine,,,,Small,Public,,,0.4,,1300,,,28,,,45000,12000,0.6,0.85,1000,,,,,,,Rural,false,false,2024-01-01,,10000,10000,45000,0.6,,,,,,,56
Northeastern State University,,,,Medium,Public,,,0.6,,1100,,,25,,,20000,12000,0.5,0.7,7000,,,,,,,Rural,true,false,2024-08-01,,7000,7000,20000,0.6,,,,,,,48
Northeastern University,,,,Large,Private,,,0.18,,1480,,,34,,,57000,15000,0.89,0.95,23000,,,,,,,Urban,true,false,2024-01-01,,26000,26000,57000,0.7,,,,,,,80
Northern Arizona University,,,,Large,Public,,,0.7,,1150,,,24,,,30000,13000,0.6,0.75,30000,,,,,,,Suburban,true,false,2024-01-01,,8000,8000,30000,0.65,,,,,,,46
Northern Illinois University,,,,Medium,Public,,,0.6,,1150,,,24,,,26000,12000,0.6,0.75,15000,,,,,,,Suburban,true,false,2024-01-15,,8000,8000,26000,0.65,,,,,,,50
Northern Kentucky University,,,,Medium,Public,,,0.6,,1120,,,24,,,20000,12000,0.54,0.76,15000,,,,,,,Suburban,true,false,2024-01-15,,8000,8000,20000,0.65,,,,,,,49
Northern Michigan University,,,,Medium,Public,,,0.65,,1100,,,24,,,24000,12000,0.6,0.75,7000,,,,,,,Rural,true,false,2024-01-15,,8000,8000,24000,0.6,,,,,,,48
Northern State University,,,,Small,Public,,,0.6,,1100,,,24,,,16000,12000,0.6,0.7,3000,,,,,,,Rural,true,false,2024-08-01,,8000,8000,16000,0.65,,,,,,,47
Northern Virginia Community College,,,,Large,Public,,,0.7,,1100,,,25,,,12000,12000,0.5,0.7,20000,,,,,,,Suburban,true,false,Rolling,,8000,8000,12000,0.6,,,,,,,45
Northface University,,,,Large,Public,,,0.5,,1250,,,27,,,30000,12000,0.65,0.75,20000,,,,,,,Suburban,true,false,2024-01-15,,8000,8000,30000,0.6,,,,,,,55
Northland College,,,,Small,Private,,,0.5,,1150,,,24,,,38000,12000,0.6,0.7,600,,,,,,,Rural,true,false,2024-01-15,,15000,15000,38000,0.7,,,,,,,48
Northwest Christian College,,,,Small,Private,,,0.5,,1150,,,24,,,30000,12000,0.65,0.75,800,,,,,,,Suburban,true,false,2024-01-15,,20000,20000,30000,0.8,,,,,,,49
Northwest College of Art,,,,Small,Private,,,0.5,,1100,,,25,,,20000,12000,0.6,0.7,300,,,,,,,Suburban,true,false,Rolling,,15000,15000,20000,0.7,,,,,,,48
Northwest Missouri State University,,,,Medium,Public,,,0.6,,1100,,,24,,,16000,12000,0.6,0.7,6000,,,,,,,Rural,true,false,2024-01-15,,8000,8000,16000,0.6,,,,,,,49
Northwest Nazarene University,,,,Small,Private,,,0.55,,1150,,,25,,,32000,12000,0.65,0.75,2000,,,,,,,Suburban,true,false,2024-01-15,,15000,15000,32000,0.75,,,,,,,50
Northwest University,,,,Small,Private,,,0.5,,1200,,,25,,,32000,12000,0.7,0.8,800,,,,,,,Suburban,true,false,2024-01-15,,20000,20000,32000,0.7,,,,,,,51
Northwestern College Iowa,,,,Small,Private,,,0.5,,1150,,,24,,,30000,12000,0.7,0.8,1000,,,,,,,Rural,true,false,2024-01-15,,20000,20000,30000,0.7,,,,,,,51
Northwestern College of Chiropractic,,,,Small,Private,,,0.6,,1200,,,25,,,20000,12000,0.7,0.8,800,,,,,,,Suburban,true,false,Rolling,,15000,15000,20000,0.7,,,,,,,48
Northwestern College St. Paul,,,,Small,Private,,,0.5,,1100,,,25,,,25000,12000,0.7,0.75,1500,,,,,,,Urban,true,false,2024-01-01,,20000,20000,25000,0.8,,,,,,,52
Northwestern Oklahoma State University,,,,Small,Public,,,0.7,,1100,,,24,,,15000,12000,0.5,0.7,2500,,,,,,,Rural,true,false,2024-08-01,,8000,8000,15000,0.6,,,,,,,42
Northwestern State University of Louisiana,,,,Medium,Public,,,0.6,,1100,,,25,,,18000,12000,0.5,0.7,10000,,,,,,,Rural,true,false,2024-01-15,,7000,7000,18000,0.6,,,,,,,48
Northwestern University,,,,Large,Private,,,0.2,,1480,,,34,,,60000,15000,0.93,0.97,21000,,,,,,,Suburban,true,false,2024-01-01,,30000,30000,60000,0.7,,,,,,,76
Northwood University,,,,Small,Private,,,0.5,,1100,,,25,,,20000,12000,0.6,0.7,3000,,,,,,,Suburban,true,false,Rolling,,10000,10000,20000,0.7,,,,,,,51
"Northwood University, Florida Campus",,,,Small,Private For-Profit,,,0.6,,1100,,,25,,,21000,12000,0.5,0.7,800,,,,,,,Suburban,true,false,Rolling,,10000,10000,21000,0.7,,,,,,,44
"Northwood University, Texas Campus",,,,Small,Private For-Profit,,,0.6,,1100,,,25,,,15000,12000,0.5,0.7,1000,,,,,,,Suburban,true,false,Rolling,,10000,10000,15000,0.6,,,,,,,45
Norwich University,,,,Small,Private,,,0.6,,1150,,,24,,,45000,13000,0.65,0.75,3000,,,,,,,Rural,true,false,2024-01-15,,12000,12000,45000,0.7,,,,,,,49
Notre Dame College,,,,Small,Private,,,0.5,,1100,,,24,,,30000,12000,0.6,0.75,1200,,,,,,,Suburban,true,false,2024-01-15,,20000,20000,30000,0.7,,,,,,,49
Notre Dame College of Ohio,,,,Small,Private,,,0.5,,1100,,,24,,,30000,12000,0.65,0.75,1200,,,,,,,Suburban,true,false,2024-01-15,,20000,20000,30000,0.7,,,,,,,50
Notre Dame de Namur University,,,,Small,Private,,,0.5,,1150,,,24,,,40000,15000,0.65,0.75,1200,,,,,,,Suburban,true,false,2023-01-15,,20000,20000,40000,0.8,,,,,,,50
Nova Southeastern University,,,,Medium,Private,4,,0.73,1040,1165,1290,19,24,28,,32756,17668,0.64,0.78,7238,19,153,5514,,,,Suburban,false,false,February 1,,41028,33,32756,0.64,,,,,,,48
Nyack College,,,,Small,Private,,,0.5,,1100,,,25,,,20000,12000,0.6,0.7,1200,,,,,,,Suburban,true,false,2024-01-15,,20000,20000,20000,0.8,,,,,,,49
O'More College of Design,,,,Small,Private,,,0.5,,1150,,,24,,,20000,12000,0.7,0.8,300,,,,,,,Suburban,true,false,Rolling,,20000,20000,20000,0.7,,,,,,,50
Oakland City University,,,,Small,Private,4,,0.63,420,500,580,17,20,23,,12268,11600,0.68,0.73,504,13,26,1585,,,,Rural,false,false,August 15,,26067,12,12268,0.7,,,,,,,46
Oakland University,,,,Medium,Public,4,,0.88,920,1040,1160,21,25,29,,15734,10932,0.57,0.78,12351,17,151,,,,,Suburban,false,false,Not available,,16870,16,15734,0.57,,,,,,,44
Oakton Community College,,,,Medium,Public,2,,0.7,,1100,,,25,,,8161,12000,0.5,0.76,5941,13,82,,,,,Suburban,false,false,Not available,,7000,8,8161,0.6,,,,,,,15
Oakwood University,,,,Small,Private,4,,0.68,,1100,,,25,,,22833,12094,0.5,0.77,1500,11,75,1586,,,,Suburban,false,false,August 14,,15000,23,22833,0.7,,,,,,,28
Oberlin College,,,,Small,Private,4,,0.35,,1350,,30,32,33,,50484,20096,0.79,0.89,2942,9,50,1587,,,,Rural,false,false,January 15,,49131,50,50484,0.53,,,,,,,69
Occidental College,,,,Small,Private,4,,0.44,1400,1448,1495,31,32,34,,47113,19252,0.85,0.89,1877,8,35,4581,,,,Urban,false,false,January 10,,59821,47,47113,0.47,,,,,,,67
Oglala Lakota College,,,,Small,Public,4,,0.7,,1000,,,20,,,3563,7200,0.04,0.67,1000,10,23,,,,,Rural,false,false,Not available,,8000,4,3563,0.6,,,,,,,11
Oglethorpe University,,,,Small,Private,4,,0.89,1080,1195,1310,22,26,31,,22251,16400,0.53,0.79,1361,13,33,5521,,,,Suburban,false,false,July 25,,45760,22,22251,0.61,,,,,,,41
Ohio College of Podiatric Medicine,,,,Small,Private,,,0.5,,1200,,,25,,,30000,12000,0.7,0.8,400,,,,,,,Suburban,true,false,Rolling,,20000,20000,30000,0.7,,,,,,,51
Ohio Dominican University,,,,Small,Private,4,,0.94,920,1030,1140,20,24,28,,21006,13262,0.49,0.64,760,12,51,1131,,,,Urban,false,false,Not available,,31562,21,21006,0.76,,,,,,,36
Ohio Northern University,,,,Small,Private,4,,0.74,1160,1260,1360,20,24,28,,26396,13750,0.7,0.84,2482,13,68,1591,,,,Rural,false,false,August 23,,33842,26,26396,0.72,,,,,,,50
Ohio State University,,,,Large,Public,,,0.48,,1360,,,30,,,35000,13000,0.83,0.93,61000,,,,,,,Urban,true,false,2024-01-15,,8000,8000,35000,0.65,,,,,,,62
Ohio State University - Lima,,,,Small,Public,,,0.6,,1100,,,25,,,25000,12000,0.6,0.7,1500,,,,,,,Suburban,true,false,2024-01-15,,8000,8000,25000,0.6,,,,,,,47
Ohio State University - Mansfield,,,,Small,Public,,,0.6,,1100,,,25,,,25000,12000,0.6,0.75,1500,,,,,,,Suburban,true,false,2024-01-01,,8000,8000,25000,0.6,,,,,,,47
Ohio State University - Marion,,,,Small,Public,,,0.6,,1100,,,25,,,25000,12000,0.5,0.7,1000,,,,,,,Suburban,true,false,2024-01-01,,8000,8000,25000,0.6,,,,,,,45
Ohio State University - Newark,,,,Small,Public,,,0.6,,1150,,,24,,,25000,12000,0.6,0.75,1500,,,,,,,Suburban,true,false,2024-01-01,,8000,8000,25000,0.6,,,,,,,46
Ohio University,,,,Large,Public,4,,0.85,1100,1190,1280,22,25,28,,20550,14740,0.66,0.84,19544,18,253,1593,,,,Rural,false,false,February 1,,14951,21,20550,0.5,,,,,,,46
Ohio University - Chillicothe,,,,Small,Public,,,0.6,,1100,,,25,,,18000,12000,0.5,0.7,1500,,,,,,,Rural,true,false,2024-01-15,,8000,8000,18000,0.6,,,,,,,45
Ohio University - Eastern,,,,Small,Public,,,0.7,,1100,,,23,,,25000,12000,0.5,0.7,1500,,,,,,,Suburban,true,false,2024-01-15,,8000,8000,25000,0.6,,,,,,,41
Ohio University - Lancaster,,,,Small,Public,,,0.6,,1100,,,25,,,25000,12000,0.5,0.7,1000,,,,,,,Suburban,true,false,2024-01-15,,8000,8000,25000,0.6,,,,,,,45
Ohio University - Southern,,,,Small,Public,,,0.7,,1100,,,24,,,25000,12000,0.55,0.75,1200,,,,,,,Rural,true,false,Rolling,,8000,8000,25000,0.6,,,,,,,42
Ohio University - Zanesville,,,,Small,Public,,,0.6,,1100,,,25,,,20000,12000,0.5,0.7,1000,,,,,,,Suburban,true,false,2024-01-15,,8000,8000,20000,0.6,,,,,,,45
Ohio Valley College,,,,Small,Private,,,0.7,,1100,,,24,,,20000,12000,0.6,0.75,800,,,,,,,Rural,true,false,2024-01-15,,15000,15000,20000,0.7,,,,,,,43
Ohio Wesleyan University,,,,Small,Private,4,,0.56,1363,1304,1245,30,27,24,,23826,15272,0.62,0.85,1516,12,74,1594,,,,Suburban,false,false,March 1,,52768,24,23826,0.73,,,,,,,55
Oklahoma Baptist University,,,,Small,Private,4,,0.57,980,1090,1200,20,23,26,,25099,8930,0.5,0.8,2000,15,84,,,,,Suburban,false,false,Not available,,24343,25,25099,0.67,,,,,,,47
Oklahoma Christian University,,,,Small,Private,4,,0.69,1100,1235,1370,19,22,26,,21810,26933,0.55,0.71,60,19,85,6086,,,,"$21,810",false,false,August 30,,26933,22,21810,0.6,,,,,,,44
Oklahoma City University,,,,Small,Private,4,,0.77,1040,1170,1300,21,24,27,,23143,11664,0.64,0.84,1514,11,68,,,,,Urban,false,false,Not available,,29548,23,23143,0.79,,,,,,,46
Oklahoma Panhandle State University,,,,Small,Public,4,,0.92,,1050,,,21,,,5274,6956,0.31,0.35,1135,17,28,,,,,Rural,false,false,Not available,,8000,5,5274,0.6,,,,,,,14
Oklahoma State University,,,,Large,Public,4,,0.75,1040,1090,1140,20,24,27,,18291,9822,0.66,0.85,21758,19,186,,,,,Suburban,false,false,Not available,,18579,18,18291,0.52,,,,,,,48
Oklahoma State University - Institute of Technology,,,,Small,Public,,,0.7,,1100,,,25,,,18000,12000,0.5,0.7,1500,,,,,,,Rural,true,false,2024-08-01,,7000,7000,18000,0.6,,,,,,,42
Oklahoma State University - Oklahoma City,,,,Medium,Public,,,0.6,,1100,,,25,,,15000,12000,0.5,0.7,5000,,,,,,,Urban,true,false,2024-08-01,,8000,8000,15000,0.6,,,,,,,48
Oklahoma State University - Tulsa,,,,Medium,Public,,,0.6,,1200,,,25,,,22000,12000,0.6,0.75,5000,,,,,,,Urban,true,false,2024-01-15,,8000,8000,22000,0.6,,,,,,,50
Oklahoma State University Center for Health Sciences,,,,Small,Public,,,0.6,,1200,,,25,,,25000,12000,0.6,0.8,3000,,,,,,,Urban,true,false,2024-01-15,,8000,8000,25000,0.6,,,,,,,49
Old Dominion University,,,,Large,Public,4,,0.9,1120,1195,1270,24,26,29,,16150,15676,0.44,0.77,17514,13,136,5126,,,,Urban,false,false,February 1,,30437,16,16150,0.61,,,,,,,43
Olive-Harvey College,,,,Medium,Public,,,0.7,,1000,,,20,,,24000,12000,0.5,0.7,5000,,,,,,,Urban,true,false,Rolling,,7000,7000,24000,0.6,,,,,,,41
University Of Olivet,,,,Small,Private,4,,0.97,,1100,,,25,,,23533,13198,0.37,0.57,955,14,38,1595,,,,Rural,false,false,Not available,,37098,24,23533,1,,,,,,,16
Olivet Nazarene University,,,,Small,Private,4,,0.56,950,1085,1220,19,22,26,,22707,12740,0.6,0.71,2482,15,97,1596,,,,Suburban,false,false,Not available,,37775,23,22707,0.75,,,,,,,49
Oral Roberts University,,,,Small,Private,4,,0.99,1045,1158,1270,18,22,26,,24347,11240,0.54,0.8,3487,18,71,6552,,,,Suburban,false,false,Not available,,34672,24,24347,0.66,,,,,,,37
Oregon College of Arts and Crafts,,,,Small,Private,,,0.5,,1200,,,25,,,30000,12000,0.7,0.75,300,,,,,,,Urban,true,false,2024-01-15,,20000,20000,30000,0.7,,,,,,,50
Oregon Graduate Institute of Science and Technology,,,,Small,Public,,,0.5,,1250,,,27,,,36000,12000,0.7,0.8,2000,,,,,,,Suburban,true,false,2024-01-15,,8000,8000,36000,0.6,,,,,,,54
Oregon Health Sciences University,,,,Medium,Public,,,0.4,,1300,,,28,,,36000,14000,0.7,0.85,15000,,,,,,,Urban,true,false,2024-01-15,,8000,8000,36000,0.6,,,,,,,61
Oregon Institute of Technology,,,,Small,Public,4,,0.95,1010,1130,1250,18,22,27,,17274,11905,0.59,0.69,2893,17,43,4587,,,,Rural,false,false,September 10,,17150,17,17274,0.6,,,,,,,37
Oregon State University,,,,Large,Public,4,,0.77,1160,1275,1390,24,28,31,,21868,17205,0.71,0.87,30740,18,157,4586,,,,Suburban,false,false,August 25,,15031,22,21868,0.47,,,,,,,51
Otis College of Art & Design,,,,Small,Private,,,0.5,,1250,,,27,,,50000,15000,0.7,0.8,1000,,,,,,,Urban,true,false,2024-01-15,,20000,20000,50000,0.75,,,,,,,53
Ottawa University,,,,Small,Private,4,,0.78,460,500,540,18,20,23,,28126,13066,0.29,0.63,953,11,46,6547,,,,Rural,false,false,Not available,,15000,28,28126,0.7,,,,,,,35
Otterbein University,,,,Small,Private,4,,0.85,960,1100,1240,19,22,26,,22242,13662,0.69,0.8,2157,12,77,1597,,,,Suburban,false,false,Not available,,34130,22,22242,0.71,,,,,,,43
Ouachita Baptist University,,,,Small,Private,4,,0.68,1080,1175,1270,22,25,28,,22087,10200,0.7,0.82,1607,13,78,6549,,,,Rural,false,false,August 15,,31657,22,22087,0.56,,,,,,,50
University of Holy Cross,,,,Small,Private,4,,0.75,,1100,,16,18,21,,14476,10598,0.37,0.76,1000,10,53,6002,,,,Suburban,false,false,Not available,,13515,14,14476,0.76,,,,,,,37
Our Lady of the Lake University,,,,Small,Private,,,0.5,,1100,,,25,,,30000,12000,0.6,0.75,3000,,,,,,,Urban,true,false,2024-01-15,,15000,15000,30000,0.7,,,,,,,52
Ozark Christian College,,,,Small,Private,,,0.6,,1100,,,25,,,20000,12000,0.6,0.7,500,,,,,,,Suburban,true,false,2024-08-01,,15000,15000,20000,0.7,,,,,,,46
Pace University,,,,Medium,Private,4,,0.75,1190,1265,1340,25,28,30,,34299,23300,0.61,0.77,5407,16,109,2635,,,,Urban,false,false,February 15,,44366,34,34299,0.64,,,,,,,50
Pace University  Pleasantville/Briarcliff,,,,Medium,Private,,,0.5,,1250,,,27,,,40000,15000,0.7,0.8,8000,,,,,,,Suburban,true,false,2024-01-15,,20000,20000,40000,0.7,,,,,,,57
Pacific College of Oriental Medicine,,,,Small,Private,,,0.5,,1200,,,25,,,20000,12000,0.7,0.8,800,,,,,,,Urban,true,false,Rolling,,15000,15000,20000,0.7,,,,,,,51
Pacific Graduate School of Psychology,,,,Small,Private,,,0.4,,1300,,,28,,,30000,12000,0.85,0.9,500,,,,,,,Suburban,true,false,2024-01-15,,20000,20000,30000,0.75,,,,,,,60
Pacific Lutheran University,,,,Small,Private,4,,0.78,1213,1272,1330,21,24,27,,23841,13710,0.71,0.81,2401,13,53,4597,,,,Suburban,false,false,August 1,,49026,24,23841,0.62,,,,,,,49
Willamette University Pacific Northwest College Of Art,,,,Small,Private,4,,0.75,,1200,,,25,,,42195,15490,0.46,0.63,420,10,17,4504,,,,Urban,false,false,January 14,,45644,42,42195,0.73,,,,,,,25
Pacific Oaks College,,,,Small,Private,4,,0.4,,1100,,,25,,,20000,12000,0.7,0.75,800,4,9,,,,,Urban,false,false,Not available,,20000,20000,20000,0.8,,,,,,,23
Pacific Union College,,,,Small,Private,4,,0.59,,1150,,17,21,25,,52,9990,0.52,0.8,889,13,54,4600,,,,Rural,false,false,Not available,,13,23,52,0.8,,,,,,,46
Pacific University,,,,Small,Private,,,0.5,,1200,,,25,,,50000,13000,0.7,0.8,3000,,,,,,,Suburban,true,false,2024-01-15,,25000,25000,50000,0.7,,,,,,,54
Pacifica Graduate Institute,,,,Small,Private,,,0.5,,1200,,,25,,,20000,12000,0.7,0.8,600,,,,,,,Suburban,true,false,2024-01-15,,20000,20000,20000,0.8,,,,,,,51
Paier College Of Art,,,,Small,Private,4,,0.7,,1100,,,25,,,31768,12000,0.57,0.85,84,9,15,,,,,Suburban,false,false,Not available,,15000,32,31768,0.7,,,,,,,30
Paine College,,,,Small,Private,4,,0.53,,1000,,,20,,,17048,7511,0.22,0.61,241,10,8,5530,,,,Urban,false,false,July 21,,22138,17,17048,0.85,,,,,,,27
Palm Beach Atlantic University,,,,Small,Private,4,,0.9,1020,1140,1260,20,23,26,,31103,13800,0.59,0.75,2274,12,69,,,,,Urban,false,false,Not available,,25949,31,31103,0.7,,,,,,,41
Palm Beach State College,,,,Large,Public,4,,1,,1100,,,25,,,10320,12000,0.5,0.7,27030,27,92,,,,,Suburban,false,false,Not available,,7000,10,10320,0.6,,,,,,,4
Palmer College of Chiropractic,,,,Small,Private,,,0.5,,1150,,,24,,,20000,12000,0.7,0.8,1000,,,,,,,Urban,true,false,2024-01-01,,15000,15000,20000,0.7,,,,,,,51
Palmer College of Chiropractic West,,,,Small,Private,,,0.5,,1200,,,25,,,20000,12000,0.7,0.85,800,,,,,,,Suburban,true,false,Rolling,,15000,15000,20000,0.7,,,,,,,52
Park University,,,,Medium,Private,4,,0.6,,1150,,,24,,,15637,10550,0.29,0.63,8217,14,76,6574,,,,Suburban,false,false,Not available,,9880,16,15637,0.72,,,,,,,18
Parsons School of Design,,,,Small,Private,,,0.4,,1350,,,30,,,52000,15000,0.85,0.9,4000,,,,,,,Urban,true,false,2024-01-15,,20000,20000,52000,0.7,,,,,,,63
Paul Quinn College,,,,Small,Private,4,,0.57,,1000,,,20,,,18118,10150,0.38,0.72,800,20,26,,,,,Urban,false,false,Not available,,15000,18,18118,0.8,,,,,,,27
Peace College,,,,Small,Private,,,0.5,,1150,,,24,,,30000,12000,0.7,0.8,800,,,,,,,Suburban,true,false,2024-01-15,,20000,20000,30000,0.75,,,,,,,51
Pebble Hills University,,,,Large,Public,,,0.6,,1200,,,25,,,25000,12000,0.6,0.75,20000,,,,,,,Urban,true,false,2024-01-15,,8000,8000,25000,0.6,,,,,,,50
Pennsylvania Academy of the Fine Arts,,,,Small,Private,,,0.5,,1200,,,25,,,40000,12000,0.75,0.85,500,,,,,,,Urban,true,false,2024-01-15,,20000,20000,40000,0.8,,,,,,,52
Pennsylvania College of Optometry,,,,Small,Private,,,0.4,,1300,,,28,,,30000,12000,0.85,0.9,800,,,,,,,Urban,true,false,2024-01-15,,20000,20000,30000,0.75,,,,,,,60
Pennsylvania Institute of Technology,,,,Small,Private,4,,1,,1100,,,25,,,16303,12000,0.6,0.75,800,15,17,,,,,Suburban,false,false,Not available,,7000,16,16303,0.6,,,,,,,2
Pennsylvania State University,,,,Large,Public,,,0.5,,1300,,,28,,,38000,13000,0.85,0.93,46000,,,,,,,Suburban,true,false,2024-01-01,,8000,8000,38000,0.6,,,,,,,60
Pennsylvania State University - Abington,,,,Small,Public,,,0.5,,1200,,,25,,,30000,12000,0.6,0.8,3500,,,,,,,Suburban,true,false,2024-01-01,,8000,8000,30000,0.6,,,,,,,52
Pennsylvania State University - Altoona,,,,Small,Public,,,0.6,,1150,,,24,,,25000,12000,0.6,0.7,3000,,,,,,,Suburban,true,false,2024-01-01,,8000,8000,25000,0.6,,,,,,,47
Pennsylvania State University - Berks-Lehigh Valley College,,,,Small,Public,,,0.5,,1200,,,25,,,28000,12000,0.6,0.8,3500,,,,,,,Suburban,true,false,2024-01-01,,8000,8000,28000,0.6,,,,,,,52
Pennsylvania State University - Lehigh Valley,,,,Small,Public,,,0.5,,1200,,,25,,,30000,12000,0.6,0.8,2000,,,,,,,Suburban,true,false,2024-01-01,,8000,8000,30000,0.6,,,,,,,51
Pennsylvania State University - Milton S.Hershey Medical Center,,,,Medium,Public,,,0.4,,1300,,,28,,,30000,12000,0.85,0.9,5000,,,,,,,Suburban,false,false,2024-01-01,,10000,10000,30000,0.6,,,,,,,63
Pennsylvania State University - Schuylkill,,,,Small,Public,,,0.6,,1150,,,24,,,30000,12000,0.6,0.75,800,,,,,,,Rural,true,false,2024-01-01,,8000,8000,30000,0.6,,,,,,,46
Pennsylvania State University at Erie - Behrend College,,,,Small,Public,,,0.5,,1200,,,25,,,30000,12000,0.6,0.8,4500,,,,,,,Suburban,true,false,2024-01-01,,8000,8000,30000,0.6,,,,,,,52
Pennsylvania State University at Harrisburg - The Capital College,,,,Small,Public,,,0.5,,1200,,,25,,,25000,12000,0.6,0.8,4000,,,,,,,Urban,true,false,2024-01-15,,8000,8000,25000,0.6,,,,,,,52
Pennsylvania State University Delaware County,,,,Small,Public,,,0.6,,1200,,,25,,,30000,12000,0.6,0.75,3000,,,,,,,Suburban,true,false,2024-01-01,,8000,8000,30000,0.6,,,,,,,49
Pennsylvania State University Great Valley,,,,Small,Public,,,0.5,,1250,,,27,,,30000,12000,0.6,0.8,1000,,,,,,,Suburban,true,false,2024-01-15,,8000,8000,30000,0.6,,,,,,,52
Pepperdine University,,,,Small,Private,4,,0.63,1300,1370,1440,29,30,32,,52216,22480,0.85,0.88,3553,12,87,4630,,,,Suburban,false,false,January 15,,44096,52,52216,0.54,,,,,,,60
Peru State College,,,,Small,Public,4,,0.48,,1050,,16,20,23,,11855,10944,0.38,0.67,1312,20,43,,,,,Rural,false,false,Not available,,8000,12,11855,0.6,,,,,,,44
Pfeiffer University,,,,Small,Private,4,,0.73,895,1022,1150,18,22,25,,43,13180,0.43,0.61,744,11,39,,,,,Rural,false,false,Not available,,11,21,43,0.7,,,,,,,40
Philadelphia College of Bible,,,,Small,Private,,,0.6,,1100,,,25,,,20000,12000,0.7,0.8,1000,,,,,,,Urban,true,false,2024-01-15,,20000,20000,20000,0.8,,,,,,,49
Philadelphia College of Osteopathic Medicine,,,,Small,Private,,,0.4,,1300,,,28,,,30000,15000,0.85,0.9,4000,,,,,,,Urban,true,false,2024-01-15,,20000,20000,30000,0.7,,,,,,,62
Philadelphia University,,,,Small,Private,,,0.5,,1200,,,25,,,30000,13000,0.7,0.8,4000,,,,,,,Urban,true,false,2024-01-15,,20000,20000,30000,0.7,,,,,,,54
Philander Smith College,,,,Small,Private,4,,0.35,860,945,1030,15,18,21,,14986,10500,0.32,0.62,996,11,17,,,,,Urban,false,false,Not available,,15000,15,14986,0.7,,,,,,,47
Phillips Graduate Institute,,,,Small,Private,,,0.5,,1200,,,25,,,20000,12000,0.8,0.85,1000,,,,,,,Urban,true,false,Rolling,,20000,20000,20000,0.75,,,,,,,54
Phillips University,,,,Small,Private,,,0.6,,1100,,,25,,,20000,12000,0.65,0.75,1500,,,,,,,Urban,true,false,2024-01-15,,15000,15000,20000,0.7,,,,,,,48
Piedmont Baptist College,,,,Small,Private,,,0.5,,1100,,,25,,,20000,12000,0.6,0.7,800,,,,,,,Suburban,true,false,2024-08-01,,15000,15000,20000,0.7,,,,,,,49
Piedmont College,,,,Small,Private,,,0.5,,1100,,,24,,,20000,12000,0.6,0.7,1200,,,,,,,Rural,true,false,2024-01-15,,15000,15000,20000,0.7,,,,,,,49
Pikeville College,,,,Small,Private,,,0.6,,1100,,,25,,,30000,12000,0.6,0.7,1200,,,,,,,Rural,true,false,2024-01-15,,10000,10000,30000,0.7,,,,,,,46
Pillsbury Baptist Bible College,,,,Small,Private,,,0.6,,1100,,,25,,,20000,12000,0.7,0.8,500,,,,,,,Rural,true,false,Rolling,,15000,15000,20000,0.75,,,,,,,48
Pittsburg State University,,,,Small,Public,4,,0.87,,1100,,17,20,24,,19357,10502,0.54,0.78,4210,14,81,,,,,Rural,false,false,Not available,,9426,19,19357,0.46,,,,,,,39
Pitzer College,,,,Small,Private,4,,0.25,1400,1450,1500,31,32,33,,34801,22150,0.83,0.94,1227,10,61,4619,,,,Suburban,false,false,January 6,,61090,35,34801,0.34,,,,,,,71
Plymouth State College,,,,Small,Public,,,0.6,,1150,,,24,,,29500,13000,0.6,0.75,4500,,,,,,,Rural,true,false,2024-01-15,,8000,8000,29500,0.65,,,,,,,48
Point Loma Nazarene University,,,,Small,Private,4,,0.84,1180,1272,1365,25,28,32,,36370,14670,0.74,0.85,3188,13,70,4605,,,,Suburban,false,false,April 15,,30007,36,36370,0.57,,,,,,,50
Point Park University,,,,Small,Private,4,,0.97,1023,1132,1240,20,24,29,,25477,14020,0.59,0.74,2331,12,77,,,,,Urban,false,false,Not available,,36008,25,25477,0.88,,,,,,,39
Polytechnic University,,,,Medium,Private,,,0.35,,1350,,,30,,,50000,15000,0.7,0.85,6000,,,,,,,Urban,true,false,2024-01-15,,15000,15000,50000,0.7,,,,,,,64
"Polytechnic University, Long Island Campus",,,,Medium,Private,,,0.5,,1300,,,28,,,45000,15000,0.7,0.85,8000,,,,,,,Urban,true,false,2024-01-15,,20000,20000,45000,0.7,,,,,,,58
"Polytechnic University, Westchester Graduate Center",,,,Small,Private,,,0.6,,1250,,,27,,,30000,12000,0.7,0.8,1500,,,,,,,Suburban,true,false,2024-01-15,,15000,15000,30000,0.7,,,,,,,51
Pomona College,,,,Small,Private,4,,0.07,1480,1515,1550,33,34,35,,17423,22464,0.93,0.96,1735,7,52,4607,,,,Suburban,false,false,January 8,,67819,17,17423,0.52,,,,,,,83
Portland Community College,,,,Large,Public,2,,0.7,,1050,,,21,,,9131,12000,0.5,0.56,25000,17,79,4617,,,,Urban,false,false,Not available,,7000,9,9131,0.6,,,,,,,8
Portland State University,,,,Medium,Public,4,,0.91,930,1090,1250,17,22,28,,12509,8090,0.53,0.76,13182,17,182,4610,,,,Urban,false,false,August 1,,15107,13,12509,0.6,,,,,,,40
Post University of Waterbury,,,,Small,Private For-Profit,,,0.7,,1100,,,25,,,20000,12000,0.6,0.7,4000,,,,,,,Urban,true,false,Rolling,,10000,10000,20000,0.6,,,,,,,45
Prairie View Agricultural and Mechanical University,,,,Medium,Public,,,0.6,,1100,,,25,,,19000,12000,0.5,0.7,10000,,,,,,,Rural,true,false,2024-01-15,,8000,8000,19000,0.6,,,,,,,48
Pratt Institute,,,,Small,Private,,,0.4,,1350,,,30,,,50000,15000,0.8,0.85,4000,,,,,,,Urban,true,false,2024-01-15,,20000,20000,50000,0.75,,,,,,,62
Presbyterian College,,,,Small,Private,4,,0.68,987,1100,1212,20,23,26,,20058,14134,0.58,0.8,852,12,44,5540,,,,Rural,false,false,June 15,,46941,20,20058,0.8,,,,,,,46
Prescott College,,,,Small,Private,4,,0.23,,1200,,,25,,,23163,8744,0.36,0.76,253,6,30,484,,,,Suburban,false,false,August 1,,31292,23,23163,0.56,,,,,,,41
Preston University,,,,Small,Private For-Profit,,,0.7,,1100,,,25,,,15000,12000,0.6,0.7,2000,,,,,,,Rural,true,false,Rolling,,10000,10000,15000,0.6,,,,,,,44
Princeton University,,,,Medium,Private,,,0.04,,1480,,,34,,,57000,15000,0.95,0.98,8000,,,,,,,Suburban,true,false,2024-01-01,,50000,50000,57000,0.6,,,,,,,82
Principia College,,,,Small,Private,4,,0.43,1060,1125,1190,21,24,26,,14904,13910,0.76,0.82,339,6,38,1630,,,,Rural,false,false,March 15,,30402,15,14904,0.81,,,,,,,58
Providence College,,,,Small,Private,4,,0.51,1100,1205,1310,25,28,31,,88,18470,0.88,0.94,4549,11,89,3693,,,,Suburban,false,false,January 15,,11,47,88,0.85,,,,,,,63
Puget Sound Christian College,,,,Small,Private,,,0.6,,1100,,,25,,,20000,12000,0.7,0.8,500,,,,,,,Suburban,true,false,2024-01-01,,20000,20000,20000,0.75,,,,,,,48
Purdue University,,,,Large,Public,,,0.57,,1360,,,31,,,28000,12000,0.82,0.93,46000,,,,,,,Suburban,false,false,2024-01-15,,8000,8000,28000,0.65,,,,,,,59
Purdue University Calumet,,,,Medium,Public,,,0.6,,1150,,,24,,,25000,12000,0.5,0.7,8000,,,,,,,Suburban,true,false,2024-07-01,,8000,8000,25000,0.6,,,,,,,47
Purdue University North Central,,,,Small,Public,,,0.6,,1100,,,25,,,25000,12000,0.5,0.7,3000,,,,,,,Rural,true,false,2024-01-15,,8000,8000,25000,0.6,,,,,,,47
Quantum-Veritas International University,,,,Medium,Private,,,0.45,,1250,,,27,,,25000,12000,0.75,0.85,8000,,,,,,,Suburban,true,false,2024-01-15,,20000,20000,25000,0.75,,,,,,,59
Queens College,,,,Large,Public,,,0.6,,1150,,,24,,,15000,14000,0.6,0.8,19000,,,,,,,Urban,true,false,2024-01-01,,8000,8000,15000,0.6,,,,,,,50
Quincy University,,,,Small,Private,,,0.6,,1100,,,25,,,30000,12000,0.6,0.7,1000,,,,,,,Urban,true,false,2024-01-15,,15000,15000,30000,0.7,,,,,,,46
Quinnipiac College,,,,Medium,Private,,,0.65,,1200,,,25,,,50000,15000,0.76,0.85,8000,,,,,,,Suburban,true,false,2024-01-15,,25000,25000,50000,0.85,,,,,,,52
Radford University,,,,Medium,Public,,,0.65,,1100,,,24,,,25000,13000,0.6,0.75,9000,,,,,,,Suburban,true,false,2024-01-15,,8000,8000,25000,0.65,,,,,,,48
Ramapo College of New Jersey,,,,Medium,Public,,,0.55,,1200,,,25,,,27000,14000,0.66,0.78,6000,,,,,,,Suburban,true,false,2024-01-15,,8000,8000,27000,0.65,,,,,,,53
Rand Graduate School of Policy Studies,,,,Small,Private,,,0.3,,1300,,,28,,,30000,12000,0.85,0.9,1000,,,,,,,Urban,true,false,2024-01-15,,20000,20000,30000,0.7,,,,,,,63
Randolph-Macon College,,,,Small,Private,,,0.55,,1200,,,25,,,46000,13000,0.75,0.85,1200,,,,,,,Suburban,true,false,2024-01-15,,20000,20000,46000,0.75,,,,,,,52
Randolph-Macon Woman's College,,,,Small,Private,,,0.5,,1200,,,25,,,25000,12000,0.7,0.8,800,,,,,,,Suburban,true,false,2024-01-15,,20000,20000,25000,0.8,,,,,,,51
Rasmussen College,,,,Medium,Private For-Profit,,,0.7,,1100,,,25,,,15000,12000,0.6,0.7,5000,,,,,,,Suburban,true,false,Rolling,,10000,10000,15000,0.7,,,,,,,46
"Rasmussen College, Florida Campuses",,,,Small,Private For-Profit,,,0.7,,1050,,,21,,,15000,12000,0.6,0.7,3000,,,,,,,Urban,true,false,Rolling,,10000,10000,15000,0.7,,,,,,,42
"Rasmussen College, Illinois Campuses",,,,Small,Private For-Profit,,,0.7,,1050,,,21,,,15000,12000,0.6,0.75,3000,,,,,,,Suburban,true,false,Rolling,,10000,10000,15000,0.6,,,,,,,43
"Rasmussen College, Minnesota Campuses",,,,Small,Private For-Profit,,,0.7,,1050,,,21,,,15000,12000,0.6,0.7,3000,,,,,,,Suburban,true,false,Rolling,,10000,10000,15000,0.6,,,,,,,42
"Rasmussen College, North Dakota Campuses",,,,Small,Private For-Profit,,,0.7,,1100,,,25,,,15000,12000,0.6,0.7,2000,,,,,,,Urban,true,false,Rolling,,8000,8000,15000,0.6,,,,,,,44
"Rasmussen College, Wisconsin Campuses",,,,Small,Private For-Profit,,,0.7,,1100,,,25,,,15000,12000,0.6,0.7,2000,,,,,,,Suburban,true,false,Rolling,,8000,8000,15000,0.7,,,,,,,44
Reed College,,,,Small,Private,,,0.4,,1450,,,32,,,60000,14000,0.85,0.95,1400,,,,,,,Urban,true,false,2024-01-15,,25000,25000,60000,0.8,,,,,,,64
Reformed Bible College,,,,Small,Private,,,0.5,,1200,,,25,,,25000,12000,0.7,0.8,1000,,,,,,,Suburban,true,false,2024-01-01,,20000,20000,25000,0.8,,,,,,,52
Regent International University,,,,Small,Private,,,0.5,,1150,,,24,,,20000,12000,0.6,0.75,3000,,,,,,,Suburban,true,false,2024-01-15,,15000,15000,20000,0.7,,,,,,,51
Regent University,,,,Small,Private,,,0.5,,1150,,,24,,,20000,12000,0.6,0.75,3000,,,,,,,Suburban,true,false,2024-01-15,,15000,15000,20000,0.7,,,,,,,51
Regis College,,,,Small,Private,,,0.5,,1200,,,25,,,38000,14000,0.7,0.8,2000,,,,,,,Suburban,true,false,2024-01-15,,20000,20000,38000,0.7,,,,,,,53
Regis University,,,,Medium,Private,,,0.5,,1200,,,25,,,35000,13000,0.7,0.8,6000,,,,,,,Urban,true,false,2024-01-15,,20000,20000,35000,0.8,,,,,,,55
Reinhardt College,,,,Small,Private,,,0.6,,1100,,,25,,,20000,12000,0.6,0.7,1000,,,,,,,Rural,true,false,2024-01-01,,15000,15000,20000,0.7,,,,,,,46
Rensselaer Polytechnic Institute,,,,Medium,Private,,,0.13,,1480,,,33,,,58000,15000,0.85,0.93,7000,,,,,,,Urban,false,false,2024-01-15,,20000,20000,58000,0.7,,,,,,,79
Research College of Nursing - Rockhurst University,,,,Small,Private,,,0.5,,1200,,,25,,,25000,12000,0.75,0.85,800,,,,,,,Urban,true,false,2024-01-15,,20000,20000,25000,0.8,,,,,,,53
Rhode Island College,,,,Medium,Public,,,0.65,,1100,,,24,,,25000,13000,0.6,0.75,7000,,,,,,,Urban,true,false,2024-01-15,,8000,8000,25000,0.65,,,,,,,48
Rhode Island School of Design,,,,Small,Private,,,0.25,,1400,,,32,,,55000,15000,0.85,0.9,2500,,,,,,,Urban,true,false,2024-01-01,,20000,20000,55000,0.75,,,,,,,69
Rhodes College,,,,Small,Private,,,0.4,,1350,,,30,,,52000,13000,0.85,0.9,2000,,,,,,,Urban,true,false,2024-01-15,,20000,20000,52000,0.75,,,,,,,62
Rice University,,,,Medium,Private,,,0.09,,1480,,,34,,,52000,15000,0.93,0.95,8000,,,,,,,Urban,true,false,2024-01-01,,20000,20000,52000,0.7,,,,,,,82
Richard Stockton College of New Jersey,,,,Medium,Public,,,0.6,,1150,,,24,,,29500,13000,0.65,0.75,8000,,,,,,,Suburban,true,false,2024-01-01,,8000,8000,29500,0.6,,,,,,,50
Rider University,,,,Small,Private,,,0.6,,1150,,,24,,,38000,14000,0.67,0.8,4500,,,,,,,Suburban,true,false,2024-01-15,,20000,20000,38000,0.75,,,,,,,49
Ringling College of Art and Design,,,,Small,Private,,,0.4,,1300,,,28,,,50000,12000,0.7,0.8,1300,,,,,,,Urban,true,false,2024-01-15,,20000,20000,50000,0.7,,,,,,,57
Ripon College,,,,Small,Private,,,0.5,,1200,,,25,,,40000,13000,0.7,0.75,800,,,,,,,Rural,true,false,2024-01-15,,20000,20000,40000,0.7,,,,,,,51
Rivier College,,,,Small,Private,,,0.6,,1150,,,24,,,35000,12000,0.65,0.75,1500,,,,,,,Suburban,true,false,2024-01-15,,20000,20000,35000,0.8,,,,,,,47
Roanoke Bible College,,,,Small,Private,,,0.6,,1100,,,25,,,20000,12000,0.6,0.7,500,,,,,,,Suburban,true,false,Rolling,,15000,15000,20000,0.7,,,,,,,46
Roanoke College,,,,Small,Private,,,0.55,,1200,,,25,,,50000,13000,0.7,0.8,2000,,,,,,,Suburban,true,false,2024-01-15,,20000,20000,50000,0.7,,,,,,,51
Robert Morris College,,,,Medium,Private,,,0.6,,1150,,,24,,,20000,12000,0.6,0.75,5000,,,,,,,Suburban,true,false,2024-01-15,,12000,12000,20000,0.7,,,,,,,49
Robert Morris College of Chicago,,,,Small,Private For-Profit,,,0.7,,1100,,,25,,,20000,12000,0.6,0.7,1500,,,,,,,Urban,true,false,Rolling,,10000,10000,20000,0.7,,,,,,,44
Roberts Wesleyan College,,,,Small,Private,,,0.5,,1150,,,24,,,30000,12000,0.6,0.75,1200,,,,,,,Suburban,true,false,2024-01-15,,20000,20000,30000,0.7,,,,,,,49
Rochester College,,,,Small,Private,,,0.5,,1100,,,25,,,25000,12000,0.6,0.75,1000,,,,,,,Suburban,true,false,2024-01-15,,15000,15000,25000,0.7,,,,,,,50
Rochester Institute of Technology,,,,Medium,Private,,,0.6,,1350,,,30,,,50000,14000,0.7,0.9,15000,,,,,,,Urban,true,false,2024-01-01,,15000,15000,50000,0.7,,,,,,,57
Rock Valley College,,,,Medium,Public,,,0.7,,1100,,,24,,,20000,12000,0.5,0.7,5000,,,,,,,Suburban,true,false,Rolling,,7000,7000,20000,0.6,,,,,,,44
Rockford College,,,,Small,Private,,,0.5,,1100,,,25,,,20000,12000,0.6,0.7,1500,,,,,,,Urban,true,false,2024-01-15,,15000,15000,20000,0.7,,,,,,,50
Rockhurst College,,,,Small,Private,,,0.5,,1200,,,25,,,35000,12000,0.7,0.8,3000,,,,,,,Urban,true,false,2024-01-15,,20000,20000,35000,0.75,,,,,,,54
Rocky Mountain College,,,,Small,Private,,,0.5,,1150,,,24,,,35000,12000,0.65,0.75,1000,,,,,,,Urban,true,false,2024-01-15,,15000,15000,35000,0.7,,,,,,,50
Rocky Mountain College of Art and Design,,,,Small,Private For-Profit,,,0.6,,1100,,,25,,,20000,12000,0.6,0.7,800,,,,,,,Urban,true,false,Rolling,,15000,15000,20000,0.7,,,,,,,46
Roger Williams University,,,,Small,Private,,,0.55,,1220,,,26,,,47000,14000,0.65,0.78,4500,,,,,,,Suburban,true,false,2024-01-15,,20000,20000,47000,0.75,,,,,,,52
Rogers State University,,,,Small,Public,,,0.7,,1100,,,24,,,15000,12000,0.5,0.7,3000,,,,,,,Rural,true,false,2024-08-01,,8000,8000,15000,0.6,,,,,,,43
Rollins College,,,,Small,Private,,,0.4,,1300,,,28,,,54000,15000,0.8,0.85,3000,,,,,,,Suburban,true,false,2024-01-15,,20000,20000,54000,0.75,,,,,,,61
Roosevelt University,,,,Medium,Private,,,0.5,,1150,,,24,,,30000,13000,0.6,0.7,7000,,,,,,,Urban,true,false,2024-01-15,,15000,15000,30000,0.7,,,,,,,52
Rose-Hulman Institute of Technology,,,,Small,Private,,,0.4,,1400,,,32,,,52000,13000,0.85,0.9,2200,,,,,,,Suburban,false,false,2024-01-15,,20000,20000,52000,0.7,,,,,,,64
Rosemont College,,,,Small,Private,,,0.5,,1150,,,24,,,35000,12000,0.7,0.8,600,,,,,,,Suburban,true,false,2024-01-15,,20000,20000,35000,0.8,,,,,,,51
"Ross University, School of Medicine",,,,Small,Private,,,0.6,,1200,,,25,,,50000,15000,0.85,0.8,2000,,,,,,,Urban,true,false,Rolling,,20000,20000,50000,0.7,,,,,,,52
Rowan University,,,,Large,Public,,,0.65,,1200,,,25,,,28000,13000,0.66,0.85,19000,,,,,,,Suburban,true,false,2023-01-15,,8000,8000,28000,0.6,,,,,,,51
Rush University,,,,Small,Private,,,0.3,,1300,,,28,,,50000,15000,0.85,0.9,3000,,,,,,,Urban,true,false,2024-01-15,,20000,20000,50000,0.7,,,,,,,65
Russel Sage College,,,,Small,Private,,,0.5,,1150,,,24,,,35000,13000,0.65,0.75,2000,,,,,,,Urban,true,false,2024-01-15,,20000,20000,35000,0.75,,,,,,,51
Rust College,,,,Small,Private,,,0.6,,1000,,,20,,,12000,12000,0.5,0.7,800,,,,,,,Rural,true,false,Rolling,,10000,10000,12000,0.7,,,,,,,41
"Rutgers, The State University of New Jersey",,,,Large,Public,,,0.6,,1300,,,28,,,35000,15000,0.7,0.9,50000,,,,,,,Urban,true,false,2024-01-01,,8000,8000,35000,0.6,,,,,,,54
"Rutgers, The State University of New Jersey - Camden",,,,Medium,Public,,,0.6,,1200,,,25,,,30000,12000,0.6,0.8,7000,,,,,,,Urban,true,false,2024-01-15,,8000,8000,30000,0.6,,,,,,,51
"Rutgers, The State University of New Jersey - Newark",,,,Medium,Public,,,0.5,,1250,,,27,,,30000,13000,0.65,0.85,12000,,,,,,,Urban,true,false,2024-01-15,,8000,8000,30000,0.6,,,,,,,57
Sacred Heart University,,,,Medium,Private,,,0.5,,1200,,,25,,,45000,15000,0.7,0.8,8000,,,,,,,Suburban,true,false,2024-01-15,,20000,20000,45000,0.75,,,,,,,55
Sage Graduate School,,,,Small,Private,,,0.5,,1200,,,25,,,30000,12000,0.7,0.8,1000,,,,,,,Urban,true,false,2024-01-15,,20000,20000,30000,0.7,,,,,,,52
Saginaw Valley State University,,,,Medium,Public,,,0.6,,1100,,,25,,,24000,12000,0.6,0.7,8000,,,,,,,Suburban,true,false,2024-01-15,,8000,8000,24000,0.6,,,,,,,50
Salem College,,,,Small,Private,,,0.5,,1150,,,24,,,30000,12000,0.7,0.8,800,,,,,,,Urban,true,false,2024-01-15,,20000,20000,30000,0.75,,,,,,,51
Salem International University,,,,Small,Private For-Profit,,,0.7,,1050,,,21,,,20000,12000,0.5,0.7,1000,,,,,,,Rural,true,false,Rolling,,10000,10000,20000,0.7,,,,,,,39
Salem State College,,,,Medium,Public,,,0.6,,1150,,,24,,,22000,13000,0.6,0.75,6000,,,,,,,Suburban,true,false,2024-01-15,,8000,8000,22000,0.65,,,,,,,49
Salem Teikyo University,,,,Small,Private,,,0.5,,1100,,,25,,,20000,12000,0.6,0.7,1000,,,,,,,Rural,true,false,2024-01-01,,15000,15000,20000,0.7,,,,,,,49
Salisbury State University,,,,Medium,Public,,,0.65,,1150,,,24,,,25000,12000,0.65,0.75,8000,,,,,,,Suburban,true,false,2024-01-15,,8000,8000,25000,0.6,,,,,,,49
Salve Regina University,,,,Small,Private,,,0.55,,1200,,,25,,,45000,14000,0.75,0.85,2500,,,,,,,Suburban,true,false,2024-01-15,,20000,20000,45000,0.75,,,,,,,53
Sam Houston State University,,,,Large,Public,,,0.6,,1100,,,24,,,25000,12000,0.6,0.75,21000,,,,,,,Rural,true,false,2024-01-15,,8000,8000,25000,0.65,,,,,,,50
Samford University,,,,Medium,Private,,,0.5,,1250,,,27,,,35000,12000,0.75,0.85,5000,,,,,,,Suburban,true,false,2024-01-15,,20000,20000,35000,0.7,,,,,,,58
Samuel Merritt College,,,,Small,Private,,,0.5,,1200,,,25,,,30000,15000,0.7,0.8,1000,,,,,,,Urban,true,false,2024-01-15,,15000,15000,30000,0.7,,,,,,,52
San Diego State University,,,,Large,Public,,,0.35,,1300,,,28,,,30000,15000,0.76,0.89,35000,,,,,,,Urban,true,false,2024-01-15,,8000,8000,30000,0.65,,,,,,,63
San Diego University for Integrative Studies,,,,Small,Private,,,0.6,,1100,,,25,,,20000,12000,0.7,0.8,1000,,,,,,,Urban,true,false,Rolling,,15000,15000,20000,0.7,,,,,,,49
San Francisco Art Institute,,,,Small,Private,,,0.5,,1250,,,27,,,50000,15000,0.7,0.8,800,,,,,,,Urban,true,false,2024-01-15,,20000,20000,50000,0.7,,,,,,,53
San Francisco Conservatory of Music,,,,Small,Private,,,0.2,,1350,,,30,,,50000,15000,0.85,0.9,600,,,,,,,Urban,true,false,2024-01-15,,20000,20000,50000,0.8,,,,,,,67
San Francisco State University,,,,Large,Public,,,0.5,,1150,,,24,,,20000,15000,0.65,0.85,30000,,,,,,,Urban,true,false,2023-11-30,,8000,8000,20000,0.6,,,,,,,54
San Joaquin College of Law,,,,Small,Private,,,0.5,,1500,,,32,,,40000,12000,0.7,0.8,300,,,,,,,Urban,true,false,2024-06-01,,20000,20000,40000,0.7,,,,,,,57
San Jose Christian College,,,,Small,Private,,,0.6,,1100,,,25,,,20000,12000,0.7,0.75,800,,,,,,,Urban,true,false,2024-01-15,,20000,20000,20000,0.8,,,,,,,48
San Jose State University,,,,Large,Public,,,0.55,,1250,,,27,,,19000,15000,0.7,0.85,36000,,,,,,,Urban,true,false,2024-01-15,,8000,8000,19000,0.65,,,,,,,55
Sanford-Brown Institute,,,,Small,Private For-Profit,,,0.7,,1050,,,21,,,15000,12000,0.6,0.7,1000,,,,,,,Urban,true,false,Rolling,,10000,10000,15000,0.7,,,,,,,40
Santa Clara University,,,,Medium,Private,,,0.48,,1360,,,30,,,56000,15000,0.87,0.92,9000,,,,,,,Suburban,true,false,2024-01-07,,25000,25000,56000,0.75,,,,,,,63
Sarah Lawrence College,,,,Small,Private,,,0.3,,1350,,,30,,,57000,15000,0.85,0.9,1400,,,,,,,Suburban,true,false,2024-01-15,,25000,25000,57000,0.7,,,,,,,65
Savannah College of Art and Design,,,,Medium,Private,,,0.5,,1200,,,25,,,38000,13000,0.7,0.8,14000,,,,,,,Urban,true,false,2024-01-01,,20000,20000,38000,0.7,,,,,,,56
Savannah State University,,,,Small,Public,,,0.6,,1000,,,20,,,15000,12000,0.5,0.7,4000,,,,,,,Urban,true,false,2024-01-01,,8000,8000,15000,0.6,,,,,,,43
Saybrook Institute,,,,Small,Private,,,0.5,,1200,,,25,,,25000,12000,0.7,0.8,800,,,,,,,Urban,true,false,Rolling,,20000,20000,25000,0.7,,,,,,,51
Schiller International University,,,,Small,Private,,,0.7,,1100,,,24,,,20000,12000,0.6,0.75,800,,,,,,,Urban,true,false,Rolling,,15000,15000,20000,0.75,,,,,,,43
Scholl College of Podiatric Medicine,,,,Small,Private,,,0.4,,1300,,,28,,,30000,12000,0.85,0.9,500,,,,,,,Urban,true,false,Rolling,,20000,20000,30000,0.7,,,,,,,60
School for International Training,,,,Small,Private,,,0.5,,1200,,,25,,,40000,12000,0.7,0.8,1000,,,,,,,Rural,true,false,2024-01-15,,20000,20000,40000,0.75,,,,,,,52
School of the Museum of Fine Arts,,,,Small,Private,,,0.4,,1300,,,28,,,50000,15000,0.85,0.9,800,,,,,,,Urban,true,false,2024-01-01,,20000,20000,50000,0.75,,,,,,,60
School of the Visual Arts,,,,Small,Private,,,0.5,,1300,,,28,,,45000,15000,0.75,0.85,3500,,,,,,,Urban,true,false,2024-01-01,,20000,20000,45000,0.75,,,,,,,57
Schreiner College,,,,Small,Private,,,0.5,,1100,,,25,,,30000,12000,0.6,0.7,800,,,,,,,Rural,true,false,2024-01-15,,15000,15000,30000,0.7,,,,,,,49
Scripps College,,,,Small,Private,,,0.21,,1350,,,30,,,58000,15000,0.87,0.93,1000,,,,,,,Suburban,true,false,2024-01-01,,25000,25000,58000,0.75,,,,,,,68
Seattle Pacific University,,,,Small,Private,,,0.5,,1250,,,27,,,36000,13000,0.7,0.8,4000,,,,,,,Urban,true,false,2024-01-15,,20000,20000,36000,0.75,,,,,,,55
Seattle University,,,,Medium,Private,,,0.4,,1250,,,28,,,50000,13000,0.8,0.85,7000,,,,,,,Urban,true,false,2024-01-15,,20000,20000,50000,0.75,,,,,,,62
Seton Hall University,,,,Medium,Private,,,0.65,,1200,,,25,,,40000,15000,0.75,0.85,9000,,,,,,,Suburban,true,false,2024-01-15,,20000,20000,40000,0.75,,,,,,,52
Seton Hill College,,,,Small,Private,,,0.5,,1100,,,24,,,32000,13000,0.6,0.75,1200,,,,,,,Suburban,true,false,2024-01-15,,20000,20000,32000,0.8,,,,,,,49
Shaw University,,,,Small,Private,4,,0.61,,1000,,,20,,,14111,10710,0.2,0.57,917,14,22,,,,,Urban,false,false,Not available,,10000,14,14111,0.7,,,,,,,24
Shawnee Community College,,,,Small,Public,2,,0.7,,1050,,,21,,,5614,6300,0.5,0.61,1500,14,34,,,,,Rural,false,false,Not available,,7000,6,5614,0.6,,,,,,,9
Shawnee State University,,,,Small,Public,4,,0.72,910,1030,1150,18,21,24,,14815,12832,0.47,0.72,2249,16,77,1790,,,,Suburban,false,false,Not available,,8000,15,14815,0.95,,,,,,,41
Sheldon Jackson College,,,,Small,Private,,,0.7,,1100,,,25,,,20000,12000,0.6,0.7,300,,,,,,,Rural,true,false,Rolling,,15000,15000,20000,0.7,,,,,,,42
Shenandoah University,,,,Small,Private,,,0.6,,1150,,,24,,,35000,13000,0.65,0.75,4000,,,,,,,Suburban,true,false,2024-01-15,,20000,20000,35000,0.7,,,,,,,49
Shepherd College,,,,Small,Public,,,0.65,,1100,,,24,,,20000,12000,0.6,0.75,3000,,,,,,,Rural,true,false,2024-01-15,,8000,8000,20000,0.6,,,,,,,46
Sherman College of Straight Chiropractic,,,,Small,Private,,,0.6,,1100,,,25,,,20000,12000,0.7,0.8,500,,,,,,,Suburban,true,false,Rolling,,15000,15000,20000,0.7,,,,,,,48
Shimer College,,,,Small,Private,,,0.5,,1200,,,25,,,30000,12000,0.7,0.8,300,,,,,,,Urban,true,false,Rolling,,20000,20000,30000,0.8,,,,,,,51
Shippensburg University of Pennsylvania,,,,Medium,Public,,,0.6,,1100,,,25,,,24000,13000,0.6,0.75,6000,,,,,,,Suburban,true,false,2024-01-15,,8000,8000,24000,0.65,,,,,,,50
Shoreline Community College,,,,Medium,Public,,,0.7,,1100,,,25,,,18000,12000,0.5,0.7,5000,,,,,,,Suburban,true,false,2024-07-01,,8000,8000,18000,0.6,,,,,,,45
Shorter College,,,,Small,Private,,,0.5,,1100,,,25,,,20000,12000,0.6,0.7,800,,,,,,,Suburban,true,false,2024-01-15,,15000,15000,20000,0.7,,,,,,,49
Siena College,,,,Small,Private,,,0.5,,1200,,,25,,,45000,14000,0.75,0.85,3000,,,,,,,Suburban,true,false,2024-01-15,,20000,20000,45000,0.8,,,,,,,55
Siena Heights University,,,,Small,Private,,,0.5,,1100,,,24,,,32000,12000,0.6,0.7,1500,,,,,,,Suburban,true,false,2024-08-01,,15000,15000,32000,0.7,,,,,,,49
Sierra Nevada College,,,,Small,Private,,,0.5,,1150,,,24,,,35000,12000,0.6,0.75,800,,,,,,,Rural,true,false,2024-01-15,,15000,15000,35000,0.7,,,,,,,49
Silver Lake College,,,,Small,Private,,,0.5,,1100,,,24,,,30000,12000,0.6,0.75,1000,,,,,,,Suburban,true,false,2024-01-15,,15000,15000,30000,0.7,,,,,,,49
Simmons College,,,,Small,Private,,,0.5,,1250,,,27,,,50000,13000,0.75,0.85,1500,,,,,,,Urban,true,false,2024-01-15,,25000,25000,50000,0.8,,,,,,,55
Simon's Rock College,,,,Small,Private,,,0.5,,1250,,,27,,,50000,12000,0.8,0.85,400,,,,,,,Rural,true,false,2024-01-15,,20000,20000,50000,0.75,,,,,,,54
Simpson College,,,,Small,Private,,,0.5,,1150,,,24,,,30000,12000,0.7,0.75,1200,,,,,,,Suburban,true,false,2024-01-15,,20000,20000,30000,0.8,,,,,,,51
Simpson College Iowa,,,,Small,Private,,,0.5,,1150,,,24,,,30000,12000,0.7,0.8,1200,,,,,,,Suburban,true,false,2024-01-15,,20000,20000,30000,0.7,,,,,,,51
Sinte Gleska University,,,,Small,Public,,,0.7,,1000,,,20,,,16000,12000,0.5,0.7,800,,,,,,,Rural,true,false,Rolling,,8000,8000,16000,0.6,,,,,,,38
Skadron College,,,,Medium,Private,,,0.5,,1250,,,27,,,25000,12000,0.75,0.8,6000,,,,,,,Suburban,true,false,2024-01-15,,20000,20000,25000,0.7,,,,,,,57
Skidmore College,,,,Small,Private,,,0.25,,1350,,,30,,,60000,15000,0.87,0.88,2500,,,,,,,Suburban,true,false,2024-01-15,,25000,25000,60000,0.75,,,,,,,68
Slippery Rock University,,,,Medium,Public,,,0.65,,1100,,,24,,,24000,12000,0.65,0.75,8000,,,,,,,Rural,true,false,2024-01-15,,8000,8000,24000,0.65,,,,,,,49
Smith College,,,,Small,Private,,,0.15,,1400,,,32,,,58000,15000,0.88,0.93,2500,,,,,,,Suburban,true,false,2024-01-01,,25000,25000,58000,0.75,,,,,,,77
Sojourner-Douglass College,,,,Small,Private,,,0.7,,1100,,,25,,,20000,12000,0.6,0.7,500,,,,,,,Urban,true,false,Rolling,,20000,20000,20000,0.8,,,,,,,43
Soka University of America,,,,Small,Private,,,0.3,,1300,,,28,,,50000,15000,0.85,0.9,400,,,,,,,Suburban,true,false,2024-01-15,,20000,20000,50000,0.7,,,,,,,62
Sonoma State University,,,,Medium,Public,4,,0.93,,1150,,,24,,,61,16802,0.61,0.79,5166,17,56,4723,,,,Suburban,false,false,Not available,,17,15,61,0.6,,,,,,,25
South Carolina State University,,,,Small,Public,,,0.6,,1050,,,21,,,24000,12000,0.5,0.7,3500,,,,,,,Rural,true,false,2024-01-15,,8000,8000,24000,0.6,,,,,,,44
South Dakota School of Mines and Technology,,,,Small,Public,,,0.6,,1300,,,28,,,20000,12000,0.7,0.8,3000,,,,,,,Urban,false,false,2024-01-15,,8000,8000,20000,0.6,,,,,,,53
South Dakota State University,,,,Medium,Public,,,0.7,,1150,,,24,,,20000,12000,0.66,0.78,12000,,,,,,,Rural,true,false,2024-01-15,,8000,8000,20000,0.65,,,,,,,48
South Florida Bible College & Theological Seminary,,,,Small,Private,,,0.7,,1100,,,25,,,20000,12000,0.6,0.7,300,,,,,,,Suburban,true,false,Rolling,,15000,15000,20000,0.8,,,,,,,42
South Texas College of Law,,,,Small,Private,,,0.5,,1500,,,34,,,40000,12000,0.7,0.85,800,,,,,,,Urban,true,false,2024-07-01,,20000,20000,40000,0.75,,,,,,,58
Southeast Missouri State University,,,,Medium,Public,,,0.65,,1100,,,24,,,16000,12000,0.57,0.75,10000,,,,,,,Suburban,true,false,2024-01-15,,7000,7000,16000,0.65,,,,,,,48
Southeastern Baptist College,,,,Small,Private,,,0.7,,1100,,,25,,,15000,12000,0.6,0.7,300,,,,,,,Suburban,true,false,Rolling,,10000,10000,15000,0.75,,,,,,,42
Southeastern Bible College,,,,Small,Private,,,0.5,,1100,,,25,,,20000,12000,0.7,0.75,500,,,,,,,Suburban,true,false,2024-01-15,,15000,15000,20000,0.8,,,,,,,51
Southeastern College of the Assemblies of God,,,,Small,Private,,,0.5,,1100,,,24,,,20000,12000,0.6,0.7,800,,,,,,,Suburban,true,false,2024-05-01,,15000,15000,20000,0.7,,,,,,,48
Southeastern Louisiana University,,,,Medium,Public,,,0.6,,1100,,,25,,,20000,12000,0.5,0.7,13000,,,,,,,Suburban,true,false,2024-01-15,,8000,8000,20000,0.6,,,,,,,49
Southeastern Oklahoma State University,,,,Small,Public,,,0.7,,1100,,,24,,,16000,12000,0.5,0.7,4000,,,,,,,Rural,true,false,2024-08-01,,8000,8000,16000,0.6,,,,,,,43
Southeastern University,,,,Medium,Private,,,0.5,,1150,,,24,,,22000,12000,0.6,0.7,6000,,,,,,,Suburban,true,false,2024-01-15,,10000,10000,22000,0.7,,,,,,,52
Southern Adventist University,,,,Small,Private,,,0.5,,1200,,,25,,,25000,12000,0.7,0.8,3000,,,,,,,Suburban,true,false,2024-01-15,,20000,20000,25000,0.7,,,,,,,54
Southern Arkansas University,,,,Small,Public,,,0.6,,1100,,,25,,,16000,12000,0.5,0.7,4000,,,,,,,Rural,true,false,2024-08-01,,7000,7000,16000,0.6,,,,,,,47
Southern California College,,,,Medium,Private,,,0.5,,1200,,,25,,,25000,12000,0.7,0.8,5000,,,,,,,Urban,true,false,2024-01-15,,15000,15000,25000,0.7,,,,,,,55
Southern California College of Optometry,,,,Small,Private,,,0.3,,1300,,,28,,,40000,12000,0.85,0.9,500,,,,,,,Suburban,false,false,2024-01-15,,20000,20000,40000,0.7,,,,,,,63
Southern California Institute of Architecture,,,,Small,Private,,,0.3,,1350,,,29,,,50000,15000,0.85,0.9,800,,,,,,,Urban,true,false,2024-01-15,,20000,20000,50000,0.75,,,,,,,64
Southern College of Optometry,,,,Small,Private,,,0.5,,1200,,,25,,,20000,12000,0.85,0.9,600,,,,,,,Urban,true,false,2024-01-15,,15000,15000,20000,0.7,,,,,,,54
Southern Connecticut State University,,,,Medium,Public,,,0.75,,1080,,,22,,,26000,15000,0.65,0.8,11000,,,,,,,Urban,true,false,2024-01-15,,12000,12000,26000,0.75,,,,,,,45
Southern Illinois University at Carbondale,,,,Medium,Public,,,0.65,,1150,,,24,,,24000,12000,0.55,0.75,12000,,,,,,,Rural,true,false,2024-01-15,,8000,8000,24000,0.6,,,,,,,47
Southern Illinois University at Edwardsville,,,,Medium,Public,,,0.6,,1150,,,24,,,25000,12000,0.6,0.75,13000,,,,,,,Suburban,true,false,2024-01-15,,8000,8000,25000,0.6,,,,,,,50
Southern Methodist University,,,,Medium,Private,,,0.47,,1360,,,30,,,60000,15000,0.85,0.9,7000,,,,,,,Urban,true,false,2024-01-15,,25000,25000,60000,0.75,,,,,,,63
Southern Nazarene University,,,,Small,Private,,,0.5,,1100,,,24,,,25000,12000,0.6,0.75,2000,,,,,,,Suburban,true,false,2024-01-15,,20000,20000,25000,0.8,,,,,,,50
Southern New Hampshire University,,,,Large,Private,,,0.7,,1100,,,24,,,15000,12000,0.6,0.75,30000,,,,,,,Suburban,true,false,2024-01-01,,15000,15000,15000,0.7,,,,,,,46
Southern Oregon University,,,,Medium,Public,,,0.65,,1100,,,25,,,25000,13000,0.6,0.75,5000,,,,,,,Suburban,true,false,2024-01-15,,8000,8000,25000,0.65,,,,,,,48
Southern Polytechnic State University,,,,Medium,Public,,,0.5,,1200,,,25,,,24000,12000,0.6,0.75,6000,,,,,,,Suburban,true,false,2024-01-01,,8000,8000,24000,0.6,,,,,,,53
Southern University - Baton Rouge,,,,Medium,Public,,,0.6,,1100,,,25,,,18000,12000,0.5,0.7,8000,,,,,,,Urban,true,false,2024-01-15,,8000,8000,18000,0.6,,,,,,,48
Southern University - New Orleans,,,,Small,Public,,,0.6,,1100,,,25,,,24000,12000,0.5,0.7,3000,,,,,,,Urban,true,false,2024-06-01,,8000,8000,24000,0.6,,,,,,,47
Southern University - Shreveport,,,,Small,Public,,,0.7,,1000,,,20,,,16000,12000,0.5,0.7,2000,,,,,,,Urban,true,false,2024-08-01,,8000,8000,16000,0.6,,,,,,,39
Southern Utah University,,,,Medium,Public,,,0.65,,1150,,,24,,,20000,12000,0.55,0.75,13000,,,,,,,Suburban,true,false,2024-01-01,,8000,8000,20000,0.65,,,,,,,48
Southern Vermont College,,,,Small,Private,,,0.6,,1100,,,25,,,35000,12000,0.65,0.75,500,,,,,,,Rural,true,false,Rolling,,20000,20000,35000,0.75,,,,,,,47
Southern Wesleyan University,,,,Small,Private,,,0.5,,1100,,,24,,,23000,12000,0.6,0.7,1000,,,,,,,Rural,true,false,2024-01-15,,15000,15000,23000,0.7,,,,,,,48
Southwest Baptist University,,,,Small,Private,,,0.6,,1100,,,25,,,25000,12000,0.6,0.75,2000,,,,,,,Rural,true,false,2024-08-01,,15000,15000,25000,0.7,,,,,,,48
Southwest Missouri State University,,,,Large,Public,,,0.65,,1100,,,24,,,20000,12000,0.58,0.75,22000,,,,,,,Urban,true,false,2024-01-15,,8000,8000,20000,0.65,,,,,,,48
Southwest Missouri State University - West Plains,,,,Small,Public,,,0.7,,1100,,,24,,,12000,12000,0.55,0.75,1500,,,,,,,Rural,true,false,Rolling,,7000,7000,12000,0.6,,,,,,,43
Southwest State University,,,,Medium,Public,,,0.65,,1150,,,24,,,24000,12000,0.6,0.75,8000,,,,,,,Suburban,true,false,2024-01-15,,8000,8000,24000,0.65,,,,,,,48
Southwest Texas State University,,,,Large,Public,,,0.65,,1200,,,25,,,25000,12000,0.6,0.75,35000,,,,,,,Suburban,true,false,2024-01-15,,8000,8000,25000,0.6,,,,,,,48
Southwest University,,,,Large,Public,,,0.6,,1200,,,25,,,25000,12000,0.65,0.75,20000,,,,,,,Suburban,true,false,2024-01-15,,8000,8000,25000,0.6,,,,,,,51
Southwestern Adventist University,,,,Small,Private,,,0.6,,1150,,,24,,,22000,12000,0.65,0.75,800,,,,,,,Rural,true,false,2024-08-01,,15000,15000,22000,0.7,,,,,,,46
Southwestern Assemblies of God University,,,,Small,Private,,,0.6,,1100,,,25,,,20000,12000,0.6,0.7,1200,,,,,,,Suburban,true,false,2024-08-01,,15000,15000,20000,0.7,,,,,,,46
Southwestern Baptist Theological Seminary,,,,Small,Private,,,0.5,,1200,,,25,,,20000,12000,0.7,0.8,3000,,,,,,,Suburban,true,false,2024-01-15,,20000,20000,20000,0.75,,,,,,,54
Southwestern Christian College,,,,Small,Private,,,0.6,,1100,,,25,,,20000,12000,0.6,0.7,500,,,,,,,Suburban,true,false,Rolling,,15000,15000,20000,0.7,,,,,,,46
Southwestern Christian University,,,,Small,Private,,,0.6,,1100,,,25,,,20000,12000,0.6,0.7,800,,,,,,,Suburban,true,false,Rolling,,15000,15000,20000,0.7,,,,,,,46
Southwestern College Kansas,,,,Small,Private,,,0.5,,1100,,,24,,,28000,12000,0.6,0.7,800,,,,,,,Rural,true,false,Rolling,,10000,10000,28000,0.7,,,,,,,48
Southwestern College Santa Fe,,,,Small,Private,,,0.5,,1200,,,25,,,20000,12000,0.7,0.75,800,,,,,,,Urban,true,false,2024-01-15,,15000,15000,20000,0.7,,,,,,,51
Southwestern Oklahoma State University,,,,Small,Public,,,0.7,,1100,,,24,,,20000,12000,0.6,0.75,4000,,,,,,,Rural,true,false,2024-08-01,,7000,7000,20000,0.6,,,,,,,45
Southwestern University,,,,Small,Private,,,0.4,,1300,,,28,,,50000,12000,0.8,0.85,1500,,,,,,,Suburban,true,false,2024-01-15,,20000,20000,50000,0.7,,,,,,,59
Southwestern University School of Law,,,,Small,Private,,,0.4,,1400,,,32,,,50000,15000,0.85,0.9,1000,,,,,,,Urban,true,false,2024-01-15,,20000,20000,50000,0.7,,,,,,,63
Spalding University,,,,Small,Private,,,0.5,,1100,,,24,,,30000,12000,0.6,0.75,1200,,,,,,,Urban,true,false,2024-01-15,,15000,15000,30000,0.7,,,,,,,49
Spelman College,,,,Small,Private,,,0.2,,1300,,,28,,,30000,13000,0.85,0.9,3000,,,,,,,Urban,true,false,2024-01-01,,20000,20000,30000,0.8,,,,,,,68
Spertus Institute of Jewish Studies,,,,Small,Private,,,0.5,,1200,,,25,,,20000,12000,0.7,0.8,500,,,,,,,Urban,true,false,2024-01-15,,20000,20000,20000,0.75,,,,,,,51
Spring Arbor College,,,,Small,Private,,,0.5,,1150,,,24,,,30000,12000,0.65,0.75,1500,,,,,,,Suburban,true,false,2024-01-15,,20000,20000,30000,0.7,,,,,,,50
Spring Hill College,,,,Small,Private,,,0.5,,1150,,,25,,,20000,12000,0.7,0.8,1200,,,,,,,Urban,true,false,2024-01-15,,20000,20000,20000,0.8,,,,,,,52
Springfield College,,,,Small,Private,,,0.5,,1150,,,24,,,38000,15000,0.65,0.78,3500,,,,,,,Urban,true,false,2024-01-15,,20000,20000,38000,0.75,,,,,,,52
St. Ambrose University,,,,Small,Private,,,0.6,,1150,,,24,,,32000,12000,0.65,0.75,3000,,,,,,,Urban,true,false,2024-01-15,,20000,20000,32000,0.8,,,,,,,49
St. Andrews Presbyterian College,,,,Small,Private,,,0.6,,1100,,,25,,,20000,12000,0.6,0.7,800,,,,,,,Rural,true,false,2024-01-15,,15000,15000,20000,0.7,,,,,,,46
St. Anselm College,,,,Small,Private,,,0.55,,1230,,,27,,,49000,13000,0.75,0.85,2000,,,,,,,Suburban,true,false,2024-01-15,,20000,20000,49000,0.75,,,,,,,54
St. Anthony College of Nursing,,,,Small,Private,,,0.6,,1150,,,24,,,20000,12000,0.7,0.8,500,,,,,,,Urban,true,false,Rolling,,15000,15000,20000,0.7,,,,,,,47
St. Augustine's College North Carolina,,,,Small,Private,,,0.6,,1100,,,25,,,15000,12000,0.5,0.7,500,,,,,,,Urban,true,false,2024-01-15,,15000,15000,15000,0.7,,,,,,,44
St. Bernard's Institute,,,,Small,Private,,,0.5,,1150,,,24,,,25000,12000,0.7,0.8,1500,,,,,,,Urban,true,false,2024-01-15,,15000,15000,25000,0.7,,,,,,,51
St. Bonaventure University,,,,Small,Private,,,0.6,,1150,,,24,,,35000,13000,0.7,0.8,2000,,,,,,,Rural,true,false,2024-01-15,,20000,20000,35000,0.75,,,,,,,49
St. Cloud State University,,,,Medium,Public,,,0.6,,1100,,,24,,,20000,12000,0.6,0.75,14000,,,,,,,Urban,true,false,2024-01-01,,8000,8000,20000,0.6,,,,,,,50
St. Edwards University,,,,Small,Private,,,0.5,,1200,,,25,,,35000,13000,0.65,0.75,4000,,,,,,,Urban,true,false,2024-01-15,,20000,20000,35000,0.7,,,,,,,52
"St. Francis College, Brooklyn Heights",,,,Small,Private,,,0.5,,1150,,,24,,,30000,15000,0.65,0.75,2000,,,,,,,Urban,true,false,2024-01-15,,20000,20000,30000,0.8,,,,,,,51
"St. Francis College, Fort Wayne",,,,Small,Private,,,0.5,,1100,,,25,,,20000,12000,0.65,0.75,1500,,,,,,,Urban,true,false,2024-01-01,,15000,15000,20000,0.7,,,,,,,51
"St. Francis College, Loretto",,,,Small,Private,,,0.5,,1100,,,24,,,30000,12000,0.7,0.75,800,,,,,,,Rural,true,false,2024-01-15,,20000,20000,30000,0.8,,,,,,,50
St. Francis Medical Center College of Nursing,,,,Small,Private,,,0.5,,1150,,,25,,,20000,12000,0.7,0.8,500,,,,,,,Urban,true,false,Rolling,,10000,10000,20000,0.7,,,,,,,51
St. George's University,,,,Medium,Private,,,0.5,,1250,,,27,,,30000,12000,0.7,0.8,5000,,,,,,,Rural,true,false,2024-01-15,,20000,20000,30000,0.7,,,,,,,56
St. John Fisher College,,,,Small,Private,,,0.5,,1200,,,25,,,40000,13000,0.7,0.8,3000,,,,,,,Suburban,true,false,2024-01-15,,20000,20000,40000,0.7,,,,,,,54
St. John's College Maryland,,,,Small,Private,,,0.4,,1350,,,30,,,57000,15000,0.85,0.9,800,,,,,,,Suburban,true,false,2024-01-15,,20000,20000,57000,0.7,,,,,,,61
St. John's College New Mexico,,,,Small,Private,,,0.5,,1250,,,28,,,30000,12000,0.7,0.8,300,,,,,,,Rural,true,false,2024-01-15,,20000,20000,30000,0.75,,,,,,,53
St. John's Seminary,,,,Small,Private,,,0.5,,1200,,,25,,,30000,12000,0.8,0.85,300,,,,,,,Urban,true,false,2024-01-15,,20000,20000,30000,0.75,,,,,,,53
St. John's University,,,,Large,Private,,,0.65,,1230,,,27,,,45000,15000,0.76,0.85,21000,,,,,,,Urban,true,false,2024-01-15,,20000,20000,45000,0.85,,,,,,,54
St. Joseph College,,,,Small,Private,,,0.5,,1200,,,25,,,40000,13000,0.7,0.8,1500,,,,,,,Suburban,true,false,2024-01-15,,20000,20000,40000,0.7,,,,,,,52
St. Joseph College of Nursing,,,,Small,Private,,,0.5,,1200,,,25,,,20000,12000,0.7,0.8,500,,,,,,,Urban,true,false,2024-01-15,,15000,15000,20000,0.7,,,,,,,51
St. Joseph's College,,,,Small,Private,,,0.5,,1200,,,25,,,30000,15000,0.65,0.75,3000,,,,,,,Urban,true,false,2024-01-15,,20000,20000,30000,0.7,,,,,,,52
St Josephs University New York Brooklyn Campus,,,,Small,Private,4,,0.7,1135,1219,1303,25,27,29,,18324,15000,0.64,0.75,856,9,65,2802,,,,Urban,false,false,Not available,,26961,18,18324,0.77,,,,,,,50
"St. Joseph's College New York, Suffolk Campus",,,,Small,Private,,,0.5,,1150,,,24,,,30000,12000,0.65,0.75,2000,,,,,,,Suburban,true,false,2024-01-15,,20000,20000,30000,0.75,,,,,,,51
St. Joseph's College of Maine,,,,Small,Private,,,0.5,,1150,,,24,,,45000,12000,0.7,0.75,1200,,,,,,,Rural,true,false,2024-01-15,,20000,20000,45000,0.8,,,,,,,51
St. Joseph's University,,,,Medium,Private,,,0.65,,1200,,,25,,,45000,15000,0.76,0.85,6000,,,,,,,Urban,true,false,2024-01-15,,20000,20000,45000,0.75,,,,,,,52
St. Lawrence University,,,,Small,Private,4,,0.54,1285,1335,1385,30,32,33,,80,17000,0.8,0.9,1918,11,43,2805,,,,Rural,false,false,February 1,,59478,36,80,0.75,,,,,,,62
St. Leo College,,,,Medium,Private,,,0.5,,1150,,,24,,,20000,12000,0.6,0.75,6000,,,,,,,Suburban,true,false,2024-01-15,,20000,20000,20000,0.7,,,,,,,52
St. Louis Christian College,,,,Small,Private,,,0.7,,1100,,,24,,,20000,12000,0.6,0.7,300,,,,,,,Suburban,true,false,Rolling,,15000,15000,20000,0.8,,,,,,,42
St. Louis College of Pharmacy,,,,Small,Private,,,0.5,,1200,,,25,,,30000,12000,0.7,0.85,1200,,,,,,,Urban,true,false,2024-01-15,,15000,15000,30000,0.7,,,,,,,52
St. Louis University,,,,Medium,Private,,,0.45,,1250,,,27,,,45000,13000,0.77,0.85,12000,,,,,,,Urban,true,false,2024-01-15,,20000,20000,45000,0.75,,,,,,,60
St. Luke's College,,,,Small,Private,,,0.5,,1200,,,25,,,25000,12000,0.7,0.8,1000,,,,,,,Urban,true,false,2024-01-15,,20000,20000,25000,0.75,,,,,,,52
St. Martin's College,,,,Small,Private,,,0.5,,1150,,,24,,,30000,12000,0.65,0.75,1200,,,,,,,Suburban,true,false,2024-01-15,,15000,15000,30000,0.7,,,,,,,50
St. Mary College,,,,Small,Private,,,0.5,,1150,,,24,,,20000,12000,0.7,0.75,1000,,,,,,,Suburban,true,false,2024-01-15,,15000,15000,20000,0.75,,,,,,,50
St. Mary's College Indiana,,,,Small,Private,,,0.5,,1230,,,27,,,45000,13000,0.8,0.85,1300,,,,,,,Suburban,true,false,2024-01-15,,20000,20000,45000,0.75,,,,,,,55
St. Mary's College of California,,,,Small,Private,,,0.5,,1230,,,26,,,52000,15000,0.75,0.85,3000,,,,,,,Suburban,true,false,2024-01-15,,20000,20000,52000,0.75,,,,,,,56
St. Mary's College of Maryland,,,,Small,Public,4,,0.69,1163,1242,1320,26,28,31,,20679,15702,0.68,0.86,1617,10,29,5601,,,,Rural,false,false,January 15,,23186,21,20679,0.5,,,,,,,53
Saint Mary's University Of Minnesota,,,,Small,Private,4,,0.93,1108,1136,1165,20,24,28,,22518,11590,0.68,0.74,1073,18,95,6632,,,,Rural,false,false,January 15,,37619,23,22518,0.72,,,,,,,39
St. Mary's University of San Antonio,,,,Medium,Private,,,0.5,,1200,,,25,,,35000,12000,0.7,0.8,5000,,,,,,,Urban,true,false,2024-01-15,,20000,20000,35000,0.7,,,,,,,55
St. Mary-of-the-Woods College,,,,Small,Private,4,,0.78,889,961,1033,18,24,30,,18470,13530,0.53,0.67,801,9,36,,,,,Rural,false,false,Not available,,20000,18,18470,0.8,,,,,,,42
St. Meinrad College,,,,Small,Private,,,0.5,,1200,,,25,,,30000,12000,0.75,0.85,500,,,,,,,Rural,true,false,2024-01-15,,20000,20000,30000,0.8,,,,,,,52
St. Michael's College,,,,Small,Private,,,0.5,,1200,,,25,,,52000,14000,0.75,0.85,2000,,,,,,,Suburban,true,false,2024-01-15,,20000,20000,52000,0.8,,,,,,,54
St. Norbert College,,,,Small,Private,4,,0.86,1066,1143,1220,21,24,28,,27236,13340,0.74,0.83,1662,14,69,1706,,,,Suburban,false,false,Not available,,36679,27,27236,0.61,,,,,,,44
St. Olaf College,,,,Small,Private,4,,0.48,1310,1385,1460,28,30,32,,27282,14300,0.84,0.92,3093,12,51,6638,,,,Rural,false,false,January 15,,58276,27,27282,0.77,,,,,,,64
St. Paul's College,,,,Small,Private,,,0.6,,1100,,,25,,,20000,12000,0.6,0.7,500,,,,,,,Rural,true,false,2024-01-15,,15000,15000,20000,0.7,,,,,,,46
St. Peter's College,,,,Small,Private,,,0.5,,1150,,,24,,,35000,15000,0.65,0.75,3000,,,,,,,Urban,true,false,2024-01-15,,20000,20000,35000,0.7,,,,,,,52
Saint Petersburg College,,,,Large,Public,4,,1,900,1005,1110,15,20,25,,300,12000,0.5,0.82,19506,25,82,,,,,Suburban,false,false,Not available,,10389,0,300,0.61,,,,,,,26
St. Thomas Aquinas College,,,,Small,Private,4,,0.93,,1150,,,24,,,21257,19000,0.6,0.74,972,16,41,2807,,,,Suburban,false,false,Not available,,34917,21,21257,0.75,,,,,,,22
St. Thomas University,,,,Small,International,4,,0.5,,1100,,,24,,,30000,12000,0.6,0.78,1752,,,,,,,Not available,true,false,2024-01-15,,15000,15000,30000,0.7,,,,,,,10
St. Vincent College,,,,Small,Private,,,0.5,,1150,,,24,,,38000,13000,0.7,0.8,1500,,,,,,,Suburban,true,false,2024-01-15,,20000,20000,38000,0.7,,,,,,,51
St. Xavier University,,,,Medium,Private,,,0.5,,1150,,,24,,,32000,13000,0.65,0.75,5000,,,,,,,Urban,true,false,2024-01-15,,15000,15000,32000,0.7,,,,,,,53
Standford Online University,,,,Medium,Private,,,0.1,,1450,,,32,,,55000,15000,0.9,0.95,15000,,,,,,,Suburban,true,false,2024-01-01,,30000,30000,55000,0.7,,,,,,,80
Standford University,,,,Medium,Private,,,0.04,,1480,,,34,,,57000,15000,0.94,0.98,15000,,,,,,,Suburban,true,false,2024-01-02,,20000,20000,57000,0.7,,,,,,,82
Stanford University,,,,Medium,Private,,,0.04,,1480,,,34,,,57000,16000,0.94,0.98,15000,,,,,,,Suburban,true,false,2024-01-02,,20000,20000,57000,0.7,,,,,,,82
State University of New York (SUNY),,,,Large,Public,,,0.5,,1200,,,25,,,25000,14000,0.65,0.8,40000,,,,,,,Urban,true,false,2024-01-01,,8000,8000,25000,0.6,,,,,,,53
State University of New York at Albany,,,,Large,Public,,,0.5,,1200,,,25,,,25000,14000,0.6,0.8,17000,,,,,,,Urban,true,false,2024-01-15,,8000,8000,25000,0.6,,,,,,,54
State University of New York at Binghamton,,,,Medium,Public,,,0.4,,1300,,,28,,,25000,13000,0.7,0.9,15000,,,,,,,Suburban,true,false,2024-01-01,,8000,8000,25000,0.6,,,,,,,62
State University of New York at Buffalo,,,,Large,Public,,,0.6,,1300,,,28,,,25000,14000,0.7,0.85,30000,,,,,,,Urban,true,false,2024-01-15,,8000,8000,25000,0.6,,,,,,,54
State University of New York at New Paltz,,,,Medium,Public,,,0.5,,1200,,,26,,,18000,15000,0.7,0.85,8000,,,,,,,Suburban,true,false,2024-01-15,,12000,12000,18000,0.7,,,,,,,56
State University Of New York At Oswego,,,,Medium,Public,4,,0.81,1080,1165,1250,23,25,27,,60,17026,0.6,0.71,5473,15,117,2543,,,,Suburban,false,false,Not available,,15,17,60,0.6,,,,,,,46
State University of New York at Stony Brook,,,,Large,Public,,,0.45,,1300,,,30,,,25000,15000,0.82,0.9,26000,,,,,,,Suburban,false,false,2023-01-15,,12000,12000,25000,0.65,,,,,,,63
State University of New York College at Brockport,,,,Medium,Public,,,0.55,,1150,,,24,,,18000,13000,0.65,0.75,8000,,,,,,,Suburban,true,false,2024-01-15,,8000,8000,18000,0.65,,,,,,,52
State University of New York College at Cortland,,,,Medium,Public,,,0.65,,1100,,,23,,,18000,14000,0.7,0.8,6000,,,,,,,Suburban,true,false,2023-02-01,,12000,12000,18000,0.75,,,,,,,49
State University of New York College at Fredonia,,,,Medium,Public,,,0.6,,1150,,,24,,,19000,13000,0.6,0.75,5000,,,,,,,Rural,true,false,2024-01-15,,8000,8000,19000,0.6,,,,,,,49
State University of New York College at Geneseo,,,,Medium,Public,,,0.65,,1250,,,27,,,20000,15000,0.85,0.9,5000,,,,,,,Suburban,true,false,2024-01-15,,12000,12000,20000,0.75,,,,,,,55
State University of New York College at Old Westbury,,,,Medium,Public,,,0.5,,1100,,,25,,,20000,13000,0.6,0.75,6000,,,,,,,Suburban,true,false,2024-01-01,,8000,8000,20000,0.6,,,,,,,53
State University of New York College at Oneonta,,,,Medium,Public,,,0.65,,1100,,,24,,,20000,15000,0.7,0.8,6000,,,,,,,Suburban,true,false,2024-02-01,,12000,12000,20000,0.85,,,,,,,50
State University of New York College at Plattsburgh,,,,Medium,Public,,,0.6,,1150,,,24,,,20000,13000,0.65,0.75,6000,,,,,,,Rural,true,false,2024-01-15,,8000,8000,20000,0.6,,,,,,,50
State University of New York College at Potsdam,,,,Small,Public,,,0.65,,1100,,,24,,,19000,12000,0.67,0.8,3000,,,,,,,Rural,true,false,2024-07-01,,12000,12000,19000,0.85,,,,,,,48
State University of New York College at Purchase,,,,Small,Public,,,0.5,,1200,,,25,,,25000,15000,0.7,0.8,4000,,,,,,,Suburban,true,false,2024-01-15,,12000,12000,25000,0.7,,,,,,,54
State University of New York College of Agriculture and Technology at Cobleskill,,,,Small,Public,,,0.6,,1100,,,25,,,20000,13000,0.6,0.75,2000,,,,,,,Rural,true,false,2024-01-15,,8000,8000,20000,0.65,,,,,,,48
State University of New York College of Environmental Science and Forestry,,,,Small,Public,,,0.5,,1200,,,26,,,25000,15000,0.7,0.85,2000,,,,,,,Urban,false,false,2024-01-15,,12000,12000,25000,0.75,,,,,,,54
State University of New York College of Optometry,,,,Small,Public,,,0.4,,1300,,,28,,,30000,12000,0.85,0.9,500,,,,,,,Urban,false,false,2024-01-15,,8000,8000,30000,0.6,,,,,,,60
State University of New York College of Technology at Alfred,,,,Small,Public,,,0.6,,1100,,,25,,,18000,12000,0.6,0.75,2000,,,,,,,Rural,true,false,2024-01-01,,7000,7000,18000,0.6,,,,,,,48
State University of New York College of Technology at Farmingdale,,,,Medium,Public,,,0.5,,1150,,,24,,,19500,13000,0.6,0.75,8000,,,,,,,Suburban,true,false,2024-01-15,,8000,8000,19500,0.6,,,,,,,52
State University of New York Downstate Medical Center,,,,Medium,Public,,,0.5,,1250,,,27,,,30000,12000,0.65,0.85,5000,,,,,,,Urban,false,false,2024-01-01,,8000,8000,30000,0.6,,,,,,,56
State University of New York Empire State College,,,,Medium,Public,,,0.65,,1100,,,25,,,15000,12000,0.55,0.75,7000,,,,,,,Suburban,true,false,2024-01-01,,8000,8000,15000,0.65,,,,,,,48
State University of New York Health Science Centre Syracuse,,,,Medium,Public,,,0.5,,1300,,,28,,,30000,13000,0.65,0.85,8000,,,,,,,Urban,true,false,2024-01-15,,8000,8000,30000,0.6,,,,,,,57
State University of New York Institute of Technology at Utica/Rome,,,,Small,Public,,,0.65,,1100,,,23,,,20000,15000,0.6,0.75,3000,,,,,,,Suburban,true,false,2023-08-01,,12000,12000,20000,0.8,,,,,,,46
State University of New York Maritime College,,,,Small,Public,,,0.6,,1150,,,25,,,25000,15000,0.7,0.8,1500,,,,,,,Urban,false,false,2024-01-15,,12000,12000,25000,0.75,,,,,,,49
State University of New York School of Engineering and Applied Sciences,,,,Medium,Public,,,0.4,,1300,,,28,,,25000,14000,0.7,0.85,15000,,,,,,,Urban,true,false,2024-01-01,,8000,8000,25000,0.6,,,,,,,61
State University of New York Upstate Medical University,,,,Small,Public,,,0.4,,1300,,,28,,,30000,12000,0.7,0.85,3000,,,,,,,Urban,false,false,2024-01-15,,8000,8000,30000,0.6,,,,,,,59
State University of West Georgia,,,,Medium,Public,,,0.6,,1100,,,25,,,24000,12000,0.5,0.7,12000,,,,,,,Suburban,true,false,2024-01-01,,7000,7000,24000,0.6,,,,,,,48
Stefan University,,,,Large,Public,,,0.5,,1250,,,26,,,36000,13000,0.65,0.75,20000,,,,,,,Urban,true,false,2024-01-15,,8000,8000,36000,0.6,,,,,,,55
Stephen F. Austin State University,,,,Medium,Public,,,0.6,,1100,,,25,,,25000,12000,0.6,0.75,13000,,,,,,,Rural,true,false,2024-01-15,,8000,8000,25000,0.65,,,,,,,51
Stephens College,,,,Small,Private,4,,0.57,,1100,,20,22,24,,23261,13098,0.47,0.61,392,8,31,6683,,,,Urban,false,false,Not available,,20000,23,23261,0.7,,,,,,,46
Sterling College,,,,Small,Private,,,0.6,,1100,,,25,,,25000,12000,0.6,0.7,500,,,,,,,Rural,true,false,2024-01-15,,15000,15000,25000,0.7,,,,,,,46
Stetson University,,,,Small,Private,4,,0.72,988,1100,1213,19,23,27,,22914,18342,0.63,0.78,2297,10,73,5630,,,,Suburban,false,false,Not available,,56068,23,22914,0.73,,,,,,,47
Stevens Institute of Technology,,,,Small,Private,4,,0.48,1390,1440,1490,31,32,34,,43665,20000,0.9,0.94,4222,11,73,2819,,,,Urban,false,false,February 1,,38334,44,43665,0.63,,,,,,,67
Stillman College,,,,Small,Private,4,,0.62,,1100,,,25,,,12479,10900,0.41,0.62,706,17,17,1739,,,,Suburban,false,false,December 1,,10000,12,12479,0.7,,,,,,,26
Stonehill College,,,,Small,Private,4,,0.66,1130,1205,1280,24,26,29,,31134,16850,0.81,0.84,2539,12,54,,,,,Suburban,false,false,February 15,,43798,31,31134,0.63,,,,,,,54
Strayer University,,,,Large,Private,4,,0.7,,1000,,,20,,,15000,12000,0.5,1,20000,41,22,,,,,Urban,false,false,Not available,,8000,8000,15000,0.6,,,,,,,10
Suffolk University,,,,Medium,Private,,,0.45,,1250,,,27,,,50000,14000,0.68,0.85,6000,,,,,,,Urban,true,false,2024-01-15,,20000,20000,50000,0.75,,,,,,,58
Sul Ross State University,,,,Small,Public,4,,0.96,930,1015,1100,13,17,21,,12240,10892,0.27,0.58,1378,11,40,,,,,Rural,false,false,Not available,,14491,12,12240,0.75,,,,,,,29
Sullivan University,,,,Small,Private,4,,0.91,,1100,,21,22,24,,22766,13980,0.6,0.7,2041,16,40,811,,,,Suburban,false,false,Not available,,8000,23,22766,0.6,,,,,,,22
Susquehanna University,,,,Small,Private,4,,0.83,1100,1190,1280,21,25,29,,27258,16800,0.74,0.85,2081,12,65,2820,,,,Rural,false,false,November 1,,48782,27,27258,0.76,,,,,,,47
Swarthmore College,,,,Small,Private,,,0.12,,1450,,,32,,,60000,15000,0.94,0.95,1600,,,,,,,Suburban,true,false,2024-01-01,,30000,30000,60000,0.85,,,,,,,77
Sweet Briar College,,,,Small,Private,4,,0.76,980,1090,1200,21,24,28,,25598,15760,0.48,0.62,451,8,25,5634,,,,Rural,false,false,Not available,,20000,26,25598,0.8,,,,,,,42
Syracuse University,,,,Large,Private,4,,0.46,1290,1355,1420,29,30,32,,51520,19756,0.81,0.9,15477,15,213,2823,,,,Urban,false,false,January 5,,52152,52,51520,0.38,,,,,,,66
Tabor College,,,,Small,Private,4,,0.65,,1100,,,24,,,19998,12000,0.33,0.53,494,15,46,6815,,,,Rural,false,false,Not available,,29788,20,19998,1,,,,,,,24
Talladega College,,,,Small,Private,4,,0.7,,1000,,,20,,,12450,22780,0.65,0.76,800,22,30,,,,,Rural,false,false,Not available,,10000,12,12450,0.7,,,,,,,18
Tarleton State University,,,,Small,Public,4,,0.53,,1100,,19,22,24,,15363,15319,0.51,0.72,57,24,90,6817,,,,"$15,363",false,false,August 1,,15319,15,15363,0.57,,,,,,,44
Taylor University,,,,Small,Private,4,,0.74,1080,1200,1320,24,28,31,,25698,12025,0.77,0.89,2025,14,70,1802,,,,Rural,false,false,August 1,,32038,26,25698,0.53,,,,,,,52
"Taylor University, Fort Wayne Campus",,,,Small,Private,,,0.6,,1200,,,25,,,32000,12000,0.7,0.8,1200,,,,,,,Suburban,true,false,2024-01-15,,20000,20000,32000,0.7,,,,,,,49
"Teachers College, Columbia University",,,,Medium,Private,,,0.25,,1350,,,30,,,40000,15000,0.85,0.9,5000,,,,,,,Urban,true,false,2024-01-15,,20000,20000,40000,0.75,,,,,,,69
Temple University,,,,Large,Public,4,,0.8,1130,1244,1358,24,28,31,,29641,14744,0.75,0.83,20970,12,286,2906,,,,Urban,false,false,February 1,,17833,30,29641,0.67,,,,,,,53
Temple University School of Podiatric Medicine,,,,Small,Public,,,0.5,,1300,,,28,,,30000,12000,0.7,0.8,3000,,,,,,,Urban,true,false,2024-01-15,,10000,10000,30000,0.7,,,,,,,56
Tennessee State University,,,,Medium,Public,,,0.6,,1100,,,23,,,25000,12000,0.5,0.7,8000,,,,,,,Urban,true,false,2024-01-15,,8000,8000,25000,0.6,,,,,,,47
Tennessee Technological University,,,,Medium,Public,,,0.6,,1150,,,25,,,24000,12000,0.58,0.75,10000,,,,,,,Suburban,true,false,2024-01-15,,8000,8000,24000,0.65,,,,,,,50
Tennessee Temple University,,,,Small,Private,,,0.6,,1100,,,25,,,20000,12000,0.6,0.7,800,,,,,,,Urban,true,false,2024-01-15,,20000,20000,20000,0.7,,,,,,,46
Tennessee Wesleyan University,,,,Small,Private,4,,0.59,940,1038,1135,18,21,24,,16414,10564,0.44,0.64,764,12,53,1805,,,,Rural,false,false,Not available,,15000,16,16414,0.7,,,,,,,44
Texas A&M International University,,,,Medium,Public,4,,0.44,910,1010,1110,16,18,21,,3833,11511,0.49,0.78,7176,21,43,359,,,,Urban,false,false,August 26,,11276,4,3833,0.99,,,,,,,50
Texas A&M University,,,,Small,Public,4,,0.57,1160,1275,1390,25,28,31,,84,20014,0.84,0.94,39,21,256,6003,,,,"$21,610",false,false,December 1,,21,22,84,0.6,,,,,,,55
Texas A&M University - Commerce,,,,Medium,Public,,,0.65,,1100,,,24,,,25000,12000,0.58,0.75,12000,,,,,,,Rural,true,false,2024-01-15,,8000,8000,25000,0.65,,,,,,,48
Texas A&M University - Corpus Christi,,,,Medium,Public,,,0.5,,1150,,,24,,,25000,12000,0.6,0.75,12000,,,,,,,Urban,true,false,2024-01-15,,8000,8000,25000,0.6,,,,,,,53
Texas A&M University - Galveston,,,,Medium,Public,,,0.5,,1200,,,25,,,30000,12000,0.6,0.8,5000,,,,,,,Urban,false,false,2024-01-15,,8000,8000,30000,0.6,,,,,,,53
Texas A&M University - Kingsville,,,,Medium,Public,,,0.65,,1100,,,24,,,21000,12000,0.55,0.75,8000,,,,,,,Rural,true,false,2024-01-15,,8000,8000,21000,0.6,,,,,,,47
Texas A&M University - Texarkana,,,,Small,Public,,,0.6,,1100,,,25,,,20000,12000,0.5,0.7,3000,,,,,,,Suburban,true,false,2024-08-01,,7000,7000,20000,0.6,,,,,,,47
Texas Chiropractic College,,,,Small,Private,,,0.6,,1100,,,25,,,20000,12000,0.7,0.8,500,,,,,,,Suburban,true,false,Rolling,,15000,15000,20000,0.7,,,,,,,48
Texas Christian University,,,,Medium,Private,,,0.4,,1300,,,28,,,48000,13000,0.75,0.85,10000,,,,,,,Suburban,true,false,2024-01-15,,20000,20000,48000,0.75,,,,,,,62
Texas College,,,,Small,Private,4,,0.6,,1000,,,20,,,10901,8000,0.1,0.3,940,17,19,,,,,Urban,false,false,Not available,,8000,11,10901,0.7,,,,,,,7
Texas College of Osteopathic Medicine,,,,Small,Public,,,0.4,,1300,,,28,,,45000,12000,0.7,0.85,800,,,,,,,Urban,false,false,2024-01-15,,8000,8000,45000,0.6,,,,,,,57
Texas Lutheran University,,,,Small,Private,,,0.6,,1100,,,25,,,35000,12000,0.6,0.7,1200,,,,,,,Rural,true,false,2024-01-15,,15000,15000,35000,0.7,,,,,,,46
Texas Southern University,,,,Medium,Public,,,0.7,,1000,,,20,,,20000,12000,0.5,0.7,9000,,,,,,,Urban,true,false,2024-01-15,,8000,8000,20000,0.6,,,,,,,42
Texas Tech University,,,,Large,Public,,,0.67,,1200,,,25,,,25000,12000,0.63,0.8,38000,,,,,,,Urban,true,false,2024-01-15,,8000,8000,25000,0.6,,,,,,,48
Texas Tech University Health Science Center,,,,Medium,Public,,,0.5,,1200,,,25,,,25000,12000,0.6,0.8,5000,,,,,,,Urban,true,false,2024-01-15,,8000,8000,25000,0.6,,,,,,,53
Texas Wesleyan University,,,,Small,Private,4,,0.58,,1100,,,24,,,32,13024,0.32,0.63,1667,14,49,6828,,,,Urban,false,false,Not available,,37620,21,32,0.7,,,,,,,28
Texas Woman's University,,,,Medium,Public,,,0.5,,1150,,,24,,,25000,12000,0.6,0.75,15000,,,,,,,Suburban,true,false,2024-01-15,,8000,8000,25000,0.65,,,,,,,53
The American College,,,,Small,Private,,,0.5,,1200,,,25,,,20000,12000,0.7,0.8,1500,,,,,,,Urban,true,false,2024-01-15,,20000,20000,20000,0.7,,,,,,,52
The Art Institute of Boston,,,,Small,Private For-Profit,,,0.6,,1200,,,25,,,30000,15000,0.6,0.7,1500,,,,,,,Urban,true,false,Rolling,,20000,20000,30000,0.7,,,,,,,47
The Art Institutes International Portland,,,,Small,Private For-Profit,,,0.7,,1100,,,25,,,20000,12000,0.6,0.7,1500,,,,,,,Urban,true,false,Rolling,,15000,15000,20000,0.7,,,,,,,44
The Art Institutes International San Francisco,,,,Small,Private For-Profit,,,0.6,,1100,,,25,,,25000,12000,0.65,0.75,1500,,,,,,,Urban,true,false,Rolling,,15000,15000,25000,0.7,,,,,,,48
The Boston Conservatory,,,,Small,Private,,,0.25,,1300,,,28,,,50000,15000,0.85,0.9,800,,,,,,,Urban,true,false,2024-01-15,,20000,20000,50000,0.75,,,,,,,64
The Catholic University of America,,,,Medium,Private,,,0.65,,1250,,,27,,,50000,13000,0.78,0.85,6000,,,,,,,Urban,true,false,2024-01-15,,20000,20000,50000,0.75,,,,,,,54
The Chicago School of Professional Psychology,,,,Small,Private For-Profit,,,0.5,,1100,,,25,,,25000,12000,0.7,0.8,3000,,,,,,,Urban,true,false,Rolling,,20000,20000,25000,0.8,,,,,,,54
The College of Insurance,,,,Small,Private,,,0.5,,1200,,,25,,,30000,12000,0.7,0.8,1000,,,,,,,Urban,true,false,2024-01-01,,20000,20000,30000,0.7,,,,,,,52
The College of New Jersey,,,,Medium,Public,,,0.4,,1300,,,28,,,32000,14000,0.85,0.9,7000,,,,,,,Suburban,true,false,2024-01-01,,8000,8000,32000,0.6,,,,,,,64
The College of Santa Fe,,,,Small,Private,,,0.5,,1150,,,24,,,20000,12000,0.65,0.75,800,,,,,,,Urban,true,false,2024-01-15,,20000,20000,20000,0.75,,,,,,,49
The College of St. Scholastica,,,,Small,Private,,,0.6,,1150,,,24,,,32000,12000,0.7,0.8,3000,,,,,,,Suburban,true,false,2024-01-15,,20000,20000,32000,0.75,,,,,,,50
The College of Westchester,,,,Small,Private For-Profit,,,0.7,,1100,,,25,,,20000,12000,0.6,0.7,1000,,,,,,,Suburban,true,false,Rolling,,15000,15000,20000,0.7,,,,,,,43
The College of Wooster,,,,Small,Private,,,0.4,,1300,,,28,,,60000,14000,0.85,0.88,2000,,,,,,,Suburban,true,false,2024-01-15,,25000,25000,60000,0.7,,,,,,,61
The Cooper Union for the Advancement of Science and Art,,,,Small,Private,,,0.1,,1450,,,32,,,50000,15000,0.85,0.95,1000,,,,,,,Urban,true,false,2024-01-01,,20000,20000,50000,0.8,,,,,,,75
The Corcoran College of Art,,,,Small,Private,,,0.5,,1250,,,27,,,45000,12000,0.7,0.8,1000,,,,,,,Urban,true,false,2024-01-15,,20000,20000,45000,0.75,,,,,,,53
The Curtis Institute of Music,,,,Small,Private,,,0.1,,1450,,,32,,,50000,15000,0.9,0.95,300,,,,,,,Urban,true,false,2024-01-01,,20000,20000,50000,0.8,,,,,,,75
The Defiance College,,,,Small,Private,,,0.6,,1100,,,24,,,32000,12000,0.6,0.7,900,,,,,,,Rural,true,false,2024-01-15,,15000,15000,32000,0.7,,,,,,,45
The Dickinson School of Law,,,,Small,Private,,,0.4,,1400,,,32,,,50000,15000,0.85,0.9,600,,,,,,,Suburban,true,false,2024-01-15,,20000,20000,50000,0.75,,,,,,,62
The Illinois Institute of Art-Chicago,,,,Small,Private For-Profit,,,0.7,,1100,,,24,,,20000,12000,0.6,0.7,1500,,,,,,,Urban,true,false,Rolling,,15000,15000,20000,0.7,,,,,,,43
The Johns Hopkins University,,,,Medium,Private,,,0.1,,1480,,,33,,,58000,15000,0.93,0.95,15000,,,,,,,Urban,true,false,2024-01-02,,20000,20000,58000,0.7,,,,,,,81
The Juilliard School,,,,Small,Private,,,0.1,,1450,,,32,,,52000,15000,0.9,0.95,800,,,,,,,Urban,true,false,2024-01-01,,25000,25000,52000,0.85,,,,,,,76
The Leadership Institute of Seattle,,,,Small,Private,,,0.5,,1200,,,25,,,20000,12000,0.7,0.8,1000,,,,,,,Urban,true,false,2024-01-15,,15000,15000,20000,0.7,,,,,,,52
"The Maryland Institute, College of Art",,,,Small,Private,,,0.35,,1300,,,28,,,55000,13000,0.75,0.85,2000,,,,,,,Urban,true,false,2024-01-15,,25000,25000,55000,0.75,,,,,,,61
The Master's College,,,,Small,Private,,,0.5,,1200,,,25,,,30000,12000,0.7,0.8,1200,,,,,,,Suburban,true,false,2024-01-15,,20000,20000,30000,0.8,,,,,,,52
The McGregor School of Antioch University,,,,Small,Private,,,0.5,,1200,,,25,,,20000,12000,0.7,0.8,3000,,,,,,,Rural,true,false,2024-01-01,,20000,20000,20000,0.7,,,,,,,54
The Naropa Institute,,,,Small,Private,,,0.5,,1200,,,25,,,30000,12000,0.7,0.8,1000,,,,,,,Urban,true,false,2024-01-15,,20000,20000,30000,0.7,,,,,,,52
The New School,,,,Medium,Private,,,0.4,,1350,,,30,,,50000,15000,0.85,0.85,10000,,,,,,,Urban,true,false,2024-01-15,,20000,20000,50000,0.75,,,,,,,65
The Rockefeller University,,,,Small,Private,,,0.1,,1450,,,32,,,55000,15000,0.9,0.95,2000,,,,,,,Urban,true,false,2024-01-01,,20000,20000,55000,0.8,,,,,,,77
The School of the Art Institute of Chicago,,,,Small,Private,,,0.5,,1300,,,28,,,50000,15000,0.85,0.9,3000,,,,,,,Urban,true,false,2024-01-01,,20000,20000,50000,0.7,,,,,,,59
The Scripps Research Institute,,,,Small,Private,,,0.15,,1450,,,32,,,55000,15000,0.9,0.95,3000,,,,,,,Suburban,true,false,2024-01-15,,20000,20000,55000,0.75,,,,,,,78
The Southern Christian University,,,,Small,Private,,,0.6,,1150,,,24,,,20000,12000,0.7,0.75,1500,,,,,,,Suburban,true,false,2024-01-15,,20000,20000,20000,0.8,,,,,,,48
The Tulane University of New Orleans,,,,Medium,Private,,,0.15,,1440,,,32,,,60000,15000,0.85,0.93,13000,,,,,,,Urban,true,false,2024-01-15,,25000,25000,60000,0.75,,,,,,,79
The Union Institute,,,,Small,Private,,,0.65,,1100,,,24,,,20000,12000,0.65,0.75,1000,,,,,,,Urban,true,false,Rolling,,15000,15000,20000,0.7,,,,,,,45
Thiel College,,,,Small,Private,,,0.6,,1100,,,24,,,34000,12000,0.6,0.7,800,,,,,,,Rural,true,false,2024-01-15,,20000,20000,34000,0.7,,,,,,,45
Thomas A. Edison State College,,,,Medium,Public,,,0.6,,1100,,,25,,,24000,12000,0.5,0.7,7000,,,,,,,Urban,true,false,2024-01-15,,8000,8000,24000,0.6,,,,,,,48
Thomas Aquinas College,,,,Small,Private,,,0.2,,1350,,,30,,,30000,12000,0.85,0.9,400,,,,,,,Rural,true,false,2024-01-15,,20000,20000,30000,0.75,,,,,,,67
Thomas College Maine,,,,Small,Private,,,0.6,,1100,,,25,,,20000,12000,0.65,0.75,800,,,,,,,Suburban,true,false,2024-01-15,,15000,15000,20000,0.7,,,,,,,47
Thomas Jefferson University,,,,Medium,Private,,,0.55,,1250,,,27,,,35000,14000,0.7,0.85,8000,,,,,,,Urban,true,false,2024-01-15,,20000,20000,35000,0.75,,,,,,,56
Thomas More College,,,,Small,Private,,,0.6,,1150,,,24,,,30000,12000,0.65,0.75,1500,,,,,,,Suburban,true,false,2024-01-15,,15000,15000,30000,0.7,,,,,,,47
Thomas More College of Liberal Arts,,,,Small,Private,,,0.5,,1200,,,25,,,30000,12000,0.7,0.8,500,,,,,,,Suburban,true,false,2024-01-15,,20000,20000,30000,0.75,,,,,,,51
Thomas University,,,,Small,Private,4,,0.46,,1100,,,25,,,19087,10230,0.29,0.36,1000,12,24,,,,,Rural,false,false,Not available,,10000,19,19087,0.7,,,,,,,27
Thunderbird School of Global Management,,,,Small,Private,,,0.3,,1300,,,28,,,45000,12000,0.85,0.9,1000,,,,,,,Suburban,true,false,2024-01-15,,20000,20000,45000,0.8,,,,,,,63
Tiffin University,,,,Small,Private,4,,0.8,900,1005,1110,15,18,22,,24516,23905,0.43,0.6,79,21,66,,,,,"$24,516",false,false,Not available,,23905,25,24516,0.79,,,,,,,32
Toccoa Falls College,,,,Small,Private,,,0.6,,1100,,,25,,,20000,12000,0.6,0.7,800,,,,,,,Rural,true,false,Rolling,,15000,15000,20000,0.7,,,,,,,46
Tomball College,,,,Small,Public,,,0.7,,1100,,,25,,,15000,12000,0.5,0.7,2000,,,,,,,Suburban,true,false,Rolling,,7000,7000,15000,0.6,,,,,,,43
Tougaloo College,,,,Small,Private,,,0.5,,1100,,,24,,,12000,12000,0.6,0.7,800,,,,,,,Suburban,true,false,2024-01-15,,10000,10000,12000,0.7,,,,,,,48
Touro College,,,,Medium,Private,,,0.5,,1150,,,24,,,20000,12000,0.65,0.75,10000,,,,,,,Urban,true,false,2024-01-01,,20000,20000,20000,0.75,,,,,,,53
Touro University,,,,Small,Private,,,0.5,,1200,,,25,,,20000,12000,0.7,0.8,3000,,,,,,,Suburban,true,false,2024-01-15,,15000,15000,20000,0.7,,,,,,,54
Towson University,,,,Large,Public,,,0.6,,1200,,,25,,,25000,13000,0.68,0.85,22000,,,,,,,Suburban,true,false,2024-01-15,,8000,8000,25000,0.6,,,,,,,52
Transylvania University,,,,Small,Private,,,0.5,,1200,,,25,,,40000,13000,0.7,0.8,1000,,,,,,,Urban,true,false,2024-01-15,,20000,20000,40000,0.7,,,,,,,52
Trevecca Nazarene University,,,,Small,Private,,,0.5,,1150,,,24,,,21000,12000,0.6,0.7,2500,,,,,,,Urban,true,false,2024-01-15,,15000,15000,21000,0.7,,,,,,,50
Tri-College University,,,,Medium,Public,,,0.6,,1200,,,25,,,22000,12000,0.6,0.75,7000,,,,,,,Urban,true,false,2024-01-15,,8000,8000,22000,0.6,,,,,,,50
Tri-State University,,,,Small,Private,,,0.6,,1100,,,25,,,20000,12000,0.6,0.7,1500,,,,,,,Rural,true,false,2024-01-15,,10000,10000,20000,0.7,,,,,,,47
Trident University,,,,Medium,Private For-Profit,,,0.7,,1100,,,24,,,15000,12000,0.6,0.7,5000,,,,,,,Suburban,true,false,Rolling,,8000,8000,15000,0.6,,,,,,,46
Trinity Bible College,,,,Small,Private,,,0.6,,1100,,,25,,,20000,12000,0.7,0.75,500,,,,,,,Rural,true,false,2024-08-01,,15000,15000,20000,0.8,,,,,,,48
Trinity Christian College,,,,Small,Private,4,,0.71,450,500,550,20,24,29,,17218,12580,0.64,0.76,783,11,62,,,,,Suburban,false,false,September 6,,32208,17,17218,0.6,,,,,,,47
Trinity College Connecticut,,,,Small,Private,,,0.35,,1350,,,30,,,60000,15000,0.87,0.88,2500,,,,,,,Urban,true,false,2024-01-15,,25000,25000,60000,0.75,,,,,,,65
Trinity College of Florida,,,,Small,Private,,,0.5,,1100,,,25,,,20000,12000,0.6,0.7,300,,,,,,,Suburban,true,false,2024-08-01,,15000,15000,20000,0.8,,,,,,,48
Trinity College of Vermont,,,,Small,Private,,,0.5,,1200,,,25,,,40000,12000,0.7,0.8,600,,,,,,,Urban,true,false,2024-01-15,,20000,20000,40000,0.75,,,,,,,51
Trinity International University,,,,Small,Private,,,0.5,,1200,,,25,,,30000,12000,0.7,0.75,1500,,,,,,,Suburban,true,false,2024-01-15,,20000,20000,30000,0.8,,,,,,,52
"Trinity International University (Excel), Miami",,,,Small,Private,,,0.5,,1200,,,25,,,20000,12000,0.7,0.8,1000,,,,,,,Urban,true,false,2024-01-15,,20000,20000,20000,0.75,,,,,,,52
Trinity University,,,,Small,Private,,,0.5,,1200,,,25,,,20000,13000,0.7,0.8,3000,,,,,,,Urban,true,false,2024-01-01,,25000,25000,20000,0.75,,,,,,,54
Trinity University,,,,Small,Private,,,0.3,,1350,,,30,,,48000,13000,0.85,0.9,2500,,,,,,,Urban,true,false,2024-01-15,,20000,20000,48000,0.7,,,,,,,66
Triton College,,,,Medium,Public,,,0.7,,1050,,,21,,,16000,12000,0.5,0.7,8000,,,,,,,Suburban,true,false,Rolling,,7000,7000,16000,0.6,,,,,,,42
Troy University,,,,Medium,Public,,,0.6,,1100,,,25,,,20000,12000,0.5,0.7,15000,,,,,,,Suburban,true,false,2024-08-01,,8000,8000,20000,0.6,,,,,,,49
"Troy University, Dothan",,,,Medium,Public,,,0.6,,1100,,,25,,,19000,12000,0.5,0.7,5000,,,,,,,Suburban,true,false,2024-08-01,,8000,8000,19000,0.6,,,,,,,48
"Troy University, Montgomery",,,,Medium,Public,,,0.6,,1100,,,24,,,20000,12000,0.5,0.7,8000,,,,,,,Urban,true,false,2024-06-01,,8000,8000,20000,0.6,,,,,,,47
"Troy University, Phenix City",,,,Medium,Public,,,0.6,,1100,,,25,,,18000,12000,0.5,0.7,5000,,,,,,,Suburban,true,false,2024-08-01,,8000,8000,18000,0.6,,,,,,,48
"Troy University, Troy",,,,Large,Public,,,0.6,,1100,,,25,,,20000,12000,0.54,0.75,17000,,,,,,,Rural,true,false,2024-08-01,,8000,8000,20000,0.6,,,,,,,50
Truman College,,,,Medium,Public,,,0.6,,1100,,,25,,,20000,12000,0.6,0.7,5000,,,,,,,Urban,true,false,2024-01-15,,8000,8000,20000,0.6,,,,,,,49
Truman State University,,,,Medium,Public,,,0.6,,1230,,,27,,,16000,12000,0.7,0.8,6000,,,,,,,Rural,true,false,2024-01-01,,8000,8000,16000,0.6,,,,,,,53
Tufts University,,,,Medium,Private,,,0.14,,1480,,,33,,,61000,15000,0.92,0.96,12000,,,,,,,Suburban,true,false,2024-01-01,,30000,30000,61000,0.75,,,,,,,81
Tui Online University,,,,Medium,Private For-Profit,,,0.7,,1100,,,25,,,12000,12000,0.6,0.7,15000,,,,,,,Urban,true,false,Rolling,,8000,8000,12000,0.6,,,,,,,47
Tusculum College,,,,Small,Private,,,0.6,,1100,,,25,,,20000,12000,0.6,0.7,1000,,,,,,,Rural,true,false,2024-01-15,,15000,15000,20000,0.7,,,,,,,46
Tuskegee University,,,,Small,Public,,,0.5,,1100,,,24,,,20000,12000,0.6,0.7,3000,,,,,,,Rural,true,false,2024-01-15,,8000,8000,20000,0.6,,,,,,,50
Uniformed Services Universty of the Health Sciences,,,,Small,Public,,,0.2,,1400,,,32,,,30000,12000,0.85,0.9,1000,,,,,,,Suburban,false,false,2024-01-15,,10000,10000,30000,0.6,,,,,,,69
Union College,,,,Small,Private,,,0.3,,1350,,,30,,,60000,14000,0.85,0.9,2300,,,,,,,Suburban,true,false,2024-01-15,,25000,25000,60000,0.7,,,,,,,66
Union College Kentucky,,,,Small,Private,,,0.6,,1100,,,25,,,20000,12000,0.6,0.7,800,,,,,,,Rural,true,false,2024-08-01,,10000,10000,20000,0.7,,,,,,,46
Union College Nebraska,,,,Small,Private,,,0.5,,1150,,,24,,,29000,12000,0.7,0.8,800,,,,,,,Suburban,true,false,2024-01-15,,20000,20000,29000,0.7,,,,,,,51
Union Theological Seminary (UTS),,,,Small,Private,,,0.4,,1300,,,28,,,30000,15000,0.85,0.9,500,,,,,,,Urban,true,false,2024-01-15,,20000,20000,30000,0.8,,,,,,,60
Union University,,,,Small,Private,,,0.5,,1200,,,25,,,30000,12000,0.7,0.8,3000,,,,,,,Suburban,true,false,2024-01-15,,20000,20000,30000,0.7,,,,,,,54
United States Air Force Academy,,,,Small,Public,,,0.12,,1350,,,30,,,0,12000,0.85,0.95,4000,,,,,,,Suburban,false,false,2024-01-01,,10000,10000,0,0.6,,,,,,,76
United States Coast Guard Academy,,,,Small,Public,,,0.2,,1350,,,30,,,0,14000,0.85,0.95,1000,,,,,,,Suburban,false,false,2024-01-15,,10000,10000,0,0.6,,,,,,,68
United States International University,,,,Medium,Private,,,0.5,,1200,,,25,,,25000,12000,0.7,0.8,5000,,,,,,,Urban,true,false,2024-01-15,,20000,20000,25000,0.7,,,,,,,55
United States Merchant Marine Academy,,,,Small,Public,,,0.2,,1300,,,28,,,0,15000,0.85,0.95,1000,,,,,,,Rural,false,false,2024-01-15,,10000,10000,0,0.6,,,,,,,67
United States Military Academy,,,,Small,Public,,,0.1,,1400,,,32,,,0,15000,0.9,0.95,4400,,,,,,,Rural,false,false,2024-01-15,,10000,10000,0,0.6,,,,,,,78
United States Naval Academy,,,,Small,Public,,,0.08,,1400,,,32,,,0,15000,0.93,0.95,4500,,,,,,,Suburban,false,false,2024-01-31,,10000,10000,0,0.6,,,,,,,79
United States Sports Academy,,,,Small,Private For-Profit,,,0.7,,1100,,,24,,,15000,12000,0.5,0.7,1000,,,,,,,Suburban,true,false,Rolling,,8000,8000,15000,0.6,,,,,,,41
Unity College,,,,Small,Private,,,0.6,,1100,,,25,,,35000,13000,0.6,0.7,700,,,,,,,Rural,true,false,2024-01-15,,20000,20000,35000,0.8,,,,,,,46
University of Advancing Technology (UAT),,,,Small,Private For-Profit,,,0.7,,1100,,,25,,,20000,12000,0.6,0.7,1000,,,,,,,Suburban,true,false,Rolling,,15000,15000,20000,0.7,,,,,,,43
University of Akron,,,,Large,Public,,,0.6,,1150,,,24,,,22000,13000,0.5,0.7,25000,,,,,,,Urban,true,false,2024-01-15,,8000,8000,22000,0.6,,,,,,,47
University of Alabama - Birmingham,,,,Large,Public,,,0.6,,1230,,,26,,,22000,13000,0.6,0.8,22000,,,,,,,Urban,true,false,2024-01-15,,8000,8000,22000,0.6,,,,,,,51
University of Alabama - Huntsville,,,,Medium,Public,,,0.6,,1250,,,27,,,25000,12000,0.6,0.8,10000,,,,,,,Suburban,true,false,2024-01-15,,8000,8000,25000,0.6,,,,,,,52
University of Alabama - Tuscaloosa,,,,Large,Public,,,0.6,,1230,,,27,,,30000,12000,0.68,0.87,38000,,,,,,,Suburban,true,false,2024-01-15,,8000,8000,30000,0.65,,,,,,,53
University of Alanta,,,,Large,Public,,,0.5,,1200,,,25,,,30000,12000,0.6,0.75,20000,,,,,,,Urban,true,false,2024-01-01,,8000,8000,30000,0.6,,,,,,,53
University of Alaska (System),,,,Medium,Public,,,0.6,,1100,,,25,,,24000,12000,0.55,0.75,12000,,,,,,,Rural,true,false,2024-01-15,,8000,8000,24000,0.65,,,,,,,50
University of Alaska - Anchorage,,,,Medium,Public,,,0.6,,1100,,,25,,,24000,12000,0.5,0.7,8000,,,,,,,Urban,true,false,2024-08-01,,8000,8000,24000,0.6,,,,,,,48
University of Alaska - Fairbanks,,,,Medium,Public,,,0.6,,1100,,,25,,,27000,12000,0.6,0.7,7000,,,,,,,Rural,true,false,2024-01-15,,8000,8000,27000,0.6,,,,,,,50
University of Alaska - Southeast,,,,Small,Public,,,0.6,,1100,,,25,,,24000,12000,0.5,0.7,1500,,,,,,,Urban,true,false,2024-01-15,,8000,8000,24000,0.6,,,,,,,45
University of Arizona,,,,Large,Public,,,0.85,,1230,,,26,,,36000,13000,0.67,0.85,46000,,,,,,,Urban,true,false,2024-01-15,,8000,8000,36000,0.65,,,,,,,44
University of Arkansas (System),,,,Large,Public,,,0.65,,1200,,,25,,,24000,12000,0.65,0.8,20000,,,,,,,Urban,true,false,2024-01-15,,8000,8000,24000,0.65,,,,,,,50
University of Arkansas at Fayetteville,,,,Large,Public,,,0.65,,1280,,,28,,,26000,12000,0.66,0.87,29000,,,,,,,Suburban,true,false,2024-01-15,,8000,8000,26000,0.65,,,,,,,52
University of Arkansas at Little Rock,,,,Medium,Public,,,0.65,,1100,,,24,,,22000,12000,0.55,0.75,11000,,,,,,,Urban,true,false,2024-01-15,,8000,8000,22000,0.65,,,,,,,47
University of Arkansas at Monticello,,,,Small,Public,,,0.7,,1050,,,21,,,16000,12000,0.5,0.7,2500,,,,,,,Rural,true,false,2024-08-01,,7000,7000,16000,0.6,,,,,,,40
University of Arkansas at Pine Bluff,,,,Small,Public,,,0.6,,1050,,,21,,,18000,12000,0.5,0.7,3500,,,,,,,Rural,true,false,2024-08-01,,8000,8000,18000,0.6,,,,,,,44
University of Arkansas for Medical Sciences,,,,Medium,Public,,,0.5,,1250,,,27,,,25000,12000,0.6,0.8,5000,,,,,,,Urban,false,false,2024-01-15,,8000,8000,25000,0.6,,,,,,,55
University of Baltimore,,,,Medium,Public,,,0.6,,1150,,,24,,,25000,13000,0.5,0.7,6000,,,,,,,Urban,true,false,2024-01-15,,8000,8000,25000,0.6,,,,,,,47
University of Bridgeport,,,,Medium,Private,,,0.6,,1100,,,25,,,30000,13000,0.5,0.7,5000,,,,,,,Urban,true,false,2024-01-15,,10000,10000,30000,0.7,,,,,,,48
University of California System,,,,Large,Public,,,0.2,,1400,,,32,,,45000,15000,0.85,0.95,250000,,,,,,,Urban,true,false,2024-01-01,,10000,10000,45000,0.6,,,,,,,72
"University of California, Berkeley",,,,Large,Public,,,0.14,,1400,,,32,,,45000,15000,0.92,0.95,42000,,,,,,,Urban,true,false,2024-01-01,,10000,10000,45000,0.55,,,,,,,79
"University of California, Davis",,,,Large,Public,,,0.4,,1350,,,30,,,45000,14000,0.86,0.93,38000,,,,,,,Suburban,true,false,2024-11-30,,10000,10000,45000,0.6,,,,,,,64
"University of California, Hastings College of Law",,,,Small,Public,,,0.35,,1400,,,32,,,45000,15000,0.85,0.9,1000,,,,,,,Urban,true,false,2024-01-15,,10000,10000,45000,0.7,,,,,,,64
"University of California, Irvine",,,,Large,Public,,,0.2,,1400,,,32,,,45000,15000,0.87,0.92,32000,,,,,,,Suburban,true,false,2024-01-01,,10000,10000,45000,0.6,,,,,,,72
"University of California, Los Angeles",,,,Large,Public,,,0.14,,1390,,,32,,,45000,15000,0.91,0.95,45000,,,,,,,Urban,true,false,2024-11-30,,10000,10000,45000,0.57,,,,,,,79
"University of California, Merced",,,,Medium,Public,,,0.5,,1200,,,25,,,40000,15000,0.6,0.8,8000,,,,,,,Suburban,true,false,2024-01-15,,8000,8000,40000,0.6,,,,,,,54
"University of California, Oakland",,,,Large,Public,,,0.4,,1350,,,30,,,45000,14000,0.65,0.85,30000,,,,,,,Urban,true,false,2024-01-01,,8000,8000,45000,0.6,,,,,,,61
"University of California, Riverside",,,,Large,Public,,,0.54,,1260,,,27,,,45000,15000,0.69,0.85,23000,,,,,,,Suburban,true,false,2024-11-30,,8000,8000,45000,0.62,,,,,,,56
"University of California, San Diego",,,,Large,Public,,,0.25,,1400,,,32,,,45000,15000,0.87,0.93,38000,,,,,,,Suburban,true,false,2024-01-01,,8000,8000,45000,0.55,,,,,,,70
"University of California, San Francisco",,,,Large,Public,,,0.15,,1400,,,32,,,45000,15000,0.85,0.95,30000,,,,,,,Urban,true,false,2024-01-01,,10000,10000,45000,0.6,,,,,,,78
"University of California, Santa Barbara",,,,Large,Public,,,0.26,,1360,,,30,,,45000,15000,0.87,0.93,25000,,,,,,,Suburban,true,false,2024-01-01,,10000,10000,45000,0.58,,,,,,,70
"University of California, Santa Cruz",,,,Large,Public,,,0.5,,1320,,,28,,,60000,15000,0.82,0.88,19000,,,,,,,Suburban,true,false,2024-01-01,,10000,10000,60000,0.6,,,,,,,60
University of Central Arkansas,,,,Medium,Public,,,0.6,,1100,,,25,,,22000,12000,0.6,0.75,11000,,,,,,,Suburban,true,false,2024-01-15,,8000,8000,22000,0.6,,,,,,,50
University of Central Florida,,,,Large,Public,,,0.45,,1280,,,27,,,22000,13000,0.68,0.87,68000,,,,,,,Urban,true,false,2024-01-15,,8000,8000,22000,0.65,,,,,,,57
University of Central Missouri,,,,Medium,Public,,,0.6,,1100,,,24,,,18000,12000,0.6,0.75,12000,,,,,,,Suburban,true,false,2024-01-15,,8000,8000,18000,0.6,,,,,,,50
University of Central Oklahoma,,,,Medium,Public,,,0.7,,1100,,,24,,,22000,12000,0.6,0.75,15000,,,,,,,Suburban,true,false,2024-08-01,,8000,8000,22000,0.6,,,,,,,47
University of Central Texas,,,,Medium,Public,,,0.6,,1150,,,24,,,30000,12000,0.6,0.75,8000,,,,,,,Suburban,true,false,2024-01-15,,8000,8000,30000,0.65,,,,,,,49
University of Charleston,,,,Small,Private,,,0.6,,1100,,,25,,,20000,12000,0.6,0.75,2000,,,,,,,Urban,true,false,2024-01-15,,10000,10000,20000,0.7,,,,,,,48
University of Charleston South Carolina,,,,Medium,Public,,,0.6,,1200,,,25,,,36000,13000,0.65,0.78,8000,,,,,,,Urban,true,false,2024-01-15,,8000,8000,36000,0.65,,,,,,,51
University of Chicago,,,,Medium,Private,,,0.07,,1500,,,34,,,62000,16000,0.93,0.98,15000,,,,,,,Urban,true,false,2024-01-02,,20000,20000,62000,0.7,,,,,,,82
University of Cincinnati,,,,Large,Public,,,0.76,,1230,,,25,,,35000,13000,0.67,0.85,40000,,,,,,,Urban,true,false,2024-01-15,,8000,8000,35000,0.65,,,,,,,47
University of Colorado at Boulder,,,,Large,Public,,,0.6,,1300,,,28,,,38000,14000,0.7,0.85,35000,,,,,,,Urban,true,false,2024-01-15,,8000,8000,38000,0.6,,,,,,,54
University of Colorado at Colorado Springs,,,,Medium,Public,,,0.6,,1200,,,25,,,30000,12000,0.6,0.75,12000,,,,,,,Suburban,true,false,2024-01-15,,8000,8000,30000,0.6,,,,,,,50
University of Colorado at Denver,,,,Medium,Public,,,0.65,,1200,,,25,,,30000,13000,0.62,0.78,15000,,,,,,,Urban,true,false,2024-01-15,,8000,8000,30000,0.55,,,,,,,50
University of Colorado Health Sciences Center,,,,Medium,Public,,,0.5,,1300,,,28,,,36000,14000,0.7,0.85,15000,,,,,,,Urban,true,false,2024-01-01,,8000,8000,36000,0.6,,,,,,,58
University of Connecticut,,,,Large,Public,,,0.49,,1300,,,28,,,40000,15000,0.83,0.9,20000,,,,,,,Suburban,true,false,2024-01-15,,8000,8000,40000,0.63,,,,,,,61
University of Connecticut at Avery Point,,,,Small,Public,,,0.6,,1200,,,25,,,45000,12000,0.65,0.8,2000,,,,,,,Suburban,true,false,2024-01-15,,8000,8000,45000,0.6,,,,,,,49
University of Connecticut at Hartford,,,,Medium,Public,,,0.5,,1200,,,25,,,45000,12000,0.65,0.8,8000,,,,,,,Urban,true,false,2024-01-15,,8000,8000,45000,0.6,,,,,,,54
University of Connecticut at Stamford,,,,Small,Public,,,0.5,,1250,,,27,,,45000,13000,0.65,0.8,4000,,,,,,,Urban,true,false,2024-01-15,,8000,8000,45000,0.6,,,,,,,54
University of Connecticut at Waterbury,,,,Small,Public,,,0.5,,1200,,,25,,,45000,12000,0.6,0.75,3000,,,,,,,Urban,true,false,2024-01-01,,8000,8000,45000,0.6,,,,,,,52
University of Connecticut Health Center,,,,Small,Public,,,0.4,,1300,,,28,,,45000,13000,0.7,0.85,3000,,,,,,,Suburban,false,false,2024-01-01,,8000,8000,45000,0.6,,,,,,,59
University of Dallas,,,,Small,Private,,,0.5,,1230,,,27,,,40000,13000,0.7,0.8,3000,,,,,,,Suburban,true,false,2024-01-15,,20000,20000,40000,0.7,,,,,,,55
University of Dayton,,,,Medium,Private,,,0.73,,1230,,,27,,,45000,13000,0.76,0.85,8000,,,,,,,Urban,true,false,2024-01-15,,20000,20000,45000,0.85,,,,,,,51
University of Delaware,,,,Large,Public,,,0.65,,1300,,,28,,,35000,13000,0.85,0.9,23000,,,,,,,Suburban,true,false,2024-01-15,,8000,8000,35000,0.65,,,,,,,56
University of Denver,,,,Medium,Private,,,0.5,,1250,,,27,,,55000,13000,0.76,0.87,12000,,,,,,,Urban,true,false,2024-01-15,,20000,20000,55000,0.75,,,,,,,58
University of Detroit Mercy,,,,Medium,Private,,,0.5,,1150,,,24,,,32000,12000,0.67,0.75,7000,,,,,,,Urban,true,false,2024-01-15,,15000,15000,32000,0.7,,,,,,,53
University of Dubuque,,,,Small,Private,,,0.6,,1100,,,25,,,30000,12000,0.65,0.75,2000,,,,,,,Urban,true,false,2024-01-01,,15000,15000,30000,0.7,,,,,,,48
University of Evansville,,,,Small,Private,,,0.6,,1150,,,24,,,35000,12000,0.6,0.75,2500,,,,,,,Urban,true,false,2024-01-15,,15000,15000,35000,0.7,,,,,,,47
University of Findlay,,,,Small,Private,,,0.6,,1150,,,24,,,30000,12000,0.6,0.75,4000,,,,,,,Suburban,true,false,2024-01-15,,10000,10000,30000,0.7,,,,,,,48
University of Florida,,,,Large,Public,,,0.36,,1360,,,30,,,28000,13000,0.87,0.94,52000,,,,,,,Suburban,true,false,2024-11-01,,8000,8000,28000,0.65,,,,,,,66
University of Georgia,,,,Large,Public,,,0.4,,1350,,,30,,,30000,13000,0.85,0.93,38000,,,,,,,Suburban,true,false,2024-01-01,,8000,8000,30000,0.6,,,,,,,64
University of Great Falls,,,,Small,Private,,,0.5,,1100,,,25,,,20000,12000,0.6,0.7,1000,,,,,,,Urban,true,false,2024-08-01,,10000,10000,20000,0.7,,,,,,,49
University of Hartford,,,,Medium,Private,,,0.55,,1200,,,25,,,40000,13000,0.65,0.75,5000,,,,,,,Urban,true,false,2024-01-15,,15000,15000,40000,0.7,,,,,,,52
University of Hawaii - Hilo,,,,Small,Public,,,0.6,,1100,,,25,,,30000,13000,0.5,0.7,3500,,,,,,,Suburban,true,false,2024-01-15,,8000,8000,30000,0.6,,,,,,,47
University of Hawaii - Manoa,,,,Large,Public,,,0.55,,1230,,,25,,,36000,15000,0.63,0.85,20000,,,,,,,Urban,true,false,2024-01-05,,8000,8000,36000,0.65,,,,,,,53
University Of Hawaii - System,,,,Large,Public,,,0.6,,1150,,,24,,,30000,15000,0.6,0.75,20000,,,,,,,Urban,true,false,2024-01-15,,8000,8000,30000,0.65,,,,,,,50
University of Hawaii - West Oahu,,,,Small,Public,,,0.6,,1100,,,25,,,24000,12000,0.5,0.7,3000,,,,,,,Suburban,true,false,2024-05-01,,8000,8000,24000,0.6,,,,,,,47
University of Health Sciences,,,,Medium,Public,,,0.5,,1200,,,25,,,25000,12000,0.65,0.8,8000,,,,,,,Suburban,true,false,2024-01-15,,8000,8000,25000,0.6,,,,,,,54
University of Houston,,,,Large,Public,,,0.6,,1200,,,25,,,32000,12000,0.6,0.8,46000,,,,,,,Urban,true,false,2024-01-15,,8000,8000,32000,0.6,,,,,,,50
"University of Houston, Clear Lake",,,,Medium,Public,,,0.6,,1150,,,24,,,25000,12000,0.55,0.75,8000,,,,,,,Suburban,true,false,2024-01-15,,8000,8000,25000,0.6,,,,,,,49
"University of Houston, Downtown",,,,Medium,Public,,,0.5,,1100,,,24,,,23000,12000,0.55,0.75,15000,,,,,,,Urban,true,false,2024-01-15,,8000,8000,23000,0.6,,,,,,,52
"University of Houston, Victoria",,,,Small,Public,,,0.6,,1100,,,25,,,21000,12000,0.5,0.7,3000,,,,,,,Suburban,true,false,2024-08-01,,8000,8000,21000,0.6,,,,,,,47
University of Idaho,,,,Medium,Public,,,0.7,,1150,,,24,,,26000,12000,0.6,0.8,12000,,,,,,,Rural,true,false,2024-01-15,,8000,8000,26000,0.6,,,,,,,47
University of Illinois,,,,Large,Public,,,0.62,,1320,,,29,,,35000,12000,0.84,0.92,48000,,,,,,,Urban,true,false,2024-01-05,,8000,8000,35000,0.65,,,,,,,57
University of Illinois at Chicago,,,,Large,Public,,,0.65,,1200,,,25,,,30000,12000,0.67,0.85,29000,,,,,,,Urban,true,false,2024-01-15,,8000,8000,30000,0.65,,,,,,,50
University of Illinois at Springfield,,,,Small,Public,,,0.6,,1100,,,25,,,26000,12000,0.6,0.75,4000,,,,,,,Urban,true,false,2024-01-15,,8000,8000,26000,0.6,,,,,,,49
University of Illinois at Urbana-Champaign,,,,Large,Public,,,0.62,,1400,,,32,,,50000,13000,0.84,0.93,49000,,,,,,,Urban,true,false,2024-01-05,,8000,8000,50000,0.65,,,,,,,59
University of Indianapolis,,,,Medium,Private,,,0.6,,1150,,,24,,,32000,12000,0.6,0.75,5000,,,,,,,Urban,true,false,2024-01-15,,15000,15000,32000,0.7,,,,,,,49
University of Iowa,,,,Large,Public,,,0.84,,1300,,,28,,,30000,13000,0.73,0.87,30000,,,,,,,Urban,true,false,2024-01-01,,8000,8000,30000,0.65,,,,,,,48
University of Kansas,,,,Large,Public,,,0.9,,1200,,,25,,,30000,12000,0.6,0.8,26000,,,,,,,Suburban,true,false,2024-01-01,,8000,8000,30000,0.6,,,,,,,41
University of Kentucky,,,,Large,Public,,,0.85,,1230,,,26,,,30000,13000,0.65,0.85,30000,,,,,,,Urban,true,false,2024-01-15,,8000,8000,30000,0.65,,,,,,,45
University of La Verne,,,,Medium,Private,,,0.5,,1200,,,25,,,42000,13000,0.65,0.75,8000,,,,,,,Suburban,true,false,2024-01-15,,15000,15000,42000,0.7,,,,,,,54
University of Louisiana at Lafayette,,,,Large,Public,,,0.6,,1150,,,24,,,23000,12000,0.5,0.75,19000,,,,,,,Urban,true,false,2024-01-15,,8000,8000,23000,0.6,,,,,,,48
University of Louisiana at Monroe,,,,Medium,Public,,,0.6,,1100,,,25,,,22000,12000,0.5,0.7,9000,,,,,,,Urban,true,false,2024-01-15,,8000,8000,22000,0.6,,,,,,,48
University of Louisville,,,,Large,Public,,,0.65,,1200,,,25,,,30000,13000,0.58,0.77,22000,,,,,,,Urban,true,false,2024-01-15,,8000,8000,30000,0.6,,,,,,,49
University of Maine (System),,,,Medium,Public,,,0.6,,1150,,,24,,,29500,13000,0.6,0.8,12000,,,,,,,Rural,true,false,2024-01-15,,8000,8000,29500,0.65,,,,,,,50
"University of Maine, Augusta",,,,Small,Public,,,0.7,,1100,,,25,,,24000,12000,0.5,0.7,3000,,,,,,,Urban,true,false,Rolling,,8000,8000,24000,0.6,,,,,,,44
"University of Maine, Farmington",,,,Small,Public,,,0.6,,1100,,,25,,,21000,12000,0.65,0.75,2000,,,,,,,Rural,true,false,2024-01-15,,8000,8000,21000,0.6,,,,,,,48
"University of Maine, Fort Kent",,,,Small,Public,,,0.7,,1100,,,25,,,24000,12000,0.6,0.75,800,,,,,,,Rural,true,false,2024-08-01,,7000,7000,24000,0.6,,,,,,,43
"University of Maine, Machias",,,,Small,Public,,,0.65,,1100,,,24,,,27000,12000,0.55,0.75,800,,,,,,,Rural,true,false,2024-01-15,,8000,8000,27000,0.65,,,,,,,43
"University of Maine, Orono",,,,Medium,Public,,,0.6,,1150,,,25,,,35000,13000,0.65,0.85,12000,,,,,,,Rural,true,false,2024-01-15,,8000,8000,35000,0.6,,,,,,,52
"University of Maine, Presque Isle",,,,Small,Public,,,0.7,,1050,,,21,,,16000,12000,0.5,0.75,1200,,,,,,,Rural,true,false,Rolling,,7000,7000,16000,0.6,,,,,,,39
University of Management & Technology,,,,Small,Private For-Profit,,,0.7,,1100,,,25,,,15000,12000,0.5,0.7,1000,,,,,,,Urban,true,false,Rolling,,8000,8000,15000,0.6,,,,,,,42
University of Mary,,,,Small,Private,,,0.5,,1150,,,24,,,15000,12000,0.6,0.75,3000,,,,,,,Urban,true,false,2024-08-01,,10000,10000,15000,0.7,,,,,,,51
University of Mary Hardin-Baylor,,,,Small,Private,,,0.5,,1150,,,25,,,32000,12000,0.6,0.8,3500,,,,,,,Suburban,true,false,2024-01-15,,20000,20000,32000,0.7,,,,,,,52
University of Maryland (System),,,,Large,Public,,,0.45,,1300,,,28,,,35000,13000,0.85,0.9,35000,,,,,,,Suburban,true,false,2024-01-01,,10000,10000,35000,0.65,,,,,,,61
University of Maryland at Baltimore,,,,Medium,Public,,,0.55,,1250,,,27,,,30000,12000,0.65,0.85,13000,,,,,,,Urban,true,false,2024-01-01,,8000,8000,30000,0.65,,,,,,,55
University of Maryland at College Park,,,,Large,Public,,,0.45,,1350,,,30,,,35000,13000,0.85,0.92,38000,,,,,,,Suburban,true,false,2024-01-01,,8000,8000,35000,0.65,,,,,,,63
University of Maryland Baltimore County,,,,Medium,Public,,,0.55,,1250,,,27,,,30000,13000,0.66,0.85,13000,,,,,,,Urban,true,false,2024-01-01,,8000,8000,30000,0.65,,,,,,,55
University of Maryland Eastern Shore,,,,Small,Public,,,0.6,,1100,,,25,,,25000,12000,0.5,0.7,4000,,,,,,,Rural,true,false,2024-01-15,,8000,8000,25000,0.6,,,,,,,47
University of Maryland Medicine,,,,Medium,Public,,,0.4,,1300,,,28,,,30000,12000,0.7,0.85,15000,,,,,,,Urban,true,false,2024-01-01,,8000,8000,30000,0.6,,,,,,,61
University of Maryland University College,,,,Large,Public,,,0.7,,1100,,,25,,,20000,12000,0.5,0.7,30000,,,,,,,Suburban,true,false,Rolling,,8000,8000,20000,0.6,,,,,,,45
University of Massachusetts (System),,,,Large,Public,,,0.6,,1300,,,28,,,35000,14000,0.6,0.85,30000,,,,,,,Suburban,true,false,2024-01-01,,8000,8000,35000,0.6,,,,,,,53
University of Massachusetts at Amherst,,,,Large,Public,,,0.55,,1300,,,28,,,35000,14000,0.85,0.9,30000,,,,,,,Suburban,true,false,2024-01-01,,8000,8000,35000,0.65,,,,,,,59
University of Massachusetts at Boston,,,,Medium,Public,,,0.55,,1200,,,25,,,35000,14000,0.63,0.78,14000,,,,,,,Urban,true,false,2024-01-01,,8000,8000,35000,0.65,,,,,,,53
University of Massachusetts at Dartmouth,,,,Medium,Public,,,0.6,,1220,,,25,,,33500,13000,0.65,0.78,8000,,,,,,,Suburban,true,false,2024-01-01,,8000,8000,33500,0.65,,,,,,,51
University of Massachusetts at Lowell,,,,Large,Public,,,0.6,,1200,,,25,,,30000,14000,0.6,0.8,18000,,,,,,,Urban,true,false,2024-01-01,,8000,8000,30000,0.6,,,,,,,51
University of Massachusetts Medical Center at Worcester,,,,Medium,Public,,,0.4,,1300,,,28,,,45000,12000,0.7,0.85,6000,,,,,,,Urban,false,false,2024-01-01,,8000,8000,45000,0.6,,,,,,,61
University of Medicine and Dentistry of New Jersey,,,,Medium,Public,,,0.5,,1300,,,28,,,45000,12000,0.6,0.8,8000,,,,,,,Urban,true,false,2024-01-15,,8000,8000,45000,0.6,,,,,,,56
University of Memphis,,,,Large,Public,,,0.6,,1150,,,24,,,23000,12000,0.55,0.75,21000,,,,,,,Urban,true,false,2024-01-15,,8000,8000,23000,0.6,,,,,,,49
University of Miami,,,,Large,Private,,,0.33,,1400,,,32,,,55000,15000,0.86,0.92,17000,,,,,,,Suburban,true,false,2024-01-01,,20000,20000,55000,0.7,,,,,,,69
University of Michigan - Ann Arbor,,,,Large,Public,,,0.2,,1450,,,32,,,50000,12000,0.93,0.97,46000,,,,,,,Urban,true,false,2024-01-01,,10000,10000,50000,0.65,,,,,,,73
University of Michigan - Dearborn,,,,Medium,Public,,,0.5,,1200,,,25,,,30000,12000,0.6,0.75,8000,,,,,,,Suburban,true,false,2024-01-15,,8000,8000,30000,0.6,,,,,,,53
University of Michigan - Flint,,,,Medium,Public,,,0.5,,1100,,,25,,,30000,13000,0.5,0.7,6000,,,,,,,Urban,true,false,2024-01-15,,8000,8000,30000,0.6,,,,,,,51
University of Minnesota - Crookston,,,,Small,Public,,,0.6,,1100,,,25,,,24000,12000,0.6,0.75,1500,,,,,,,Rural,true,false,2024-01-01,,8000,8000,24000,0.65,,,,,,,47
University of Minnesota - Duluth,,,,Medium,Public,,,0.6,,1200,,,25,,,20000,12000,0.65,0.78,8000,,,,,,,Urban,true,false,2024-01-01,,8000,8000,20000,0.6,,,,,,,51
University of Minnesota - Morris,,,,Small,Public,,,0.6,,1150,,,24,,,20000,12000,0.65,0.8,1200,,,,,,,Rural,true,false,2024-01-01,,8000,8000,20000,0.6,,,,,,,47
University of Minnesota - Twin Cities Campus,,,,Large,Public,,,0.6,,1300,,,28,,,35000,12000,0.7,0.85,50000,,,,,,,Urban,true,false,2024-01-01,,8000,8000,35000,0.6,,,,,,,54
University of Mississippi,,,,Large,Public,,,0.65,,1200,,,25,,,25000,12000,0.68,0.85,21000,,,,,,,Suburban,true,false,2024-01-01,,8000,8000,25000,0.65,,,,,,,51
University of Mississippi Medical Center,,,,Small,Public,,,0.5,,1250,,,27,,,24000,12000,0.6,0.8,3000,,,,,,,Urban,false,false,2024-01-15,,8000,8000,24000,0.6,,,,,,,54
University of Missouri - Columbia,,,,Large,Public,,,0.66,,1280,,,27,,,30000,12000,0.67,0.85,30000,,,,,,,Urban,true,false,2024-01-01,,8000,8000,30000,0.6,,,,,,,51
University of Missouri - Kansas City,,,,Medium,Public,,,0.6,,1200,,,25,,,25000,12000,0.6,0.75,14000,,,,,,,Urban,true,false,2024-01-01,,8000,8000,25000,0.6,,,,,,,51
University of Missouri - Saint Louis,,,,Medium,Public,,,0.6,,1150,,,24,,,25000,12000,0.6,0.75,13000,,,,,,,Urban,true,false,2024-01-01,,8000,8000,25000,0.6,,,,,,,50
University of Mobile,,,,Small,Private,,,0.5,,1100,,,25,,,20000,12000,0.6,0.7,1500,,,,,,,Suburban,true,false,2024-01-15,,15000,15000,20000,0.7,,,,,,,50
University of Montana,,,,Medium,Public,,,0.7,,1200,,,25,,,35000,13000,0.6,0.8,11000,,,,,,,Urban,true,false,2024-01-15,,8000,8000,35000,0.6,,,,,,,48
University of Montana Western,,,,Small,Public,,,0.7,,1100,,,24,,,20000,12000,0.6,0.75,1200,,,,,,,Rural,true,false,2024-01-15,,8000,8000,20000,0.6,,,,,,,43
University of Montevallo,,,,Small,Public,,,0.6,,1100,,,25,,,20000,12000,0.6,0.75,3000,,,,,,,Suburban,true,false,2024-01-15,,8000,8000,20000,0.6,,,,,,,49
University of Nebraska (System),,,,Large,Public,,,0.75,,1250,,,26,,,25000,12000,0.65,0.85,25000,,,,,,,Urban,true,false,2024-01-01,,8000,8000,25000,0.65,,,,,,,48
University of Nebraska - Kearney,,,,Medium,Public,,,0.65,,1100,,,24,,,18000,12000,0.6,0.75,6000,,,,,,,Suburban,true,false,2024-01-15,,8000,8000,18000,0.6,,,,,,,48
University of Nebraska - Lincoln,,,,Large,Public,,,0.75,,1250,,,27,,,25000,12000,0.68,0.85,25000,,,,,,,Urban,true,false,2024-01-15,,8000,8000,25000,0.65,,,,,,,49
University of Nebraska - Omaha,,,,Medium,Public,,,0.7,,1150,,,24,,,20000,12000,0.6,0.75,15000,,,,,,,Urban,true,false,2024-01-15,,8000,8000,20000,0.65,,,,,,,47
University of Nebraska Medical Center,,,,Medium,Public,,,0.4,,1300,,,28,,,30000,12000,0.7,0.85,6000,,,,,,,Urban,true,false,2024-01-15,,8000,8000,30000,0.6,,,,,,,61
University of Nevada - Las Vegas,,,,Large,Public,,,0.75,,1150,,,24,,,22000,13000,0.55,0.8,30000,,,,,,,Urban,true,false,2024-01-15,,8000,8000,22000,0.65,,,,,,,44
University of Nevada - Reno,,,,Large,Public,,,0.75,,1180,,,25,,,28000,12000,0.65,0.8,21000,,,,,,,Urban,true,false,2024-01-15,,8000,8000,28000,0.65,,,,,,,47
University of New England,,,,Small,Private,4,,0.92,,1150,,,24,,,38675,18690,0.63,0.79,2135,11,61,3751,,,,Suburban,false,false,February 15,,31722,39,38675,0.7,,,,,,,25
"University of New England, Westbrook College Campus",,,,Small,Private,,,0.5,,1150,,,24,,,38000,13000,0.7,0.8,2000,,,,,,,Suburban,true,false,2024-01-15,,20000,20000,38000,0.7,,,,,,,52
University of New Hampshire,,,,Medium,Public,4,,0.88,1100,1210,1320,26,28,30,,24762,14320,0.77,0.87,11261,17,134,3918,,,,Suburban,false,false,February 1,,22433,25,24762,0.59,,,,,,,50
University of New Hampshire - Manchester,,,,Small,Public,,,0.6,,1200,,,25,,,35000,12000,0.65,0.75,3000,,,,,,,Urban,true,false,2024-01-15,,8000,8000,35000,0.6,,,,,,,49
University of New Haven,,,,Small,Private,4,,0.6,1065,1162,1260,23,26,28,,34201,19538,0.59,0.77,4841,16,109,3663,,,,Suburban,false,false,Not available,,35564,34,34201,0.74,,,,,,,52
University of New Mexico,,,,Large,Public,4,,0.79,900,1030,1160,19,22,26,,7528,12026,0.52,0.75,17562,15,147,4845,,,,Urban,false,false,Not available,,15498,8,7528,0.59,,,,,,,44
University of New Orleans,,,,Medium,Public,4,,0.56,1020,1125,1230,20,22,25,,11190,12230,0.43,0.68,5798,18,74,,,,,Urban,false,false,Not available,,8000,11,11190,0.6,,,,,,,48
University Of North Alabama,,,,Small,Public,4,,0.71,960,1088,1215,19,22,26,,10441,15573,0.54,0.8,54,17,75,,,,,"$10,441",false,false,Not available,,15573,10,10441,0.54,,,,,,,42
University of North America,,,,Small,Private For-Profit,,,0.6,,1100,,,25,,,20000,12000,0.6,0.7,1500,,,,,,,Urban,true,false,Rolling,,10000,10000,20000,0.6,,,,,,,47
University of North Carolina at Asheville,,,,Small,Public,4,,0.92,1180,1255,1330,23,26,29,,14175,11398,0.55,0.72,2909,13,34,5013,,,,Urban,false,false,August 1,,12419,14,14175,0.54,,,,,,,42
University of North Carolina at Chapel Hill,,,,Large,Public,4,,0.19,1360,1440,1520,30,32,34,,11140,15038,0.92,0.97,20576,15,135,5816,,,,Suburban,false,false,January 15,,17382,11,11140,0.38,,,,,,,82
University of North Carolina at Charlotte,,,,Large,Public,,,0.63,,1220,,,26,,,25000,12000,0.66,0.86,30000,,,,,,,Urban,true,false,2024-01-15,,8000,8000,25000,0.65,,,,,,,51
University of North Carolina at Greensboro,,,,Medium,Public,4,,0.65,1150,1242,1335,22,24,27,,10592,13484,0.58,0.79,14062,18,117,5913,,,,Urban,false,false,March 1,,13551,11,10592,0.72,,,,,,,51
University of North Carolina at Pembroke,,,,Medium,Public,4,,0.93,910,1020,1130,16,18,21,,9687,10025,0.45,0.72,5330,14,51,5534,,,,Rural,false,false,July 1,,11672,10,9687,0.68,,,,,,,36
University Of North Carolina At Wilmington,,,,Medium,Public,4,,0.64,1230,1285,1340,24,26,29,,18606,14268,0.71,0.88,14922,17,91,5907,,,,Urban,false,false,February 1,,11569,19,18606,0.46,,,,,,,56
University of North Dakota,,,,Medium,Public,4,,0.77,1120,1215,1310,21,24,27,,18227,11390,0.63,0.84,9981,17,163,6878,,,,Urban,false,false,August 15,,19031,18,18227,0.43,,,,,,,48
University of North Florida,,,,Medium,Public,4,,0.71,1070,1165,1260,19,22,25,,10628,11810,0.63,0.85,13357,19,99,5490,,,,Urban,false,false,May 1,,9282,11,10628,0.47,,,,,,,49
University of North Texas,,,,Large,Public,4,,0.72,990,1105,1220,19,23,27,,14675,11194,0.6,0.77,34341,26,151,6481,,,,Suburban,false,false,August 1,,15558,15,14675,0.59,,,,,,,44
University of North Texas Health Science Center at Fort Worth,,,,Medium,Public,,,0.5,,1250,,,27,,,20000,12000,0.6,0.8,8000,,,,,,,Urban,true,false,2024-01-15,,8000,8000,20000,0.6,,,,,,,55
University of Northern Colorado,,,,Medium,Public,4,,0.94,960,1065,1170,21,24,26,,51,17064,0.51,0.76,5645,14,89,4074,,,,Suburban,false,false,August 1,,20498,19,51,0.6,,,,,,,41
University of Northern Iowa,,,,Medium,Public,,,0.7,,1150,,,24,,,20000,12000,0.7,0.8,10000,,,,,,,Suburban,true,false,2024-01-15,,8000,8000,20000,0.6,,,,,,,49
University of Northern Virginia,,,,Small,Private For-Profit,,,0.7,,1100,,,25,,,15000,12000,0.5,0.7,1000,,,,,,,Suburban,true,false,Rolling,,8000,8000,15000,0.6,,,,,,,42
University of Northern Washington,,,,Medium,Public,,,0.75,,1150,,,24,,,25000,15000,0.65,0.8,12000,,,,,,,Suburban,true,false,2024-05-01,,10000,10000,25000,0.7,,,,,,,46
University of NorthWest,,,,Large,Public,,,0.5,,1250,,,27,,,25000,12000,0.65,0.75,20000,,,,,,,Suburban,true,false,2024-01-15,,8000,8000,25000,0.65,,,,,,,55
University of Notre Dame,,,,Medium,Private,4,,0.11,1470,1505,1540,33,34,35,,29083,18348,0.97,0.99,8818,8,94,1841,,,,Suburban,false,false,January 1,,67855,29,29083,0.46,,,,,,,87
University of Oklahoma,,,,Large,Public,4,,0.77,1160,1240,1320,23,26,29,,19900,15798,0.75,0.9,22734,17,147,6879,,,,Suburban,false,false,February 1,,16189,20,19900,0.47,,,,,,,51
University of Oklahoma Health Sciences Center,,,,Medium,Public,,,0.5,,1250,,,27,,,30000,12000,0.65,0.85,5000,,,,,,,Urban,false,false,2024-01-15,,8000,8000,30000,0.6,,,,,,,56
University of Oregon,,,,Large,Public,,,0.5,,1300,,,28,,,40000,13000,0.7,0.85,23000,,,,,,,Urban,true,false,2024-01-15,,8000,8000,40000,0.6,,,,,,,58
University of Osteopathic Medicine and Health Science,,,,Small,Private,,,0.5,,1200,,,25,,,25000,12000,0.7,0.8,2000,,,,,,,Urban,true,false,2024-01-15,,20000,20000,25000,0.7,,,,,,,53
University of Pennsylvania,,,,Medium,Private,4,,0.05,,1480,,34,35,36,,26017,19174,0.97,0.98,10013,8,220,,,,,Urban,false,false,January 5,,70971,26,26017,0.46,,,,,,,88
University Of Phoenix,,,,Large,Private,4,,0.8,,1050,,,21,,,13612,12000,0.14,0.42,20000,110,79,,,,,Urban,false,false,Not available,,10000,14,13612,0.6,,,,,,,6
University of Pittsburgh,,,,Large,Public,4,,0.58,640,680,720,29,31,33,,24338,14720,0.84,0.92,20256,13,259,2927,,,,Urban,false,false,July 30,,18561,24,24338,0.47,,,,,,,63
University of Pittsburgh at Bradford,,,,Small,Public,,,0.6,,1100,,,25,,,26000,12000,0.6,0.7,1200,,,,,,,Rural,true,false,2024-01-15,,8000,8000,26000,0.6,,,,,,,46
University of Pittsburgh at Greensburg,,,,Small,Public,4,,0.95,510,555,600,17,22,26,,17196,13720,0.4,0.69,1301,14,31,2936,,,,Suburban,false,false,August 20,,17088,17,17196,0.71,,,,,,,33
University Of Pittsburgh At Johnstown,,,,Small,Public,4,,0.97,,1150,,,24,,,17909,15790,0.54,0.76,3500,15,41,,,,,Suburban,false,false,Not available,,8000,18,17909,0.6,,,,,,,19
University of Portland,,,,Small,Private,4,,0.95,1168,1269,1370,25,28,31,,34951,18000,0.8,0.88,2957,11,50,,,,,Urban,false,false,January 15,,52322,35,34951,0.62,,,,,,,48
University of Puget Sound,,,,Small,Private,4,,0.88,,1300,,27,30,32,,42301,17316,0.68,0.88,1866,10,57,4067,,,,Urban,false,false,January 15,,82,42,42301,0.54,,,,,,,49
University of Redlands,,,,Small,Private,,,0.5,,1250,,,27,,,50000,13000,0.7,0.8,4000,,,,,,,Suburban,true,false,2024-01-15,,20000,20000,50000,0.7,,,,,,,55
University of Rhode Island,,,,Medium,Public,4,,0.72,1020,1140,1260,26,28,31,,20964,14638,0.7,0.83,13381,16,151,,,,,Rural,false,false,February 1,,17388,21,20964,0.71,,,,,,,54
University of Richmond,,,,Small,Private,,,0.22,1430,1470,1510,33,34,35,,35263,18010,0.88,0.91,2980,7,62,5569,,,,Suburban,false,false,January 1,,63291,35,35263,0.35,,,,,,,77
University of Rio Grande,,,,Small,Public,4,,0.7,,1050,,,21,,,26581,10800,0.18,0.53,2000,16,60,,,,,Rural,false,false,Not available,,8000,27,26581,0.6,,,,,,,10
University of Rochester,,,,Medium,Private,4,,0.4,1420,1460,1500,32,33,34,,40900,20466,0.84,0.9,6331,8,174,2928,,,,Urban,false,false,January 5,,65522,41,40900,0.47,,,,,,,71
University of San Diego,,,,Medium,Private,4,,0.52,,1350,,,30,,,37675,18230,0.82,0.91,5671,13,83,4849,,,,Urban,false,false,January 15,,59506,38,37675,0.53,,,,,,,43
University of San Francisco,,,,Medium,Private,,,0.45,,1300,,,28,,,55000,15000,0.84,0.87,10000,,,,,,,Urban,true,false,2024-01-15,,25000,25000,55000,0.75,,,,,,,62
University of Science and Arts of Oklahoma,,,,Small,Public,4,,0.66,,1100,,21,24,26,,8685,10940,0.36,0.66,941,13,24,6544,,,,Rural,false,false,Not available,,7000,9,8685,0.6,,,,,,,43
University of Scranton,,,,Small,Private,4,,0.81,1160,1230,1300,25,28,30,,32100,17380,0.81,0.85,3554,11,87,2929,,,,Urban,false,false,August 1,,42765,32,32100,0.75,,,,,,,52
University of Sioux Falls,,,,Small,Private,,,0.6,,1100,,,25,,,20000,12000,0.65,0.75,1200,,,,,,,Urban,true,false,2024-01-15,,15000,15000,20000,0.7,,,,,,,48
University of South Alabama,,,,Small,Public,4,,0.65,1030,1104,1178,19,22,26,,13613,14183,0.52,0.76,61,19,91,,,,,"$13,613",false,false,July 15,,14183,14,13613,0.6,,,,,,,42
University of South Carolina,,,,Large,Public,,,0.62,,1280,,,27,,,36000,13000,0.67,0.88,35000,,,,,,,Urban,true,false,2024-01-01,,8000,8000,36000,0.65,,,,,,,52
University of South Carolina - Aiken,,,,Small,Public,,,0.6,,1100,,,25,,,25000,12000,0.55,0.75,3000,,,,,,,Suburban,true,false,2024-01-15,,8000,8000,25000,0.6,,,,,,,48
University of South Carolina - Beaufort,,,,Small,Public,,,0.6,,1100,,,25,,,20000,12000,0.5,0.7,1500,,,,,,,Suburban,true,false,2024-01-15,,7000,7000,20000,0.6,,,,,,,45
University of South Carolina - Lancaster,,,,Small,Public,,,0.7,,1100,,,25,,,18000,12000,0.5,0.7,1000,,,,,,,Rural,true,false,Rolling,,8000,8000,18000,0.6,,,,,,,42
University of South Carolina - Salkehatchie,,,,Small,Public,,,0.7,,1100,,,25,,,18000,12000,0.5,0.7,500,,,,,,,Rural,true,false,Rolling,,7000,7000,18000,0.6,,,,,,,41
University of South Carolina - Spartanburg,,,,Medium,Public,,,0.6,,1100,,,25,,,36000,12000,0.6,0.75,5000,,,,,,,Suburban,true,false,2024-01-15,,8000,8000,36000,0.6,,,,,,,50
University of South Carolina - Sumter,,,,Small,Public,,,0.7,,1100,,,25,,,18000,12000,0.5,0.7,1000,,,,,,,Suburban,true,false,Rolling,,8000,8000,18000,0.6,,,,,,,42
University of South Carolina - Union,,,,Small,Public,,,0.7,,1100,,,24,,,18000,12000,0.5,0.7,800,,,,,,,Rural,true,false,2024-01-15,,8000,8000,18000,0.6,,,,,,,41
University of South Dakota,,,,Medium,Public,,,0.6,,1150,,,24,,,20000,12000,0.6,0.75,8000,,,,,,,Rural,true,false,2024-01-15,,8000,8000,20000,0.65,,,,,,,49
University of South Florida,,,,Large,Public,,,0.45,,1270,,,27,,,22000,12000,0.69,0.87,50000,,,,,,,Urban,true,false,2024-01-15,,8000,8000,22000,0.65,,,,,,,58
University of Southern California,,,,Large,Private,,,0.12,,1440,,,32,,,60000,15000,0.92,0.96,40000,,,,,,,Urban,true,false,2024-01-15,,20000,20000,60000,0.75,,,,,,,79
University of Southern Indiana,,,,Medium,Public,,,0.7,,1100,,,24,,,19000,12000,0.6,0.75,10000,,,,,,,Suburban,true,false,2024-01-15,,8000,8000,19000,0.6,,,,,,,47
University of Southern Maine,,,,Medium,Public,,,0.6,,1150,,,24,,,24000,13000,0.6,0.75,8000,,,,,,,Urban,true,false,2024-01-15,,8000,8000,24000,0.6,,,,,,,49
University of Southern Mississippi,,,,Medium,Public,,,0.6,,1100,,,25,,,22000,12000,0.6,0.75,14000,,,,,,,Suburban,true,false,2024-01-15,,8000,8000,22000,0.6,,,,,,,51
University of St. Francis,,,,Small,Private,,,0.5,,1150,,,24,,,32000,12000,0.65,0.75,3000,,,,,,,Suburban,true,false,2024-01-15,,15000,15000,32000,0.7,,,,,,,52
"University of St. Thomas, Houston",,,,Small,Private,,,0.55,,1200,,,25,,,35000,12000,0.65,0.8,3000,,,,,,,Urban,true,false,2024-01-15,,20000,20000,35000,0.75,,,,,,,51
"University of St. Thomas, St. Paul",,,,Medium,Private,,,0.6,,1230,,,26,,,47000,13000,0.75,0.85,10000,,,,,,,Urban,true,false,2024-01-15,,25000,25000,47000,0.75,,,,,,,54
University of Tampa,,,,Medium,Private,,,0.45,,1250,,,27,,,30000,13000,0.65,0.85,9000,,,,,,,Urban,true,false,2024-01-15,,15000,15000,30000,0.7,,,,,,,58
University of Tennessee - Chattanooga,,,,Medium,Public,,,0.6,,1150,,,24,,,24000,12000,0.55,0.75,11000,,,,,,,Urban,true,false,2024-01-15,,8000,8000,24000,0.65,,,,,,,49
University of Tennessee - Knoxville,,,,Large,Public,,,0.65,,1280,,,28,,,32000,13000,0.66,0.87,30000,,,,,,,Urban,true,false,2024-01-15,,8000,8000,32000,0.65,,,,,,,52
University of Tennessee - Martin,,,,Medium,Public,,,0.6,,1100,,,25,,,21000,12000,0.6,0.75,7000,,,,,,,Rural,true,false,2024-01-15,,8000,8000,21000,0.65,,,,,,,50
University of Tennessee - Memphis,,,,Medium,Public,,,0.6,,1200,,,25,,,30000,12000,0.6,0.75,15000,,,,,,,Urban,true,false,2024-01-15,,8000,8000,30000,0.65,,,,,,,51
University of Tennessee Space Institute,,,,Small,Public,,,0.6,,1200,,,25,,,30000,12000,0.6,0.75,1000,,,,,,,Rural,true,false,2024-01-15,,8000,8000,30000,0.6,,,,,,,47
University of Texas,,,,Large,Public,,,0.3,,1350,,,30,,,38000,12000,0.8,0.9,50000,,,,,,,Urban,true,false,2024-01-15,,8000,8000,38000,0.6,,,,,,,66
University of Texas at Arlington,,,,Large,Public,,,0.7,,1200,,,25,,,28000,12000,0.6,0.8,34000,,,,,,,Urban,true,false,2024-01-15,,8000,8000,28000,0.6,,,,,,,47
University of Texas at Austin,,,,Large,Public,,,0.32,,1360,,,30,,,45000,13000,0.84,0.94,50000,,,,,,,Urban,true,false,2024-01-15,,8000,8000,45000,0.58,,,,,,,67
University of Texas at Brownsville,,,,Medium,Public,,,0.65,,1100,,,24,,,24000,12000,0.55,0.75,8000,,,,,,,Urban,true,false,2024-01-15,,8000,8000,24000,0.6,,,,,,,47
University of Texas at Dallas,,,,Large,Public,,,0.3,,1350,,,30,,,40000,12000,0.7,0.85,30000,,,,,,,Suburban,true,false,2024-01-15,,8000,8000,40000,0.6,,,,,,,65
University of Texas at El Paso,,,,Large,Public,,,0.75,,1150,,,24,,,25000,12000,0.55,0.78,24000,,,,,,,Urban,true,false,2024-01-15,,8000,8000,25000,0.65,,,,,,,44
University of Texas at San Antonio,,,,Large,Public,,,0.68,,1200,,,25,,,25000,12000,0.58,0.77,34000,,,,,,,Urban,true,false,2024-01-15,,8000,8000,25000,0.62,,,,,,,47
University of Texas at Tyler,,,,Medium,Public,,,0.65,,1150,,,24,,,22000,12000,0.55,0.75,8000,,,,,,,Suburban,true,false,2024-01-15,,8000,8000,22000,0.6,,,,,,,47
University of Texas Health Center at Houston,,,,Medium,Public,,,0.5,,1300,,,28,,,30000,12000,0.6,0.85,15000,,,,,,,Urban,false,false,2024-01-15,,8000,8000,30000,0.6,,,,,,,57
University of Texas Health Center at Tyler,,,,Small,Public,,,0.5,,1200,,,25,,,24000,12000,0.6,0.8,1500,,,,,,,Urban,true,false,2024-01-15,,8000,8000,24000,0.6,,,,,,,51
University of Texas Health Science Center at San Antonio,,,,Medium,Public,,,0.5,,1300,,,28,,,30000,12000,0.7,0.85,15000,,,,,,,Urban,false,false,2024-01-15,,8000,8000,30000,0.6,,,,,,,58
University of Texas M.D. Anderson Cancer Center,,,,Medium,Public,,,0.3,,1350,,,30,,,30000,12000,0.85,0.9,15000,,,,,,,Urban,true,false,2024-01-15,,8000,8000,30000,0.6,,,,,,,68
University of Texas Medical Branch Galveston,,,,Medium,Public,,,0.5,,1300,,,28,,,30000,12000,0.65,0.85,12000,,,,,,,Urban,false,false,2024-01-15,,8000,8000,30000,0.6,,,,,,,57
University of Texas of the Permian Basin,,,,Medium,Public,,,0.7,,1100,,,25,,,21000,12000,0.5,0.7,6000,,,,,,,Urban,true,false,2024-08-01,,8000,8000,21000,0.6,,,,,,,45
University of Texas Pan American,,,,Large,Public,,,0.6,,1100,,,25,,,20000,12000,0.55,0.75,18000,,,,,,,Suburban,true,false,2024-01-15,,7000,7000,20000,0.6,,,,,,,50
University of Texas Southwestern Medical Center at Dallas,,,,Medium,Public,,,0.25,,1350,,,30,,,30000,12000,0.85,0.9,6000,,,,,,,Urban,false,false,2024-01-15,,8000,8000,30000,0.65,,,,,,,69
University of the Arts,,,,Small,Private,,,0.5,,1200,,,25,,,45000,15000,0.7,0.8,1200,,,,,,,Urban,true,false,2024-01-15,,20000,20000,45000,0.7,,,,,,,52
University of the District of Columbia,,,,Medium,Public,,,0.6,,1100,,,25,,,20000,12000,0.5,0.7,5000,,,,,,,Urban,true,false,2024-01-15,,8000,8000,20000,0.65,,,,,,,48
University of the Incarnate World,,,,Medium,Private,,,0.5,,1150,,,24,,,32000,12000,0.6,0.75,6000,,,,,,,Urban,true,false,2024-01-15,,15000,15000,32000,0.7,,,,,,,52
University of the Ozarks,,,,Small,Private,,,0.5,,1100,,,25,,,20000,12000,0.6,0.7,800,,,,,,,Rural,true,false,2024-01-15,,15000,15000,20000,0.7,,,,,,,49
University of the Pacific,,,,Medium,Private,,,0.6,,1250,,,27,,,52000,15000,0.7,0.8,6000,,,,,,,Suburban,true,false,2024-01-15,,20000,20000,52000,0.7,,,,,,,53
University of the Sciences in Philadelphia,,,,Small,Private,,,0.5,,1250,,,27,,,35000,13000,0.7,0.8,3000,,,,,,,Urban,true,false,2024-01-15,,20000,20000,35000,0.7,,,,,,,55
University of the South,,,,Small,Private,,,0.4,,1350,,,30,,,55000,13000,0.85,0.9,1500,,,,,,,Rural,true,false,2024-01-15,,25000,25000,55000,0.7,,,,,,,62
University of the Southwest,,,,Small,Private,,,0.6,,1100,,,25,,,20000,12000,0.6,0.7,800,,,,,,,Rural,true,false,Rolling,,15000,15000,20000,0.7,,,,,,,46
University of Toledo,,,,Large,Public,,,0.75,,1150,,,24,,,25000,12000,0.6,0.75,20000,,,,,,,Urban,true,false,2024-01-15,,8000,8000,25000,0.65,,,,,,,45
University of Tulsa,,,,Small,Private,,,0.5,,1250,,,27,,,40000,13000,0.7,0.8,4000,,,,,,,Urban,true,false,2024-01-15,,20000,20000,40000,0.7,,,,,,,55
University of Utah,,,,Large,Public,,,0.66,,1250,,,27,,,35000,13000,0.63,0.85,32000,,,,,,,Urban,true,false,2024-01-01,,8000,8000,35000,0.65,,,,,,,50
University of Vermont,,,,Medium,Public,,,0.67,,1300,,,28,,,45000,13000,0.75,0.87,13000,,,,,,,Suburban,true,false,2024-01-15,,10000,10000,45000,0.65,,,,,,,54
University of Virginia,,,,Large,Public,,,0.2,,1450,,,32,,,60000,15000,0.94,0.97,24000,,,,,,,Suburban,true,false,2024-01-01,,10000,10000,60000,0.6,,,,,,,74
"University of Virginia, College at Wise",,,,Small,Public,,,0.65,,1100,,,25,,,24000,12000,0.6,0.75,2500,,,,,,,Rural,true,false,2024-01-15,,8000,8000,24000,0.6,,,,,,,47
University of Washington,,,,Large,Public,,,0.5,,1360,,,31,,,38000,13000,0.84,0.93,47000,,,,,,,Urban,true,false,2024-01-15,,10000,10000,38000,0.6,,,,,,,62
"University of Washington, Tacoma",,,,Medium,Public,,,0.75,,1150,,,24,,,38000,15000,0.65,0.8,5000,,,,,,,Urban,true,false,2023-08-01,,12000,12000,38000,0.7,,,,,,,46
University of West Alabama,,,,Medium,Public,,,0.7,,1100,,,24,,,20000,12000,0.5,0.7,5000,,,,,,,Rural,true,false,2024-08-01,,8000,8000,20000,0.6,,,,,,,44
University of West Florida,,,,Medium,Public,,,0.55,,1200,,,25,,,18000,12000,0.65,0.75,13000,,,,,,,Suburban,true,false,2024-01-15,,7000,7000,18000,0.6,,,,,,,53
University of West Los Angeles,,,,Small,Private For-Profit,,,0.7,,1100,,,24,,,20000,12000,0.6,0.75,1000,,,,,,,Urban,true,false,Rolling,,10000,10000,20000,0.7,,,,,,,43
University of Wisconsin - Eau Claire,,,,Medium,Public,,,0.65,,1200,,,25,,,25000,12000,0.67,0.8,11000,,,,,,,Suburban,true,false,2024-01-01,,8000,8000,25000,0.65,,,,,,,50
University of Wisconsin - Green Bay,,,,Medium,Public,,,0.6,,1150,,,24,,,18000,12000,0.6,0.75,7000,,,,,,,Suburban,true,false,2024-01-01,,8000,8000,18000,0.6,,,,,,,49
University of Wisconsin - La Crosse,,,,Medium,Public,,,0.6,,1230,,,26,,,20000,12000,0.7,0.8,10000,,,,,,,Urban,true,false,2024-01-01,,8000,8000,20000,0.6,,,,,,,53
University of Wisconsin - Madison,,,,Large,Public,,,0.5,,1350,,,30,,,36000,13000,0.87,0.93,44000,,,,,,,Urban,true,false,2024-01-01,,8000,8000,36000,0.6,,,,,,,62
University of Wisconsin - Milwaukee,,,,Large,Public,,,0.6,,1200,,,25,,,25000,13000,0.6,0.75,24000,,,,,,,Urban,true,false,2024-01-01,,8000,8000,25000,0.6,,,,,,,50
University of Wisconsin - Oshkosh,,,,Medium,Public,,,0.6,,1150,,,24,,,20000,12000,0.6,0.75,12000,,,,,,,Suburban,true,false,2024-01-01,,8000,8000,20000,0.65,,,,,,,50
University of Wisconsin - Parkside,,,,Medium,Public,,,0.6,,1150,,,24,,,21000,12000,0.55,0.75,5000,,,,,,,Suburban,true,false,2024-01-15,,8000,8000,21000,0.6,,,,,,,49
University of Wisconsin - Platteville,,,,Medium,Public,,,0.65,,1150,,,24,,,18000,12000,0.65,0.75,7500,,,,,,,Rural,true,false,2024-01-15,,8000,8000,18000,0.6,,,,,,,49
University of Wisconsin - River Falls,,,,Medium,Public,,,0.6,,1150,,,24,,,18000,12000,0.65,0.78,6000,,,,,,,Suburban,true,false,2024-01-01,,8000,8000,18000,0.6,,,,,,,50
University of Wisconsin - Stevens Point,,,,Medium,Public,,,0.6,,1200,,,25,,,20000,12000,0.6,0.8,8000,,,,,,,Suburban,true,false,2024-01-01,,8000,8000,20000,0.6,,,,,,,51
University of Wisconsin - Stout,,,,Medium,Public,,,0.6,,1200,,,25,,,20000,12000,0.65,0.75,8000,,,,,,,Rural,true,false,2024-01-01,,8000,8000,20000,0.6,,,,,,,51
University of Wisconsin - Superior,,,,Small,Public,,,0.6,,1100,,,25,,,20000,12000,0.5,0.7,2500,,,,,,,Rural,true,false,2024-01-15,,8000,8000,20000,0.6,,,,,,,46
University of Wisconsin - Whitewater,,,,Medium,Public,,,0.6,,1110,,,24,,,18000,12000,0.6,0.75,12000,,,,,,,Suburban,true,false,2024-01-01,,8000,8000,18000,0.65,,,,,,,50
University of Wyoming,,,,Medium,Public,,,0.7,,1200,,,25,,,25000,12000,0.6,0.8,12000,,,,,,,Rural,true,false,2024-01-15,,8000,8000,25000,0.6,,,,,,,48
Upper Iowa University,,,,Small,Private,,,0.6,,1100,,,24,,,20000,12000,0.6,0.7,3000,,,,,,,Rural,true,false,Rolling,,10000,10000,20000,0.7,,,,,,,47
Urbana University,,,,Small,Private,,,0.6,,1100,,,25,,,15000,12000,0.5,0.7,1500,,,,,,,Suburban,true,false,2024-01-15,,8000,8000,15000,0.6,,,,,,,45
Ursinus College,,,,Small,Private,,,0.6,,1250,,,27,,,57000,14000,0.8,0.85,1500,,,,,,,Suburban,true,false,2024-01-15,,25000,25000,57000,0.8,,,,,,,53
Ursuline College,,,,Small,Private,,,0.5,,1150,,,24,,,30000,13000,0.7,0.75,800,,,,,,,Suburban,true,false,2024-01-15,,20000,20000,30000,0.8,,,,,,,50
Utah State University,,,,Large,Public,,,0.7,,1200,,,25,,,26000,12000,0.67,0.8,28000,,,,,,,Rural,true,false,2024-01-01,,8000,8000,26000,0.6,,,,,,,48
Utah Valley State College,,,,Large,Public,,,0.7,,1100,,,25,,,18000,12000,0.5,0.75,35000,,,,,,,Suburban,true,false,2024-01-15,,8000,8000,18000,0.6,,,,,,,45
Utica College,,,,Small,Private,,,0.5,,1150,,,24,,,30000,12000,0.6,0.7,3000,,,,,,,Urban,true,false,2024-01-15,,10000,10000,30000,0.7,,,,,,,50
Valdosta State University,,,,Medium,Public,,,0.6,,1100,,,25,,,18000,12000,0.5,0.7,10000,,,,,,,Urban,true,false,2024-01-01,,8000,8000,18000,0.6,,,,,,,48
Valley City State University,,,,Small,Public,,,0.7,,1100,,,24,,,16000,12000,0.6,0.75,1500,,,,,,,Rural,true,false,2024-08-01,,7000,7000,16000,0.6,,,,,,,43
Valley Forge Christian College,,,,Small,Private,,,0.6,,1100,,,25,,,20000,12000,0.7,0.75,800,,,,,,,Suburban,true,false,2024-01-15,,20000,20000,20000,0.8,,,,,,,48
Valparaiso University,,,,Medium,Private,,,0.5,,1200,,,25,,,40000,13000,0.7,0.8,5000,,,,,,,Suburban,true,false,2024-01-15,,20000,20000,40000,0.7,,,,,,,55
Vanderbilt University,,,,Medium,Private,,,0.1,,1480,,,33,,,57000,15000,0.9,0.95,13000,,,,,,,Urban,true,false,2024-01-01,,20000,20000,57000,0.7,,,,,,,81
VanderCook College of Music,,,,Small,Private,,,0.5,,1200,,,25,,,20000,12000,0.7,0.8,500,,,,,,,Urban,true,false,2024-01-15,,20000,20000,20000,0.7,,,,,,,51
Vanguard University of Southern California,,,,Small,Private,,,0.5,,1150,,,24,,,35000,13000,0.65,0.75,1500,,,,,,,Suburban,true,false,2024-01-15,,20000,20000,35000,0.8,,,,,,,50
Vassar College,,,,Small,Private,,,0.2,,1400,,,32,,,60000,15000,0.88,0.95,2400,,,,,,,Suburban,true,false,2024-01-01,,30000,30000,60000,0.75,,,,,,,71
Vennard College,,,,Small,Private,,,0.6,,1100,,,25,,,20000,12000,0.6,0.7,500,,,,,,,Rural,true,false,2024-01-01,,15000,15000,20000,0.8,,,,,,,46
Vermont Law School,,,,Small,Private,,,0.4,,1300,,,28,,,50000,15000,0.85,0.9,600,,,,,,,Rural,true,false,2024-01-15,,20000,20000,50000,0.7,,,,,,,60
Vermont Technical College,,,,Small,Public,,,0.6,,1100,,,24,,,30000,12000,0.6,0.75,1200,,,,,,,Rural,true,false,2024-01-15,,8000,8000,30000,0.6,,,,,,,46
Villa Julie College,,,,Small,Private,,,0.5,,1150,,,24,,,25000,12000,0.65,0.75,1500,,,,,,,Suburban,true,false,2024-01-15,,20000,20000,25000,0.7,,,,,,,50
Villanova University,,,,Medium,Private,,,0.25,,1400,,,32,,,60000,15000,0.89,0.95,10000,,,,,,,Suburban,true,false,2024-01-15,,25000,25000,60000,0.85,,,,,,,72
Virginia College,,,,Small,Private For-Profit,,,0.7,,1050,,,21,,,15000,12000,0.6,0.7,2000,,,,,,,Urban,true,false,Rolling,,8000,8000,15000,0.6,,,,,,,41
Virginia Commonwealth University,,,,Large,Public,,,0.6,,1200,,,25,,,35000,13000,0.6,0.8,29000,,,,,,,Urban,true,false,2024-01-15,,8000,8000,35000,0.6,,,,,,,50
Virginia Intermont College,,,,Small,Private,,,0.6,,1100,,,25,,,20000,12000,0.6,0.7,500,,,,,,,Rural,true,false,Rolling,,15000,15000,20000,0.7,,,,,,,46
Virginia International University,,,,Small,Private For-Profit,,,0.7,,1100,,,25,,,15000,12000,0.5,0.7,1000,,,,,,,Suburban,true,false,Rolling,,8000,8000,15000,0.6,,,,,,,42
Virginia Military Institute,,,,Small,Public,,,0.6,,1300,,,28,,,45000,13000,0.7,0.85,1700,,,,,,,Rural,false,false,2024-01-15,,8000,8000,45000,0.6,,,,,,,52
Virginia Polytechnic Institute and State University (Virginia Tech),,,,Large,Public,,,0.5,,1350,,,30,,,47000,12000,0.7,0.9,35000,,,,,,,Rural,true,false,2024-01-15,,8000,8000,47000,0.6,,,,,,,59
Virginia State University,,,,Medium,Public,,,0.65,,1100,,,24,,,25000,12000,0.55,0.75,5000,,,,,,,Suburban,true,false,2024-01-15,,8000,8000,25000,0.65,,,,,,,47
Virginia Union University,,,,Small,Private,,,0.6,,1000,,,20,,,12000,12000,0.5,0.7,1500,,,,,,,Urban,true,false,2024-01-15,,10000,10000,12000,0.7,,,,,,,42
Virginia Wesleyan College,,,,Small,Private,,,0.5,,1150,,,24,,,35000,13000,0.6,0.7,1200,,,,,,,Suburban,true,false,2024-01-15,,20000,20000,35000,0.75,,,,,,,49
Viterbo College,,,,Small,Private,,,0.5,,1150,,,24,,,32000,12000,0.65,0.75,2500,,,,,,,Urban,true,false,2024-01-15,,15000,15000,32000,0.7,,,,,,,51
Voorhees College,,,,Small,Private,,,0.7,,1000,,,20,,,12000,12000,0.5,0.7,600,,,,,,,Rural,true,false,Rolling,,8000,8000,12000,0.7,,,,,,,38
Wabash College,,,,Small,Private,,,0.54,,1300,,,28,,,55000,13000,0.85,0.88,900,,,,,,,Rural,true,false,2024-01-15,,25000,25000,55000,0.75,,,,,,,56
Wagner College,,,,Small,Private,,,0.55,,1200,,,25,,,50000,13000,0.65,0.75,2500,,,,,,,Urban,true,false,2024-01-15,,20000,20000,50000,0.85,,,,,,,50
Wake Forest University,,,,Medium,Private,,,0.3,,1350,,,30,,,57000,15000,0.87,0.93,8000,,,,,,,Suburban,true,false,2024-01-15,,25000,25000,57000,0.7,,,,,,,69
Walden University,,,,Large,Private For-Profit,,,0.7,,1100,,,25,,,12000,12000,0.6,0.75,30000,,,,,,,Urban,true,false,Rolling,,10000,10000,12000,0.7,,,,,,,47
Walla Walla College,,,,Small,Private,,,0.5,,1200,,,25,,,30000,12000,0.7,0.8,1500,,,,,,,Suburban,true,false,2024-01-15,,20000,20000,30000,0.8,,,,,,,52
Walsh College of Accountancy and Business Administration,,,,Small,Private,,,0.6,,1100,,,25,,,20000,12000,0.7,0.8,1000,,,,,,,Suburban,true,false,2024-01-15,,15000,15000,20000,0.7,,,,,,,49
Walsh University,,,,Small,Private,,,0.5,,1150,,,24,,,30000,12000,0.65,0.75,2500,,,,,,,Suburban,true,false,2024-01-15,,15000,15000,30000,0.7,,,,,,,51
Warner Pacific College,,,,Small,Private,,,0.5,,1100,,,25,,,20000,12000,0.6,0.7,700,,,,,,,Urban,true,false,2024-01-15,,20000,20000,20000,0.8,,,,,,,49
Warner Southern College,,,,Small,Private,,,0.6,,1100,,,25,,,20000,12000,0.6,0.7,800,,,,,,,Rural,true,false,2024-01-01,,15000,15000,20000,0.7,,,,,,,46
Warren Wilson College,,,,Small,Private,,,0.5,,1200,,,25,,,20000,12000,0.7,0.8,700,,,,,,,Rural,true,false,2024-01-15,,20000,20000,20000,0.75,,,,,,,51
Wartburg College,,,,Small,Private,,,0.5,,1150,,,24,,,40000,12000,0.7,0.8,1200,,,,,,,Rural,true,false,2024-01-15,,20000,20000,40000,0.7,,,,,,,51
Washburn University,,,,Medium,Public,,,0.6,,1100,,,24,,,20000,12000,0.5,0.7,6000,,,,,,,Urban,true,false,2024-08-01,,8000,8000,20000,0.6,,,,,,,47
Washington and Lee University,,,,Small,Private,,,0.2,,1440,,,32,,,58000,15000,0.9,0.95,1800,,,,,,,Rural,true,false,2024-01-01,,25000,25000,58000,0.7,,,,,,,71
Washington Bible College,,,,Small,Private,,,0.7,,1100,,,25,,,20000,12000,0.6,0.75,500,,,,,,,Suburban,true,false,Rolling,,20000,20000,20000,0.8,,,,,,,43
Washington College,,,,Small,Private,,,0.55,,1200,,,25,,,50000,13000,0.75,0.85,1300,,,,,,,Rural,true,false,2024-01-15,,25000,25000,50000,0.75,,,,,,,52
Washington State University,,,,Large,Public,,,0.7,,1220,,,25,,,35000,13000,0.7,0.8,30000,,,,,,,Rural,true,false,2024-01-31,,8000,8000,35000,0.6,,,,,,,49
"Washington State University, Spokane",,,,Medium,Public,,,0.6,,1200,,,25,,,30000,13000,0.68,0.85,5000,,,,,,,Urban,true,false,2024-01-15,,8000,8000,30000,0.65,,,,,,,52
"Washington State University, Tri-Cities",,,,Small,Public,,,0.75,,1100,,,24,,,30000,15000,0.65,0.8,1500,,,,,,,Suburban,true,false,2024-05-01,,10000,10000,30000,0.7,,,,,,,43
"Washington State University, Vancouver",,,,Small,Public,,,0.75,,1150,,,24,,,30000,15000,0.65,0.85,3000,,,,,,,Suburban,true,false,2024-01-15,,12000,12000,30000,0.7,,,,,,,45
Washington University in St. Louis,,,,Medium,Private,,,0.14,,1480,,,33,,,58000,15000,0.93,0.95,15000,,,,,,,Urban,true,false,2024-01-01,,20000,20000,58000,0.75,,,,,,,81
Wayland Baptist University,,,,Small,Private,,,0.6,,1100,,,25,,,20000,12000,0.6,0.7,3000,,,,,,,Rural,true,false,Rolling,,10000,10000,20000,0.7,,,,,,,48
Wayne State College,,,,Small,Public,,,0.7,,1100,,,24,,,16000,12000,0.6,0.75,3000,,,,,,,Rural,true,false,2024-08-01,,8000,8000,16000,0.6,,,,,,,45
Wayne State University,,,,Large,Public,,,0.6,,1150,,,24,,,30000,12000,0.6,0.8,26000,,,,,,,Urban,true,false,2024-01-15,,8000,8000,30000,0.6,,,,,,,50
Waynesburg College,,,,Small,Private,,,0.5,,1100,,,25,,,30000,12000,0.65,0.75,1200,,,,,,,Rural,true,false,2024-01-15,,15000,15000,30000,0.7,,,,,,,51
Webb Institute,,,,Small,Private,,,0.2,,1450,,,32,,,55000,15000,0.9,0.95,300,,,,,,,Suburban,false,false,2024-01-15,,20000,20000,55000,0.7,,,,,,,69
Webber College,,,,Small,Private,,,0.6,,1100,,,25,,,20000,12000,0.6,0.7,1000,,,,,,,Rural,true,false,2024-01-01,,15000,15000,20000,0.7,,,,,,,46
Weber State University,,,,Large,Public,,,0.7,,1100,,,25,,,24000,12000,0.6,0.75,30000,,,,,,,Suburban,true,false,2024-01-01,,8000,8000,24000,0.6,,,,,,,47
Webster University,,,,Medium,Private,,,0.5,,1200,,,25,,,30000,13000,0.7,0.75,7000,,,,,,,Urban,true,false,2024-01-15,,20000,20000,30000,0.8,,,,,,,55
Webster University North Florida,,,,Small,Private,,,0.5,,1200,,,25,,,30000,12000,0.6,0.75,3000,,,,,,,Suburban,true,false,2024-01-15,,15000,15000,30000,0.7,,,,,,,52
Weill Medical College of Cornell University,,,,Small,Private,,,0.1,,1500,,,34,,,60000,15000,0.95,0.95,2000,,,,,,,Urban,false,false,2024-01-15,,25000,25000,60000,0.8,,,,,,,79
Wellesley College,,,,Small,Private,,,0.2,,1450,,,33,,,60000,15000,0.9,0.95,2500,,,,,,,Suburban,true,false,2024-01-01,,25000,25000,60000,0.7,,,,,,,72
Wells College,,,,Small,Private,,,0.5,,1150,,,24,,,45000,13000,0.6,0.75,500,,,,,,,Rural,true,false,2024-01-15,,20000,20000,45000,0.8,,,,,,,48
Wentworth Institute of Technology,,,,Small,Private,,,0.5,,1300,,,28,,,40000,15000,0.7,0.85,4000,,,,,,,Urban,true,false,2024-01-15,,20000,20000,40000,0.7,,,,,,,56
Wesley College,,,,Small,Private,,,0.55,,1100,,,24,,,20000,12000,0.6,0.7,1200,,,,,,,Suburban,true,false,2024-01-15,,15000,15000,20000,0.75,,,,,,,47
Wesley College Mississippi,,,,Small,Private,,,0.6,,1100,,,25,,,20000,12000,0.6,0.7,1000,,,,,,,Urban,true,false,2024-01-15,,15000,15000,20000,0.7,,,,,,,46
Wesleyan College,,,,Small,Private,,,0.5,,1200,,,25,,,25000,12000,0.7,0.8,600,,,,,,,Urban,true,false,2024-01-15,,20000,20000,25000,0.7,,,,,,,51
Wesleyan University,,,,Small,Private,,,0.19,,1400,,,32,,,60000,15000,0.88,0.95,3000,,,,,,,Suburban,true,false,2024-01-01,,30000,30000,60000,0.75,,,,,,,77
West Chester University of Pennsylvania,,,,Medium,Public,,,0.65,,1200,,,25,,,20000,12000,0.7,0.8,15000,,,,,,,Suburban,true,false,2024-01-15,,8000,8000,20000,0.6,,,,,,,51
West Coast University,,,,Small,Private For-Profit,,,0.7,,1100,,,25,,,20000,12000,0.6,0.75,3000,,,,,,,Urban,true,false,Rolling,,10000,10000,20000,0.7,,,,,,,46
West Liberty State College,,,,Small,Public,,,0.6,,1100,,,25,,,20000,12000,0.6,0.7,3000,,,,,,,Rural,true,false,2024-01-15,,8000,8000,20000,0.6,,,,,,,48
West Suburban College of Nursing,,,,Small,Private,,,0.6,,1150,,,24,,,20000,12000,0.7,0.8,800,,,,,,,Suburban,true,false,Rolling,,10000,10000,20000,0.7,,,,,,,48
West Texas A&M University,,,,Medium,Public,,,0.65,,1100,,,24,,,20000,12000,0.58,0.75,10000,,,,,,,Rural,true,false,2024-08-01,,8000,8000,20000,0.65,,,,,,,48
West Virginia School of Osteopathic Medicine,,,,Small,Public,,,0.4,,1300,,,28,,,45000,12000,0.75,0.85,700,,,,,,,Rural,false,false,2024-01-15,,8000,8000,45000,0.6,,,,,,,58
West Virginia State College,,,,Small,Public,,,0.7,,1050,,,21,,,20000,12000,0.5,0.75,3500,,,,,,,Rural,true,false,2024-08-01,,7000,7000,20000,0.6,,,,,,,41
West Virginia University,,,,Large,Public,,,0.7,,1100,,,25,,,24000,12000,0.6,0.8,27000,,,,,,,Rural,true,false,2024-01-15,,8000,8000,24000,0.6,,,,,,,47
West Virginia University Institute of Technology,,,,Small,Public,,,0.6,,1100,,,25,,,24000,12000,0.5,0.7,1500,,,,,,,Rural,true,false,2024-07-01,,7000,7000,24000,0.6,,,,,,,45
West Virginia Wesleyan College,,,,Small,Private,,,0.55,,1150,,,24,,,30000,12000,0.65,0.75,1200,,,,,,,Rural,true,false,2024-01-15,,20000,20000,30000,0.75,,,,,,,48
Westbrook University,,,,Medium,Public,,,0.5,,1250,,,27,,,30000,12000,0.65,0.75,8000,,,,,,,Suburban,true,false,2024-01-15,,8000,8000,30000,0.65,,,,,,,55
Western Baptist College,,,,Small,Private,,,0.5,,1150,,,24,,,30000,12000,0.65,0.75,1000,,,,,,,Suburban,true,false,2024-01-15,,20000,20000,30000,0.7,,,,,,,50
Western Bible College,,,,Small,Private,,,0.6,,1100,,,25,,,20000,12000,0.7,0.75,800,,,,,,,Urban,true,false,2024-01-15,,15000,15000,20000,0.7,,,,,,,48
Western Carolina University,,,,Medium,Public,,,0.65,,1150,,,24,,,20000,12000,0.6,0.8,12000,,,,,,,Rural,true,false,2024-01-15,,8000,8000,20000,0.6,,,,,,,49
Western Connecticut State University,,,,Medium,Public,,,0.7,,1100,,,24,,,25000,15000,0.6,0.75,6000,,,,,,,Suburban,true,false,2024-06-01,,12000,12000,25000,0.8,,,,,,,46
Western Governors University,,,,Large,Public,,,0.7,,1100,,,25,,,14000,12000,0.5,0.7,30000,,,,,,,Urban,true,false,Rolling,,7000,7000,14000,0.6,,,,,,,45
Western Illinois University,,,,Medium,Public,,,0.6,,1100,,,24,,,25000,12000,0.5,0.7,8000,,,,,,,Rural,true,false,2024-01-15,,8000,8000,25000,0.6,,,,,,,47
Western International University,,,,Small,Private For-Profit,,,0.7,,1050,,,21,,,15000,12000,0.5,0.7,2000,,,,,,,Urban,true,false,Rolling,,8000,8000,15000,0.6,,,,,,,40
Western Kentucky University,,,,Large,Public,,,0.7,,1120,,,24,,,25000,12000,0.6,0.75,18000,,,,,,,Suburban,true,false,2024-01-15,,8000,8000,25000,0.6,,,,,,,47
Western Maryland College,,,,Small,Private,,,0.5,,1150,,,24,,,32000,12000,0.6,0.75,1500,,,,,,,Suburban,true,false,2024-01-15,,20000,20000,32000,0.7,,,,,,,49
Western Michigan University,,,,Large,Public,,,0.7,,1200,,,25,,,30000,12000,0.6,0.75,20000,,,,,,,Urban,true,false,2024-01-15,,8000,8000,30000,0.6,,,,,,,47
Western New England College,,,,Small,Private,,,0.5,,1150,,,24,,,38000,13000,0.65,0.75,3000,,,,,,,Urban,true,false,2024-01-15,,20000,20000,38000,0.7,,,,,,,52
Western New Mexico University,,,,Small,Public,,,0.7,,1050,,,21,,,15000,12000,0.5,0.7,2500,,,,,,,Rural,true,false,2024-08-01,,8000,8000,15000,0.6,,,,,,,40
Western Oregon University,,,,Medium,Public,,,0.6,,1100,,,25,,,25000,12000,0.6,0.75,5000,,,,,,,Rural,true,false,2024-01-15,,8000,8000,25000,0.65,,,,,,,50
Western State College,,,,Small,Public,,,0.6,,1150,,,24,,,25000,12000,0.6,0.75,3000,,,,,,,Rural,true,false,2024-01-15,,8000,8000,25000,0.6,,,,,,,48
Western State University College of Law,,,,Small,Public,,,0.5,,1300,,,28,,,45000,12000,0.6,0.8,800,,,,,,,Suburban,true,false,2024-01-15,,10000,10000,45000,0.6,,,,,,,52
Western State University College of Law - Orange County,,,,Small,Private,,,0.5,,1350,,,29,,,40000,15000,0.6,0.8,1000,,,,,,,Suburban,true,false,2024-06-01,,20000,20000,40000,0.7,,,,,,,53
Western States Chiropractic College,,,,Small,Private,,,0.6,,1100,,,25,,,20000,12000,0.7,0.8,800,,,,,,,Urban,true,false,Rolling,,10000,10000,20000,0.7,,,,,,,48
Western Washington University,,,,Large,Public,,,0.75,,1150,,,24,,,30000,15000,0.7,0.8,16000,,,,,,,Suburban,true,false,2024-05-01,,12000,12000,30000,0.7,,,,,,,47
Westfield State College,,,,Medium,Public,,,0.6,,1100,,,25,,,24000,13000,0.6,0.75,6000,,,,,,,Suburban,true,false,2024-01-01,,8000,8000,24000,0.6,,,,,,,50
Westminster College Fulton,,,,Small,Private,,,0.5,,1150,,,24,,,30000,12000,0.6,0.7,800,,,,,,,Rural,true,false,2024-01-15,,15000,15000,30000,0.7,,,,,,,48
Westminster College New Wilmington,,,,Small,Private,,,0.5,,1150,,,24,,,20000,12000,0.7,0.8,1200,,,,,,,Rural,true,false,2024-01-15,,15000,15000,20000,0.7,,,,,,,51
Westminster College of Salt Lake City,,,,Small,Private,,,0.5,,1200,,,25,,,35000,12000,0.7,0.8,1500,,,,,,,Urban,true,false,2024-01-15,,20000,20000,35000,0.75,,,,,,,52
Westmont College,,,,Small,Private,,,0.4,,1300,,,28,,,50000,13000,0.85,0.9,1300,,,,,,,Suburban,true,false,2024-01-15,,20000,20000,50000,0.8,,,,,,,60
Westwood College,,,,Medium,Private For-Profit,,,0.7,,1100,,,25,,,20000,12000,0.6,0.7,5000,,,,,,,Urban,true,false,Rolling,,10000,10000,20000,0.7,,,,,,,46
Wheaton College Massachusetts,,,,Small,Private,,,0.45,,1300,,,28,,,57000,15000,0.85,0.88,1800,,,,,,,Suburban,true,false,2024-01-15,,25000,25000,57000,0.75,,,,,,,59
Wheeling University,,,,Small,Private,4,,0.65,,1100,,,24,,,19164,13520,0.32,0.53,612,13,22,,,,,Suburban,false,false,Not available,,23568,19,19164,0.8,,,,,,,24
Wheelock College,,,,Small,Private,,,0.5,,1200,,,25,,,30000,14000,0.75,0.85,1000,,,,,,,Urban,true,false,2023-01-15,,20000,20000,30000,0.8,,,,,,,53
Whitman College,,,,Small,Private,4,,0.38,1330,1400,1470,29,31,33,,41601,15492,0.81,0.89,1531,9,68,,,,,Rural,false,false,January 15,,60896,42,41601,0.57,,,,,,,67
Whittier College,,,,Small,Private,4,,0.72,1060,1130,1200,21,24,27,,32436,16666,0.63,0.73,1488,10,37,,,,,Suburban,false,false,Not available,,20000,32,32436,0.75,,,,,,,47
Whitworth University,,,,Small,Private,4,,0.9,1100,1210,1320,21,25,29,,27491,14300,0.68,0.77,1858,10,66,4953,,,,Suburban,false,false,August 15,,55677,27,27491,0.68,,,,,,,44
Wichita State University,,,,Medium,Public,4,,0.72,913,1076,1240,18,22,25,,14184,13540,0.51,0.72,10777,19,160,6884,,,,Urban,false,false,Not available,,10187,14,14184,0.59,,,,,,,44
Widener University,,,,Small,Private,4,,0.84,1065,1155,1245,22,26,29,,30720,17120,0.64,0.78,2765,11,111,,,,,Suburban,false,false,November 1,,50112,31,30720,0.78,,,,,,,46
Wilberforce University,,,,Small,Private,4,,0.48,,1050,,14,16,18,,16,8610,0.16,0.7,800,19,22,,,,,Rural,false,false,Not available,,19,8,16,0.7,,,,,,,37
Wilbur Wright College,,,,Medium,Public,,,0.7,,1050,,,21,,,20000,12000,0.5,0.7,7000,,,,,,,Urban,true,false,2024-07-01,,7000,7000,20000,0.6,,,,,,,42
Wiley College,,,,Small,Private,4,,0.15,,1000,,13,14,15,,10290,7484,0.2,0.7,615,18,18,,,,,Urban,false,false,Not available,,10000,10,10290,0.7,,,,,,,52
Wilkes University,,,,Small,Private,4,,0.91,1020,1130,1240,22,26,29,,28508,16550,0.6,0.72,1985,13,61,,,,,Urban,false,false,June 15,,35596,29,28508,0.74,,,,,,,42
Willamette University,,,,Small,Private,4,,0.77,1250,1320,1390,28,30,32,,27716,16880,0.73,0.87,1620,12,53,4954,,,,Urban,false,false,January 15,,44626,28,27716,0.56,,,,,,,52
William Carey University,,,,Small,Private,4,,0.55,960,1065,1170,20,24,28,,17192,7560,0.41,1,1785,13,61,,,,,Suburban,false,false,Not available,,15000,17,17192,0.7,,,,,,,51
William Jewell College,,,,Small,Private,4,,0.34,1000,1060,1120,19,22,25,,17408,11516,0.62,0.77,824,10,47,6941,,,,Suburban,false,false,July 31,,21042,17,17408,0.41,,,,,,,56
William Mitchell College of Law,,,,Small,Private,,,0.5,,1500,,,34,,,40000,12000,0.75,0.85,700,,,,,,,Urban,true,false,2024-01-15,,20000,20000,40000,0.7,,,,,,,59
William Paterson University,,,,Medium,Public,,,0.6,,1100,,,25,,,25000,12000,0.6,0.75,11000,,,,,,,Suburban,true,false,2024-01-15,,8000,8000,25000,0.6,,,,,,,50
William Penn University,,,,Small,Private,4,,0.52,830,925,1020,16,19,22,,22361,8618,0.29,0.58,1301,15,59,6943,,,,Rural,false,false,August 25,,15000,22,22361,0.7,,,,,,,41
William Tyndale College,,,,Small,Private,,,0.5,,1150,,,24,,,20000,12000,0.65,0.75,800,,,,,,,Urban,true,false,Rolling,,20000,20000,20000,0.7,,,,,,,49
William Woods University,,,,Small,Private,4,,0.68,,1100,,,24,,,22925,12000,0.57,0.67,725,10,48,6944,,,,Rural,false,false,Not available,,15000,23,22925,0.7,,,,,,,29
Williams Baptist University,,,,Small,Private,4,,0.64,,1100,,19,22,24,,16658,10390,0.35,0.21,593,16,20,6658,,,,Rural,false,false,Not available,,15000,17,16658,0.7,,,,,,,36
Williams College,,,,Small,Private,4,,0.08,1500,1530,1560,34,34,35,,16988,18240,0.97,0.96,2071,7,41,3965,,,,Rural,false,false,January 6,,76769,17,16988,0.52,,,,,,,84
Wilmington College,,,,Small,Private,4,,0.73,940,1070,1200,18,21,24,,24915,12640,0.55,0.65,1000,13,33,1909,,,,Rural,false,false,Not available,,10000,25,24915,0.7,,,,,,,40
Wilson College,,,,Small,Private,4,,0.92,960,1025,1090,26,26,26,,21567,12432,0.52,0.74,861,15,42,,,,,Rural,false,false,Not available,,25243,22,21567,0.7,,,,,,,39
Wingate University,,,,Small,Private,4,,0.91,1020,1110,1200,18,22,25,,21464,11566,0.47,0.7,2668,15,45,5908,,,,Suburban,false,false,Not available,,36559,21,21464,0.75,,,,,,,37
Winona State University,,,,Medium,Public,4,,0.69,970,1100,1230,19,22,25,,18919,10240,0.6,0.76,5095,16,97,6680,,,,Urban,false,false,July 13,,9390,19,18919,0.5,,,,,,,47
Winston-Salem State University,,,,Small,Public,4,,0.78,920,970,1020,15,18,20,,12948,11484,0.49,0.77,4170,17,45,,,,,Urban,false,false,August 15,,13638,13,12948,0.84,,,,,,,39
Winthrop University,,,,Small,Public,4,,0.79,1020,1110,1200,20,24,27,,16838,13390,0.61,0.73,3523,13,66,5910,,,,Suburban,false,false,Not available,,19635,17,16838,0.73,,,,,,,45
Wisconsin Lutheran College,,,,Small,Private,4,,0.78,1048,1139,1230,,24,,,22809,12600,0.63,0.72,929,11,57,1513,,,,Suburban,false,false,Not available,,27597,23,22809,0.76,,,,,,,43
Wisconsin School of Professional Psychology,,,,Small,Private,,,0.5,,1200,,,25,,,20000,12000,0.7,0.8,300,,,,,,,Urban,true,false,Rolling,,15000,15000,20000,0.7,,,,,,,51
Wittenberg University,,,,Small,Private,4,,0.72,1020,1145,1270,21,24,28,,21457,12472,0.54,0.63,1215,12,42,1922,,,,Suburban,false,false,August 1,,42525,21,21457,0.65,,,,,,,44
Wofford College,,,,Small,Private,4,,0.52,1210,1275,1340,27,29,31,,31061,16870,0.81,0.9,1816,12,32,5912,,,,Urban,false,false,January 15,,53094,31,31061,0.54,,,,,,,61
Woodbury University,,,,Small,Private,,,0.5,,1200,,,25,,,35000,12000,0.65,0.75,1500,,,,,,,Suburban,true,false,2024-01-15,,20000,20000,35000,0.7,,,,,,,51
Worcester Polytechnic Institute,,,,Medium,Private,4,,0.6,,1450,,,32,,,47799,18422,0.88,0.94,5447,13,63,3969,,,,Suburban,false,false,February 1,,38924,48,47799,0.54,,,,,,,42
Worcester State University,,,,Small,Public,4,,0.88,1060,1135,1210,22,25,28,,14307,14891,0.56,0.78,3930,16,73,3524,,,,Urban,false,false,May 1,,12687,14,14307,0.62,,,,,,,42
Wright Institute,,,,Small,Private,,,0.5,,1200,,,25,,,30000,15000,0.7,0.8,500,,,,,,,Urban,true,false,Rolling,,20000,20000,30000,0.7,,,,,,,51
Wright State University,,,,Medium,Public,,,0.6,,1150,,,24,,,25000,12000,0.5,0.7,12000,,,,,,,Suburban,true,false,2024-01-15,,8000,8000,25000,0.6,,,,,,,48
Xavier University,,,,Medium,Private,,,0.65,,1230,,,27,,,45000,13000,0.75,0.85,7000,,,,,,,Urban,true,false,2024-01-15,,20000,20000,45000,0.75,,,,,,,53
Xavier University of Louisiana,,,,Small,Private,,,0.5,,1150,,,24,,,15000,12000,0.6,0.75,3500,,,,,,,Urban,true,false,2024-01-15,,15000,15000,15000,0.7,,,,,,,51
Yale University,,,,Medium,Private,,,0.05,,1480,,,33,,,60000,15000,0.94,0.98,14000,,,,,,,Urban,true,false,2024-01-02,,20000,20000,60000,0.7,,,,,,,82
Yeshiva University,,,,Medium,Private,,,0.3,,1350,,,30,,,50000,15000,0.85,0.9,6000,,,,,,,Urban,true,false,2024-01-01,,20000,20000,50000,0.8,,,,,,,68
York College Nebraska,,,,Small,Private,,,0.6,,1100,,,25,,,25000,12000,0.6,0.7,800,,,,,,,Rural,true,false,Rolling,,15000,15000,25000,0.7,,,,,,,46
York College of Pennsylvania,,,,Medium,Private,,,0.5,,1150,,,25,,,20000,12000,0.6,0.75,5000,,,,,,,Suburban,true,false,2024-01-15,,10000,10000,20000,0.7,,,,,,,53
York University,,,,Medium,International,,,0.6,,1200,,,25,,,30000,12000,0.65,0.75,8000,,,,,,,Not available,false,false,Not available,,8000,8000,30000,0.65,,,,,,,
Yorker International University,,,,Medium,Private,,,0.5,,1200,,,25,,,25000,12000,0.7,0.8,8000,,,,,,,Urban,true,false,2024-01-01,,15000,15000,25000,0.7,,,,,,,55
Youngstown State University,,,,Medium,Public,,,0.7,,1100,,,24,,,20000,12000,0.5,0.75,12000,,,,,,,Urban,true,false,2024-01-15,,8000,8000,20000,0.6,,,,,,,45
Academy of Art College,,,,Small,Private,4,,1,,,,,,,,36591,37196,0.37,1,3605,14,39,,,,,Urban,false,false,Not available,,10880,37,36591,0.52,,,,,,,21
Adams State College,,,,Small,Public,4,,0.99,935,1020,1105,17,22,26,,13800,10750,0.27,0.54,1307,13,34,,,,,Rural,false,false,Not available,,14054,14,13800,0.76,,,,,,,29
Alvernia College,,,,Small,Private,4,,0.58,1103,1182,1260,23,23,23,,26166,15850,0.58,0.72,2152,14,57,2431,,,,Suburban,false,false,Not available,,35859,26,26166,0.81,,,,,,,50
Antioch University,,,,Small,Private,4,,0.89,,,,,,,,10979,7640,0.26,0.72,121,6,12,1017,,,,Rural,false,false,August 1,,36025,11,10979,0.95,,,,,,,19
"Arkansas State University, Beebe",,,,Small,Public,2,,,,,,,,,,8996,6550,,0.62,2367,15,37,,,,,Suburban,false,false,Not available,,,9,8996,,,,,,,,11
"Arkansas State University, Mountain Home",,,,Unknown,Public,2,,,,,,,,,,9661,,,0.63,,14,40,,,,,Suburban,false,false,Not available,,,10,9661,,,,,,,,9
"Arkansas State University, Newport",,,,Small,Public,2,,,,,,,,,,8563,,,0.55,1308,11,35,,,,,Rural,false,false,Not available,,,9,8563,,,,,,,,10
Arlington Baptist College,,,,Unknown,Private,4,,,,,,,,,,26503,9166,0.05,0.33,,18,5,,,,,Urban,false,false,Not available,,,27,26503,,,,,,,,6
California Maritime Academy,,,,Unknown,Public,4,,0.96,,,,,,,,16081,15190,0.67,0.73,,12,11,,,,,Suburban,false,false,Not available,,14099,16,16081,,,,,,,,22
"California State University, Bakersfield",,,,Medium,Public,4,,0.85,940,1050,1160,19,23,27,,6567,15598,0.49,0.78,8577,19,50,,,,,Suburban,false,false,November 30,,14622,7,6567,0.82,,,,,,,41
"California State University, Channel Islands",,,,Unknown,Public,4,,0.86,,,,,,,,10931,17590,0.53,0.75,,17,34,,,,,Rural,false,false,Not available,,,11,10931,,,,,,,,22
"California State University, Chico",,,,Medium,Public,4,,0.92,990,1142,1293,23,26,28,,15187,16500,0.64,0.81,13231,21,90,4048,,,,Rural,false,false,December 15,,12112,15,15187,0.57,,,,,,,44
"California State University, Dominguez Hills",,,,Medium,Public,4,,0.89,790,860,930,15,15,15,,4438,19182,0.47,0.71,13318,25,78,,,,,Suburban,false,false,Not available,,6626,4,4438,0.68,,,,,,,32
"California State University, Fresno",,,,Large,Public,4,,0.94,920,1055,1190,21,24,28,,7303,11960,0.55,0.81,21540,23,100,,,,,Urban,false,false,December 15,,14723,7,7303,0.73,,,,,,,40
"California State University, Fullerton",,,,Large,Public,4,,0.91,860,965,1070,22,26,30,,6283,21157,0.69,0.82,38383,25,85,,,,,Suburban,false,false,November 30,,8692,6,6283,0.52,,,,,,,43
"California State University, Sacramento",,,,Large,Public,4,,0.94,880,990,1100,16,20,24,,11183,19644,0.56,0.8,28825,21,80,4671,,,,Urban,false,false,December 15,,15909,11,11183,0.7,,,,,,,37
"California State University, San Marcos",,,,Medium,Public,4,,0.95,880,975,1070,18,20,23,,10500,17138,0.54,0.78,14877,24,61,5677,,,,Suburban,false,false,January 31,,13135,11,10500,0.61,,,,,,,36
Concord College,,,,Small,Public,4,,0.93,890,980,1070,17,20,24,,10630,12046,0.42,0.65,1504,16,26,5120,,,,Rural,false,false,Not available,,12468,11,10630,0.75,,,,,,,32
"Concordia College, Moorhead",,,,Small,Private,4,,0.68,1020,1145,1270,21,24,27,,25488,11420,0.72,0.8,1954,12,47,,,,,Suburban,false,false,July 1,,,25,25488,,,,,,,,50
"Concordia College, St. Paul",,,,Small,Private,4,,0.77,,,,17,21,25,,58,12500,0.58,0.68,2945,18,73,6114,,,,Urban,false,false,August 1,,18,18,58,,,,,,,,41
"Concordia University, Irvine",,,,Small,Private,4,,0.81,1060,1160,1260,21,25,29,,29413,14980,0.63,0.76,1580,15,45,4069,,,,Suburban,false,false,Not available,,28618,29,29413,0.69,,,,,,,44
Cumberland College,,,,Unknown,Private,4,,0.66,,,,,,,,17669,10860,0.42,0.59,,16,54,,,,,Suburban,false,false,Not available,,,18,17669,,,,,,,,25
Daemen College,,,,Small,Private,4,,0.69,1130,1200,1270,22,25,28,,18944,9100,0.58,0.75,1352,12,71,,,,,Suburban,false,false,Not available,,30497,19,18944,0.84,,,,,,,47
Delaware Valley College,,,,Small,Private,4,,0.93,1085,1178,1270,23,26,30,,28401,15430,0.52,0.69,1628,14,42,2510,,,,Suburban,false,false,September 1,,39044,28,28401,0.77,,,,,,,39
Doane College,,,,Small,Private,4,,0.98,998,1084,1170,20,22,25,,56,12786,0.56,0.79,980,10,55,6165,,,,Rural,false,false,July 1,,10,26,56,,,,,,,,37
Georgian Court College,,,,Small,Private,4,,0.71,1055,1165,1275,20,22,24,,21072,13600,0.55,0.76,1174,11,50,2274,,,,Suburban,false,false,August 15,,36001,21,21072,0.76,,,,,,,45
Glenville State College,,,,Small,Public,4,,1,850,935,1020,16,19,22,,16745,11726,0.39,0.63,1184,17,23,5254,,,,Rural,false,false,Not available,,,17,16745,,,,,,,,28
God's Bible School and College,,,,Unknown,Private,4,,0.64,,,,,,,,7233,5160,0.64,0.78,,9,15,,,,,Urban,false,false,Not available,,,7,7233,,,,,,,,32
Graceland College,,,,Small,Private,4,,0.81,950,1025,1100,17,20,23,,16632,11460,0.38,0.56,791,12,38,6249,,,,Rural,false,false,Not available,,20278,17,16632,0.72,,,,,,,35
Grand View College,,,,Small,Private,4,,0.98,860,1015,1170,17,20,23,,22296,29690,0.56,0.68,81,12,59,,,,,"$22,296",false,false,August 15,,29690,22,22296,0.81,,,,,,,33
